[25May2026 10:06:04.714] [main/INFO] [cpw.mods.modlauncher.Launcher/MODLAUNCHER]: ModLauncher running: args [--launchTarget, forgeclientuserdev, --version, MOD_DEV, --assetIndex, 5, --assetsDir, C:\Users\cornw\.gradle\caches\forge_gradle\assets, --gameDir, ., --fml.forgeVersion, 47.4.20, --fml.mcVersion, 1.20.1, --fml.forgeGroup, net.minecraftforge, --fml.mcpVersion, 20230612.114412, --mixin.config, recruitstacz.mixins.json]
[25May2026 10:06:04.719] [main/INFO] [cpw.mods.modlauncher.Launcher/MODLAUNCHER]: ModLauncher 10.0.9+10.0.9+main.dcd20f30 starting: java version 17.0.15 by Eclipse Adoptium; OS Windows 11 arch amd64 version 10.0
[25May2026 10:06:04.747] [main/DEBUG] [cpw.mods.modlauncher.LaunchServiceHandler/MODLAUNCHER]: Found launch services [fmlclientdev,forgeclient,minecraft,forgegametestserverdev,fmlserveruserdev,fmlclient,fmldatauserdev,forgeserverdev,forgeserveruserdev,forgeclientdev,forgeclientuserdev,forgeserver,forgedatadev,fmlserver,fmlclientuserdev,fmlserverdev,forgedatauserdev,testharness,forgegametestserveruserdev]
[25May2026 10:06:04.761] [main/DEBUG] [cpw.mods.modlauncher.NameMappingServiceHandler/MODLAUNCHER]: Found naming services : [srgtomcp]
[25May2026 10:06:04.779] [main/DEBUG] [cpw.mods.modlauncher.LaunchPluginHandler/MODLAUNCHER]: Found launch plugins: [mixin,eventbus,slf4jfixer,object_holder_definalize,runtime_enum_extender,capability_token_subclass,accesstransformer,runtimedistcleaner]
[25May2026 10:06:04.790] [main/DEBUG] [cpw.mods.modlauncher.TransformationServicesHandler/MODLAUNCHER]: Discovering transformation services
[25May2026 10:06:04.794] [main/DEBUG] [net.minecraftforge.fml.loading.FMLPaths/CORE]: Path GAMEDIR is C:\Users\cornw\OneDrive\Documents\Minecraft Modding\Forge\recruitsTACZ\run
[25May2026 10:06:04.796] [main/DEBUG] [net.minecraftforge.fml.loading.FMLPaths/CORE]: Path MODSDIR is C:\Users\cornw\OneDrive\Documents\Minecraft Modding\Forge\recruitsTACZ\run\mods
[25May2026 10:06:04.796] [main/DEBUG] [net.minecraftforge.fml.loading.FMLPaths/CORE]: Path CONFIGDIR is C:\Users\cornw\OneDrive\Documents\Minecraft Modding\Forge\recruitsTACZ\run\config
[25May2026 10:06:04.796] [main/DEBUG] [net.minecraftforge.fml.loading.FMLPaths/CORE]: Path FMLCONFIG is C:\Users\cornw\OneDrive\Documents\Minecraft Modding\Forge\recruitsTACZ\run\config\fml.toml
[25May2026 10:06:04.827] [main/DEBUG] [cpw.mods.modlauncher.TransformationServicesHandler/MODLAUNCHER]: Found additional transformation services from discovery services: 
[25May2026 10:06:04.832] [main/INFO] [net.minecraftforge.fml.loading.ImmediateWindowHandler/]: Loading ImmediateWindowProvider fmlearlywindow
[25May2026 10:06:04.891] [main/INFO] [EARLYDISPLAY/]: Trying GL version 4.6
[25May2026 10:06:05.053] [main/INFO] [EARLYDISPLAY/]: Requested GL version 4.6 got version 4.6
[25May2026 10:06:05.090] [main/DEBUG] [cpw.mods.modlauncher.TransformationServicesHandler/MODLAUNCHER]: Found transformer services : [mixin,fml]
[25May2026 10:06:05.090] [main/DEBUG] [cpw.mods.modlauncher.TransformationServicesHandler/MODLAUNCHER]: Transformation services loading
[25May2026 10:06:05.091] [main/DEBUG] [cpw.mods.modlauncher.TransformationServiceDecorator/MODLAUNCHER]: Loading service mixin
[25May2026 10:06:05.091] [main/DEBUG] [cpw.mods.modlauncher.TransformationServiceDecorator/MODLAUNCHER]: Loaded service mixin
[25May2026 10:06:05.091] [main/DEBUG] [cpw.mods.modlauncher.TransformationServiceDecorator/MODLAUNCHER]: Loading service fml
[25May2026 10:06:05.092] [main/DEBUG] [net.minecraftforge.fml.loading.LauncherVersion/CORE]: Found FMLLauncher version 1.0
[25May2026 10:06:05.092] [main/DEBUG] [net.minecraftforge.fml.loading.FMLLoader/CORE]: FML 1.0 loading
[25May2026 10:06:05.092] [main/DEBUG] [net.minecraftforge.fml.loading.FMLLoader/CORE]: FML found ModLauncher version : 10.0.9+10.0.9+main.dcd20f30
[25May2026 10:06:05.092] [main/DEBUG] [net.minecraftforge.fml.loading.FMLLoader/CORE]: Requesting CoreMods to not apply the fix for ASMAPI.findFirstInstructionBefore by default
[25May2026 10:06:05.093] [main/DEBUG] [net.minecraftforge.fml.loading.FMLLoader/CORE]: FML found AccessTransformer version : 8.0.4+66+master.c09db6d7
[25May2026 10:06:05.093] [main/DEBUG] [net.minecraftforge.fml.loading.FMLLoader/CORE]: FML found EventBus version : 6.2.33
[25May2026 10:06:05.094] [main/DEBUG] [net.minecraftforge.fml.loading.FMLLoader/CORE]: Found Runtime Dist Cleaner
[25May2026 10:06:05.094] [main/DEBUG] [net.minecraftforge.coremod.CoreModEngine/]: CoreMods will preserve legacy behavior of ASMAPI.findFirstInstructionBefore for backwards-compatibility
[25May2026 10:06:05.094] [main/DEBUG] [net.minecraftforge.fml.loading.FMLLoader/CORE]: FML found CoreMod version : 5.2.4
[25May2026 10:06:05.095] [main/DEBUG] [net.minecraftforge.fml.loading.FMLLoader/CORE]: Found ForgeSPI package implementation version 7.0.1+7.0.1+master.d2b38bf6
[25May2026 10:06:05.095] [main/DEBUG] [net.minecraftforge.fml.loading.FMLLoader/CORE]: Found ForgeSPI package specification 5
[25May2026 10:06:05.095] [main/DEBUG] [cpw.mods.modlauncher.TransformationServiceDecorator/MODLAUNCHER]: Loaded service fml
[25May2026 10:06:05.096] [main/DEBUG] [cpw.mods.modlauncher.TransformationServicesHandler/MODLAUNCHER]: Configuring option handling for services
[25May2026 10:06:05.100] [main/DEBUG] [cpw.mods.modlauncher.TransformationServicesHandler/MODLAUNCHER]: Transformation services initializing
[25May2026 10:06:05.101] [main/DEBUG] [cpw.mods.modlauncher.TransformationServiceDecorator/MODLAUNCHER]: Initializing transformation service mixin
[25May2026 10:06:05.111] [main/DEBUG] [mixin/]: MixinService [ModLauncher] was successfully booted in cpw.mods.cl.ModuleClassLoader@c267ef4
[25May2026 10:06:05.121] [main/INFO] [mixin/]: SpongePowered MIXIN Subsystem Version=0.8.5 Source=union:/C:/Users/cornw/.gradle/caches/modules-2/files-2.1/org.spongepowered/mixin/0.8.5/9d1c0c3a304ae6697ecd477218fa61b850bf57fc/mixin-0.8.5.jar%23128!/ Service=ModLauncher Env=CLIENT
[25May2026 10:06:05.124] [main/DEBUG] [mixin/]: Initialising Mixin Platform Manager
[25May2026 10:06:05.124] [main/DEBUG] [mixin/]: Adding mixin platform agents for container ModLauncher Root Container(ModLauncher:4f56a0a2)
[25May2026 10:06:05.126] [main/DEBUG] [mixin/]: Instancing new MixinPlatformAgentMinecraftForge for ModLauncher Root Container(ModLauncher:4f56a0a2)
[25May2026 10:06:05.126] [main/DEBUG] [mixin/]: MixinPlatformAgentMinecraftForge rejected container ModLauncher Root Container(ModLauncher:4f56a0a2)
[25May2026 10:06:05.126] [main/DEBUG] [mixin/]: Instancing new MixinPlatformAgentDefault for ModLauncher Root Container(ModLauncher:4f56a0a2)
[25May2026 10:06:05.126] [main/DEBUG] [mixin/]: MixinPlatformAgentDefault accepted container ModLauncher Root Container(ModLauncher:4f56a0a2)
[25May2026 10:06:05.129] [main/DEBUG] [cpw.mods.modlauncher.TransformationServiceDecorator/MODLAUNCHER]: Initialized transformation service mixin
[25May2026 10:06:05.129] [main/DEBUG] [cpw.mods.modlauncher.TransformationServiceDecorator/MODLAUNCHER]: Initializing transformation service fml
[25May2026 10:06:05.129] [main/DEBUG] [net.minecraftforge.fml.loading.FMLServiceProvider/CORE]: Setting up basic FML game directories
[25May2026 10:06:05.130] [main/DEBUG] [net.minecraftforge.fml.loading.FMLPaths/CORE]: Path GAMEDIR is C:\Users\cornw\OneDrive\Documents\Minecraft Modding\Forge\recruitsTACZ\run
[25May2026 10:06:05.130] [main/DEBUG] [net.minecraftforge.fml.loading.FMLPaths/CORE]: Path MODSDIR is C:\Users\cornw\OneDrive\Documents\Minecraft Modding\Forge\recruitsTACZ\run\mods
[25May2026 10:06:05.130] [main/DEBUG] [net.minecraftforge.fml.loading.FMLPaths/CORE]: Path CONFIGDIR is C:\Users\cornw\OneDrive\Documents\Minecraft Modding\Forge\recruitsTACZ\run\config
[25May2026 10:06:05.130] [main/DEBUG] [net.minecraftforge.fml.loading.FMLPaths/CORE]: Path FMLCONFIG is C:\Users\cornw\OneDrive\Documents\Minecraft Modding\Forge\recruitsTACZ\run\config\fml.toml
[25May2026 10:06:05.130] [main/DEBUG] [net.minecraftforge.fml.loading.FMLServiceProvider/CORE]: Loading configuration
[25May2026 10:06:05.135] [main/DEBUG] [net.minecraftforge.fml.loading.FMLServiceProvider/CORE]: Preparing ModFile
[25May2026 10:06:05.137] [main/DEBUG] [net.minecraftforge.fml.loading.FMLServiceProvider/CORE]: Preparing launch handler
[25May2026 10:06:05.138] [main/DEBUG] [net.minecraftforge.fml.loading.FMLLoader/CORE]: Using forgeclientuserdev as launch service
[25May2026 10:06:05.148] [main/DEBUG] [net.minecraftforge.fml.loading.FMLLoader/CORE]: Received command line version data  : VersionInfo[forgeVersion=47.4.20, mcVersion=1.20.1, mcpVersion=20230612.114412, forgeGroup=net.minecraftforge]
[25May2026 10:06:05.150] [main/DEBUG] [cpw.mods.modlauncher.TransformationServiceDecorator/MODLAUNCHER]: Initialized transformation service fml
[25May2026 10:06:05.151] [main/DEBUG] [cpw.mods.modlauncher.NameMappingServiceHandler/MODLAUNCHER]: Current naming domain is 'mcp'
[25May2026 10:06:05.151] [main/DEBUG] [cpw.mods.modlauncher.NameMappingServiceHandler/MODLAUNCHER]: Identified name mapping providers {srg=srgtomcp:1234}
[25May2026 10:06:05.151] [main/DEBUG] [cpw.mods.modlauncher.TransformationServicesHandler/MODLAUNCHER]: Transformation services begin scanning
[25May2026 10:06:05.153] [main/DEBUG] [cpw.mods.modlauncher.TransformationServiceDecorator/MODLAUNCHER]: Beginning scan trigger - transformation service mixin
[25May2026 10:06:05.153] [main/DEBUG] [cpw.mods.modlauncher.TransformationServiceDecorator/MODLAUNCHER]: End scan trigger - transformation service mixin
[25May2026 10:06:05.153] [main/DEBUG] [cpw.mods.modlauncher.TransformationServiceDecorator/MODLAUNCHER]: Beginning scan trigger - transformation service fml
[25May2026 10:06:05.153] [main/DEBUG] [net.minecraftforge.fml.loading.FMLServiceProvider/CORE]: Initiating mod scan
[25May2026 10:06:05.162] [main/DEBUG] [net.minecraftforge.fml.loading.moddiscovery.ModListHandler/CORE]: Found mod coordinates from lists: []
[25May2026 10:06:05.162] [pool-2-thread-1/INFO] [EARLYDISPLAY/]: GL info: NVIDIA GeForce RTX 3080/PCIe/SSE2 GL version 4.6.0 NVIDIA 596.21, NVIDIA Corporation
[25May2026 10:06:05.163] [main/DEBUG] [net.minecraftforge.fml.loading.moddiscovery.ModDiscoverer/CORE]: Found Mod Locators : (mods folder:null),(maven libs:null),(exploded directory:null),(minecraft:null),(userdev classpath:null)
[25May2026 10:06:05.165] [main/DEBUG] [net.minecraftforge.fml.loading.moddiscovery.ModDiscoverer/CORE]: Found Dependency Locators : (JarInJar:null)
[25May2026 10:06:05.170] [main/DEBUG] [net.minecraftforge.fml.loading.targets.CommonLaunchHandler/CORE]: Got mod coordinates recruitstacz%%C:\Users\cornw\OneDrive\Documents\Minecraft Modding\Forge\recruitsTACZ\build\resources\main;recruitstacz%%C:\Users\cornw\OneDrive\Documents\Minecraft Modding\Forge\recruitsTACZ\build\classes\java\main from env
[25May2026 10:06:05.172] [main/DEBUG] [net.minecraftforge.fml.loading.targets.CommonLaunchHandler/CORE]: Found supplied mod coordinates [{recruitstacz=[C:\Users\cornw\OneDrive\Documents\Minecraft Modding\Forge\recruitsTACZ\build\resources\main, C:\Users\cornw\OneDrive\Documents\Minecraft Modding\Forge\recruitsTACZ\build\classes\java\main]}]
[25May2026 10:06:05.406] [main/DEBUG] [net.minecraftforge.fml.loading.moddiscovery.ModFileInfo/LOADING]: Found valid mod file forge-1.20.1-47.4.20_mapped_official_1.20.1-recomp.jar with {minecraft} mods - versions {1.20.1}
[25May2026 10:06:05.412] [main/DEBUG] [net.minecraftforge.fml.loading.moddiscovery.ModFileParser/LOADING]: Considering mod file candidate C:\Users\cornw\.gradle\caches\modules-2\files-2.1\net.minecraftforge\javafmllanguage\1.20.1-47.4.20\c354b21002937b393c4f86163a98dccdf1d51e72\javafmllanguage-1.20.1-47.4.20.jar
[25May2026 10:06:05.413] [main/WARN] [net.minecraftforge.fml.loading.moddiscovery.ModFileParser/LOADING]: Mod file C:\Users\cornw\.gradle\caches\modules-2\files-2.1\net.minecraftforge\javafmllanguage\1.20.1-47.4.20\c354b21002937b393c4f86163a98dccdf1d51e72\javafmllanguage-1.20.1-47.4.20.jar is missing mods.toml file
[25May2026 10:06:05.416] [main/DEBUG] [net.minecraftforge.fml.loading.moddiscovery.ModFileParser/LOADING]: Considering mod file candidate C:\Users\cornw\.gradle\caches\modules-2\files-2.1\net.minecraftforge\lowcodelanguage\1.20.1-47.4.20\865d75f8c18329ddb31db5856701ab86609108b5\lowcodelanguage-1.20.1-47.4.20.jar
[25May2026 10:06:05.417] [main/WARN] [net.minecraftforge.fml.loading.moddiscovery.ModFileParser/LOADING]: Mod file C:\Users\cornw\.gradle\caches\modules-2\files-2.1\net.minecraftforge\lowcodelanguage\1.20.1-47.4.20\865d75f8c18329ddb31db5856701ab86609108b5\lowcodelanguage-1.20.1-47.4.20.jar is missing mods.toml file
[25May2026 10:06:05.421] [main/DEBUG] [net.minecraftforge.fml.loading.moddiscovery.ModFileParser/LOADING]: Considering mod file candidate C:\Users\cornw\.gradle\caches\modules-2\files-2.1\net.minecraftforge\mclanguage\1.20.1-47.4.20\af599930362212ae937e392709f49047e6abbbf\mclanguage-1.20.1-47.4.20.jar
[25May2026 10:06:05.421] [main/WARN] [net.minecraftforge.fml.loading.moddiscovery.ModFileParser/LOADING]: Mod file C:\Users\cornw\.gradle\caches\modules-2\files-2.1\net.minecraftforge\mclanguage\1.20.1-47.4.20\af599930362212ae937e392709f49047e6abbbf\mclanguage-1.20.1-47.4.20.jar is missing mods.toml file
[25May2026 10:06:05.425] [main/DEBUG] [net.minecraftforge.fml.loading.moddiscovery.ModFileParser/LOADING]: Considering mod file candidate C:\Users\cornw\.gradle\caches\modules-2\files-2.1\net.minecraftforge\fmlcore\1.20.1-47.4.20\e8cc697c69f3911e76caa2f005d9486597cd7448\fmlcore-1.20.1-47.4.20.jar
[25May2026 10:06:05.426] [main/WARN] [net.minecraftforge.fml.loading.moddiscovery.ModFileParser/LOADING]: Mod file C:\Users\cornw\.gradle\caches\modules-2\files-2.1\net.minecraftforge\fmlcore\1.20.1-47.4.20\e8cc697c69f3911e76caa2f005d9486597cd7448\fmlcore-1.20.1-47.4.20.jar is missing mods.toml file
[25May2026 10:06:05.431] [main/DEBUG] [net.minecraftforge.fml.loading.moddiscovery.ModFileParser/LOADING]: Considering mod file candidate C:\Users\cornw\OneDrive\Documents\Minecraft Modding\Forge\recruitsTACZ\build\resources\main
[25May2026 10:06:05.442] [main/DEBUG] [net.minecraftforge.fml.loading.moddiscovery.ModFileInfo/LOADING]: Found valid mod file main with {recruitstacz} mods - versions {1.0}
[25May2026 10:06:05.442] [main/DEBUG] [net.minecraftforge.fml.loading.moddiscovery.ModFileParser/LOADING]: Considering mod file candidate /
[25May2026 10:06:05.445] [main/DEBUG] [net.minecraftforge.fml.loading.moddiscovery.ModFileInfo/LOADING]: Found valid mod file  with {forge} mods - versions {47.4.20}
[25May2026 10:06:05.471] [main/DEBUG] [net.minecraftforge.fml.loading.moddiscovery.ModFileParser/LOADING]: Considering mod file candidate C:\Users\cornw\.gradle\caches\forge_gradle\deobf_dependencies\curse\maven\timeless-and-classics-zero-1028108\8055552_mapped_official_1.20.1\timeless-and-classics-zero-1028108-8055552_mapped_official_1.20.1.jar
[25May2026 10:06:05.476] [main/DEBUG] [net.minecraftforge.fml.loading.moddiscovery.ModFileInfo/LOADING]: Found valid mod file timeless-and-classics-zero-1028108-8055552_mapped_official_1.20.1.jar with {tacz} mods - versions {1.1.8}
[25May2026 10:06:05.480] [main/DEBUG] [net.minecraftforge.fml.loading.moddiscovery.ModFileParser/LOADING]: Considering mod file candidate C:\Users\cornw\.gradle\caches\forge_gradle\deobf_dependencies\curse\maven\recruits-523860\7906232_mapped_official_1.20.1\recruits-523860-7906232_mapped_official_1.20.1.jar
[25May2026 10:06:05.481] [main/DEBUG] [net.minecraftforge.fml.loading.moddiscovery.ModFileInfo/LOADING]: Found valid mod file recruits-523860-7906232_mapped_official_1.20.1.jar with {recruits} mods - versions {1.15.0}
[25May2026 10:06:05.484] [main/DEBUG] [net.minecraftforge.fml.loading.moddiscovery.ModFileParser/LOADING]: Considering mod file candidate C:\Users\cornw\.gradle\caches\forge_gradle\deobf_dependencies\curse\maven\playeranimator-658587\4587214_mapped_official_1.20.1\playeranimator-658587-4587214_mapped_official_1.20.1.jar
[25May2026 10:06:05.485] [main/DEBUG] [net.minecraftforge.fml.loading.moddiscovery.ModFileInfo/LOADING]: Found valid mod file playeranimator-658587-4587214_mapped_official_1.20.1.jar with {playeranimator} mods - versions {1.0.2-rc1+1.20}
[25May2026 10:06:05.488] [main/DEBUG] [net.minecraftforge.fml.loading.moddiscovery.ModFileParser/LOADING]: Considering mod file candidate C:\Users\cornw\.gradle\caches\forge_gradle\deobf_dependencies\curse\maven\mob-player-animator-1058791\6125584_mapped_official_1.20.1\mob-player-animator-1058791-6125584_mapped_official_1.20.1.jar
[25May2026 10:06:05.490] [main/DEBUG] [net.minecraftforge.fml.loading.moddiscovery.ModFileInfo/LOADING]: Found valid mod file mob-player-animator-1058791-6125584_mapped_official_1.20.1.jar with {mobplayeranimator} mods - versions {1.3.3}
[25May2026 10:06:05.493] [main/DEBUG] [net.minecraftforge.fml.loading.moddiscovery.ModFileParser/LOADING]: Considering mod file candidate C:\Users\cornw\.gradle\caches\forge_gradle\deobf_dependencies\curse\maven\better-mob-combat-fix-1481291\7733825_mapped_official_1.20.1\better-mob-combat-fix-1481291-7733825_mapped_official_1.20.1.jar
[25May2026 10:06:05.495] [main/DEBUG] [net.minecraftforge.fml.loading.moddiscovery.ModFileInfo/LOADING]: Found valid mod file better-mob-combat-fix-1481291-7733825_mapped_official_1.20.1.jar with {bmcfix} mods - versions {1.0.2}
[25May2026 10:06:05.499] [main/DEBUG] [net.minecraftforge.fml.loading.moddiscovery.ModFileParser/LOADING]: Considering mod file candidate C:\Users\cornw\.gradle\caches\forge_gradle\deobf_dependencies\curse\maven\architectury-api-419699\5137938_mapped_official_1.20.1\architectury-api-419699-5137938_mapped_official_1.20.1.jar
[25May2026 10:06:05.500] [main/DEBUG] [net.minecraftforge.fml.loading.moddiscovery.ModFileInfo/LOADING]: Found valid mod file architectury-api-419699-5137938_mapped_official_1.20.1.jar with {architectury} mods - versions {9.2.14}
[25May2026 10:06:05.503] [main/DEBUG] [net.minecraftforge.fml.loading.moddiscovery.ModFileParser/LOADING]: Considering mod file candidate C:\Users\cornw\.gradle\caches\forge_gradle\deobf_dependencies\curse\maven\better-combat-by-daedelus-639842\7287334_mapped_official_1.20.1\better-combat-by-daedelus-639842-7287334_mapped_official_1.20.1.jar
[25May2026 10:06:05.504] [main/DEBUG] [net.minecraftforge.fml.loading.moddiscovery.ModFileInfo/LOADING]: Found valid mod file better-combat-by-daedelus-639842-7287334_mapped_official_1.20.1.jar with {bettercombat} mods - versions {1.9.0+1.20.1}
[25May2026 10:06:05.508] [main/DEBUG] [net.minecraftforge.fml.loading.moddiscovery.ModFileParser/LOADING]: Considering mod file candidate C:\Users\cornw\.gradle\caches\forge_gradle\deobf_dependencies\curse\maven\better-mob-combat-1058798\6125563_mapped_official_1.20.1\better-mob-combat-1058798-6125563_mapped_official_1.20.1.jar
[25May2026 10:06:05.510] [main/DEBUG] [net.minecraftforge.fml.loading.moddiscovery.ModFileInfo/LOADING]: Found valid mod file better-mob-combat-1058798-6125563_mapped_official_1.20.1.jar with {bettermobcombat} mods - versions {1.3.0}
[25May2026 10:06:05.513] [main/DEBUG] [net.minecraftforge.fml.loading.moddiscovery.ModFileParser/LOADING]: Considering mod file candidate C:\Users\cornw\.gradle\caches\forge_gradle\deobf_dependencies\curse\maven\better-mob-combat-recruitsfix-1419655\7411612_mapped_official_1.20.1\better-mob-combat-recruitsfix-1419655-7411612_mapped_official_1.20.1.jar
[25May2026 10:06:05.515] [main/DEBUG] [net.minecraftforge.fml.loading.moddiscovery.ModFileInfo/LOADING]: Found valid mod file better-mob-combat-recruitsfix-1419655-7411612_mapped_official_1.20.1.jar with {bettermobcombat} mods - versions {1.3.1}
[25May2026 10:06:05.519] [main/DEBUG] [net.minecraftforge.fml.loading.moddiscovery.ModFileParser/LOADING]: Considering mod file candidate C:\Users\cornw\.gradle\caches\forge_gradle\deobf_dependencies\curse\maven\cloth-config-348521\5729105_mapped_official_1.20.1\cloth-config-348521-5729105_mapped_official_1.20.1.jar
[25May2026 10:06:05.520] [main/DEBUG] [net.minecraftforge.fml.loading.moddiscovery.ModFileInfo/LOADING]: Found valid mod file cloth-config-348521-5729105_mapped_official_1.20.1.jar with {cloth_config} mods - versions {11.1.136}
[25May2026 10:06:05.523] [main/DEBUG] [net.minecraftforge.fml.loading.moddiscovery.ModFileParser/LOADING]: Considering mod file candidate C:\Users\cornw\.gradle\caches\forge_gradle\deobf_dependencies\curse\maven\fracture-point-1207137\7215903_mapped_official_1.20.1\fracture-point-1207137-7215903_mapped_official_1.20.1.jar
[25May2026 10:06:05.524] [main/DEBUG] [net.minecraftforge.fml.loading.moddiscovery.ModFileInfo/LOADING]: Found valid mod file fracture-point-1207137-7215903_mapped_official_1.20.1.jar with {fracturepoint} mods - versions {2.3.11-beta}
[25May2026 10:06:05.528] [main/DEBUG] [net.minecraftforge.fml.loading.moddiscovery.ModFileParser/LOADING]: Considering mod file candidate C:\Users\cornw\.gradle\caches\forge_gradle\deobf_dependencies\curse\maven\curios-309927\6418456_mapped_official_1.20.1\curios-309927-6418456_mapped_official_1.20.1.jar
[25May2026 10:06:05.528] [main/DEBUG] [net.minecraftforge.fml.loading.moddiscovery.ModFileInfo/LOADING]: Found valid mod file curios-309927-6418456_mapped_official_1.20.1.jar with {curios} mods - versions {5.14.1+1.20.1}
[25May2026 10:06:05.533] [main/DEBUG] [net.minecraftforge.fml.loading.moddiscovery.ModFileParser/LOADING]: Considering mod file candidate C:\Users\cornw\.gradle\caches\forge_gradle\deobf_dependencies\curse\maven\geckolib-388172\7553267_mapped_official_1.20.1\geckolib-388172-7553267_mapped_official_1.20.1.jar
[25May2026 10:06:05.534] [main/DEBUG] [net.minecraftforge.fml.loading.moddiscovery.ModFileInfo/LOADING]: Found valid mod file geckolib-388172-7553267_mapped_official_1.20.1.jar with {geckolib} mods - versions {4.8.3}
[25May2026 10:06:05.538] [main/DEBUG] [net.minecraftforge.fml.loading.moddiscovery.ModFileParser/LOADING]: Considering mod file candidate C:\Users\cornw\.gradle\caches\forge_gradle\deobf_dependencies\curse\maven\timeless-and-classics-zero-1028108\8055552_mapped_official_1.20.1\timeless-and-classics-zero-1028108-8055552_mapped_official_1.20.1.jar
[25May2026 10:06:05.540] [main/DEBUG] [net.minecraftforge.fml.loading.moddiscovery.ModFileInfo/LOADING]: Found valid mod file timeless-and-classics-zero-1028108-8055552_mapped_official_1.20.1.jar with {tacz} mods - versions {1.1.8}
[25May2026 10:06:05.543] [main/DEBUG] [net.minecraftforge.fml.loading.moddiscovery.ModFileParser/LOADING]: Considering mod file candidate C:\Users\cornw\.gradle\caches\forge_gradle\deobf_dependencies\curse\maven\recruits-523860\7906232_mapped_official_1.20.1\recruits-523860-7906232_mapped_official_1.20.1.jar
[25May2026 10:06:05.544] [main/DEBUG] [net.minecraftforge.fml.loading.moddiscovery.ModFileInfo/LOADING]: Found valid mod file recruits-523860-7906232_mapped_official_1.20.1.jar with {recruits} mods - versions {1.15.0}
[25May2026 10:06:05.546] [main/DEBUG] [net.minecraftforge.fml.loading.moddiscovery.ModFileParser/LOADING]: Considering mod file candidate C:\Users\cornw\.gradle\caches\forge_gradle\deobf_dependencies\curse\maven\playeranimator-658587\4587214_mapped_official_1.20.1\playeranimator-658587-4587214_mapped_official_1.20.1.jar
[25May2026 10:06:05.547] [main/DEBUG] [net.minecraftforge.fml.loading.moddiscovery.ModFileInfo/LOADING]: Found valid mod file playeranimator-658587-4587214_mapped_official_1.20.1.jar with {playeranimator} mods - versions {1.0.2-rc1+1.20}
[25May2026 10:06:05.550] [main/DEBUG] [net.minecraftforge.fml.loading.moddiscovery.ModFileParser/LOADING]: Considering mod file candidate C:\Users\cornw\.gradle\caches\forge_gradle\deobf_dependencies\curse\maven\mob-player-animator-1058791\6125584_mapped_official_1.20.1\mob-player-animator-1058791-6125584_mapped_official_1.20.1.jar
[25May2026 10:06:05.551] [main/DEBUG] [net.minecraftforge.fml.loading.moddiscovery.ModFileInfo/LOADING]: Found valid mod file mob-player-animator-1058791-6125584_mapped_official_1.20.1.jar with {mobplayeranimator} mods - versions {1.3.3}
[25May2026 10:06:05.553] [main/DEBUG] [net.minecraftforge.fml.loading.moddiscovery.ModFileParser/LOADING]: Considering mod file candidate C:\Users\cornw\.gradle\caches\forge_gradle\deobf_dependencies\curse\maven\better-mob-combat-fix-1481291\7733825_mapped_official_1.20.1\better-mob-combat-fix-1481291-7733825_mapped_official_1.20.1.jar
[25May2026 10:06:05.554] [main/DEBUG] [net.minecraftforge.fml.loading.moddiscovery.ModFileInfo/LOADING]: Found valid mod file better-mob-combat-fix-1481291-7733825_mapped_official_1.20.1.jar with {bmcfix} mods - versions {1.0.2}
[25May2026 10:06:05.556] [main/DEBUG] [net.minecraftforge.fml.loading.moddiscovery.ModFileParser/LOADING]: Considering mod file candidate C:\Users\cornw\.gradle\caches\forge_gradle\deobf_dependencies\curse\maven\architectury-api-419699\5137938_mapped_official_1.20.1\architectury-api-419699-5137938_mapped_official_1.20.1.jar
[25May2026 10:06:05.557] [main/DEBUG] [net.minecraftforge.fml.loading.moddiscovery.ModFileInfo/LOADING]: Found valid mod file architectury-api-419699-5137938_mapped_official_1.20.1.jar with {architectury} mods - versions {9.2.14}
[25May2026 10:06:05.559] [main/DEBUG] [net.minecraftforge.fml.loading.moddiscovery.ModFileParser/LOADING]: Considering mod file candidate C:\Users\cornw\.gradle\caches\forge_gradle\deobf_dependencies\curse\maven\better-combat-by-daedelus-639842\7287334_mapped_official_1.20.1\better-combat-by-daedelus-639842-7287334_mapped_official_1.20.1.jar
[25May2026 10:06:05.560] [main/DEBUG] [net.minecraftforge.fml.loading.moddiscovery.ModFileInfo/LOADING]: Found valid mod file better-combat-by-daedelus-639842-7287334_mapped_official_1.20.1.jar with {bettercombat} mods - versions {1.9.0+1.20.1}
[25May2026 10:06:05.562] [main/DEBUG] [net.minecraftforge.fml.loading.moddiscovery.ModFileParser/LOADING]: Considering mod file candidate C:\Users\cornw\.gradle\caches\forge_gradle\deobf_dependencies\curse\maven\better-mob-combat-1058798\6125563_mapped_official_1.20.1\better-mob-combat-1058798-6125563_mapped_official_1.20.1.jar
[25May2026 10:06:05.563] [main/DEBUG] [net.minecraftforge.fml.loading.moddiscovery.ModFileInfo/LOADING]: Found valid mod file better-mob-combat-1058798-6125563_mapped_official_1.20.1.jar with {bettermobcombat} mods - versions {1.3.0}
[25May2026 10:06:05.565] [main/DEBUG] [net.minecraftforge.fml.loading.moddiscovery.ModFileParser/LOADING]: Considering mod file candidate C:\Users\cornw\.gradle\caches\forge_gradle\deobf_dependencies\curse\maven\better-mob-combat-recruitsfix-1419655\7411612_mapped_official_1.20.1\better-mob-combat-recruitsfix-1419655-7411612_mapped_official_1.20.1.jar
[25May2026 10:06:05.567] [main/DEBUG] [net.minecraftforge.fml.loading.moddiscovery.ModFileInfo/LOADING]: Found valid mod file better-mob-combat-recruitsfix-1419655-7411612_mapped_official_1.20.1.jar with {bettermobcombat} mods - versions {1.3.1}
[25May2026 10:06:05.569] [main/DEBUG] [net.minecraftforge.fml.loading.moddiscovery.ModFileParser/LOADING]: Considering mod file candidate C:\Users\cornw\.gradle\caches\forge_gradle\deobf_dependencies\curse\maven\cloth-config-348521\5729105_mapped_official_1.20.1\cloth-config-348521-5729105_mapped_official_1.20.1.jar
[25May2026 10:06:05.570] [main/DEBUG] [net.minecraftforge.fml.loading.moddiscovery.ModFileInfo/LOADING]: Found valid mod file cloth-config-348521-5729105_mapped_official_1.20.1.jar with {cloth_config} mods - versions {11.1.136}
[25May2026 10:06:05.572] [main/DEBUG] [net.minecraftforge.fml.loading.moddiscovery.ModFileParser/LOADING]: Considering mod file candidate C:\Users\cornw\.gradle\caches\forge_gradle\deobf_dependencies\curse\maven\fracture-point-1207137\7215903_mapped_official_1.20.1\fracture-point-1207137-7215903_mapped_official_1.20.1.jar
[25May2026 10:06:05.572] [main/DEBUG] [net.minecraftforge.fml.loading.moddiscovery.ModFileInfo/LOADING]: Found valid mod file fracture-point-1207137-7215903_mapped_official_1.20.1.jar with {fracturepoint} mods - versions {2.3.11-beta}
[25May2026 10:06:05.574] [main/DEBUG] [net.minecraftforge.fml.loading.moddiscovery.ModFileParser/LOADING]: Considering mod file candidate C:\Users\cornw\.gradle\caches\forge_gradle\deobf_dependencies\curse\maven\curios-309927\6418456_mapped_official_1.20.1\curios-309927-6418456_mapped_official_1.20.1.jar
[25May2026 10:06:05.575] [main/DEBUG] [net.minecraftforge.fml.loading.moddiscovery.ModFileInfo/LOADING]: Found valid mod file curios-309927-6418456_mapped_official_1.20.1.jar with {curios} mods - versions {5.14.1+1.20.1}
[25May2026 10:06:05.579] [main/DEBUG] [net.minecraftforge.fml.loading.moddiscovery.ModFileParser/LOADING]: Considering mod file candidate C:\Users\cornw\.gradle\caches\forge_gradle\deobf_dependencies\curse\maven\geckolib-388172\7553267_mapped_official_1.20.1\geckolib-388172-7553267_mapped_official_1.20.1.jar
[25May2026 10:06:05.579] [main/DEBUG] [net.minecraftforge.fml.loading.moddiscovery.ModFileInfo/LOADING]: Found valid mod file geckolib-388172-7553267_mapped_official_1.20.1.jar with {geckolib} mods - versions {4.8.3}
[25May2026 10:06:05.582] [main/DEBUG] [net.minecraftforge.fml.loading.UniqueModListBuilder/]: Found 2 mods for first modid bettercombat, selecting most recent based on version data
[25May2026 10:06:05.582] [main/DEBUG] [net.minecraftforge.fml.loading.UniqueModListBuilder/]: Selected file better-combat-by-daedelus-639842-7287334_mapped_official_1.20.1.jar for modid bettercombat with version 1.9.0+1.20.1
[25May2026 10:06:05.582] [main/DEBUG] [net.minecraftforge.fml.loading.UniqueModListBuilder/]: Found 2 mods for first modid fracturepoint, selecting most recent based on version data
[25May2026 10:06:05.582] [main/DEBUG] [net.minecraftforge.fml.loading.UniqueModListBuilder/]: Selected file fracture-point-1207137-7215903_mapped_official_1.20.1.jar for modid fracturepoint with version 2.3.11-beta
[25May2026 10:06:05.582] [main/DEBUG] [net.minecraftforge.fml.loading.UniqueModListBuilder/]: Found 2 mods for first modid geckolib, selecting most recent based on version data
[25May2026 10:06:05.582] [main/DEBUG] [net.minecraftforge.fml.loading.UniqueModListBuilder/]: Selected file geckolib-388172-7553267_mapped_official_1.20.1.jar for modid geckolib with version 4.8.3
[25May2026 10:06:05.582] [main/DEBUG] [net.minecraftforge.fml.loading.UniqueModListBuilder/]: Found 2 mods for first modid architectury, selecting most recent based on version data
[25May2026 10:06:05.582] [main/DEBUG] [net.minecraftforge.fml.loading.UniqueModListBuilder/]: Selected file architectury-api-419699-5137938_mapped_official_1.20.1.jar for modid architectury with version 9.2.14
[25May2026 10:06:05.582] [main/DEBUG] [net.minecraftforge.fml.loading.UniqueModListBuilder/]: Found 2 mods for first modid playeranimator, selecting most recent based on version data
[25May2026 10:06:05.584] [main/DEBUG] [net.minecraftforge.fml.loading.UniqueModListBuilder/]: Selected file playeranimator-658587-4587214_mapped_official_1.20.1.jar for modid playeranimator with version 1.0.2-rc1+1.20
[25May2026 10:06:05.584] [main/DEBUG] [net.minecraftforge.fml.loading.UniqueModListBuilder/]: Found 2 mods for first modid tacz, selecting most recent based on version data
[25May2026 10:06:05.584] [main/DEBUG] [net.minecraftforge.fml.loading.UniqueModListBuilder/]: Selected file timeless-and-classics-zero-1028108-8055552_mapped_official_1.20.1.jar for modid tacz with version 1.1.8
[25May2026 10:06:05.584] [main/DEBUG] [net.minecraftforge.fml.loading.UniqueModListBuilder/]: Found 2 mods for first modid bmcfix, selecting most recent based on version data
[25May2026 10:06:05.584] [main/DEBUG] [net.minecraftforge.fml.loading.UniqueModListBuilder/]: Selected file better-mob-combat-fix-1481291-7733825_mapped_official_1.20.1.jar for modid bmcfix with version 1.0.2
[25May2026 10:06:05.584] [main/DEBUG] [net.minecraftforge.fml.loading.UniqueModListBuilder/]: Found 2 mods for first modid cloth_config, selecting most recent based on version data
[25May2026 10:06:05.584] [main/DEBUG] [net.minecraftforge.fml.loading.UniqueModListBuilder/]: Selected file cloth-config-348521-5729105_mapped_official_1.20.1.jar for modid cloth_config with version 11.1.136
[25May2026 10:06:05.584] [main/DEBUG] [net.minecraftforge.fml.loading.UniqueModListBuilder/]: Found 4 mods for first modid bettermobcombat, selecting most recent based on version data
[25May2026 10:06:05.584] [main/DEBUG] [net.minecraftforge.fml.loading.UniqueModListBuilder/]: Selected file better-mob-combat-recruitsfix-1419655-7411612_mapped_official_1.20.1.jar for modid bettermobcombat with version 1.3.1
[25May2026 10:06:05.584] [main/DEBUG] [net.minecraftforge.fml.loading.UniqueModListBuilder/]: Found 2 mods for first modid curios, selecting most recent based on version data
[25May2026 10:06:05.584] [main/DEBUG] [net.minecraftforge.fml.loading.UniqueModListBuilder/]: Selected file curios-309927-6418456_mapped_official_1.20.1.jar for modid curios with version 5.14.1+1.20.1
[25May2026 10:06:05.584] [main/DEBUG] [net.minecraftforge.fml.loading.UniqueModListBuilder/]: Found 2 mods for first modid mobplayeranimator, selecting most recent based on version data
[25May2026 10:06:05.584] [main/DEBUG] [net.minecraftforge.fml.loading.UniqueModListBuilder/]: Selected file mob-player-animator-1058791-6125584_mapped_official_1.20.1.jar for modid mobplayeranimator with version 1.3.3
[25May2026 10:06:05.584] [main/DEBUG] [net.minecraftforge.fml.loading.UniqueModListBuilder/]: Found 2 mods for first modid recruits, selecting most recent based on version data
[25May2026 10:06:05.584] [main/DEBUG] [net.minecraftforge.fml.loading.UniqueModListBuilder/]: Selected file recruits-523860-7906232_mapped_official_1.20.1.jar for modid recruits with version 1.15.0
[25May2026 10:06:05.590] [main/DEBUG] [net.minecraftforge.fml.loading.moddiscovery.AbstractJarFileDependencyLocator/]: Failed to load resource META-INF\jarjar\metadata.json from forge-1.20.1-47.4.20_mapped_official_1.20.1-recomp.jar, it does not contain dependency information.
[25May2026 10:06:05.590] [main/DEBUG] [net.minecraftforge.fml.loading.moddiscovery.AbstractJarFileDependencyLocator/]: Failed to load resource META-INF\jarjar\metadata.json from architectury-api-419699-5137938_mapped_official_1.20.1.jar, it does not contain dependency information.
[25May2026 10:06:05.591] [main/DEBUG] [net.minecraftforge.fml.loading.moddiscovery.AbstractJarFileDependencyLocator/]: Failed to load resource META-INF\jarjar\metadata.json from playeranimator-658587-4587214_mapped_official_1.20.1.jar, it does not contain dependency information.
[25May2026 10:06:05.591] [main/DEBUG] [net.minecraftforge.fml.loading.moddiscovery.AbstractJarFileDependencyLocator/]: Failed to load resource META-INF\jarjar\metadata.json from main, it does not contain dependency information.
[25May2026 10:06:05.591] [main/DEBUG] [net.minecraftforge.fml.loading.moddiscovery.AbstractJarFileDependencyLocator/]: Failed to load resource META-INF\jarjar\metadata.json from better-mob-combat-fix-1481291-7733825_mapped_official_1.20.1.jar, it does not contain dependency information.
[25May2026 10:06:05.591] [main/DEBUG] [net.minecraftforge.fml.loading.moddiscovery.AbstractJarFileDependencyLocator/]: Failed to load resource META-INF\jarjar\metadata.json from cloth-config-348521-5729105_mapped_official_1.20.1.jar, it does not contain dependency information.
[25May2026 10:06:05.591] [main/DEBUG] [net.minecraftforge.fml.loading.moddiscovery.AbstractJarFileDependencyLocator/]: Failed to load resource META-INF\jarjar\metadata.json from , it does not contain dependency information.
[25May2026 10:06:05.591] [main/DEBUG] [net.minecraftforge.fml.loading.moddiscovery.AbstractJarFileDependencyLocator/]: Failed to load resource META-INF\jarjar\metadata.json from better-mob-combat-recruitsfix-1419655-7411612_mapped_official_1.20.1.jar, it does not contain dependency information.
[25May2026 10:06:05.591] [main/DEBUG] [net.minecraftforge.fml.loading.moddiscovery.AbstractJarFileDependencyLocator/]: Failed to load resource META-INF\jarjar\metadata.json from curios-309927-6418456_mapped_official_1.20.1.jar, it does not contain dependency information.
[25May2026 10:06:05.591] [main/DEBUG] [net.minecraftforge.fml.loading.moddiscovery.AbstractJarFileDependencyLocator/]: Failed to load resource META-INF\jarjar\metadata.json from recruits-523860-7906232_mapped_official_1.20.1.jar, it does not contain dependency information.
[25May2026 10:06:05.591] [main/DEBUG] [net.minecraftforge.fml.loading.moddiscovery.AbstractJarFileDependencyLocator/]: Failed to load resource META-INF\jarjar\metadata.json from mclanguage-1.20.1-47.4.20.jar, it does not contain dependency information.
[25May2026 10:06:05.591] [main/DEBUG] [net.minecraftforge.fml.loading.moddiscovery.AbstractJarFileDependencyLocator/]: Failed to load resource META-INF\jarjar\metadata.json from javafmllanguage-1.20.1-47.4.20.jar, it does not contain dependency information.
[25May2026 10:06:05.591] [main/DEBUG] [net.minecraftforge.fml.loading.moddiscovery.AbstractJarFileDependencyLocator/]: Failed to load resource META-INF\jarjar\metadata.json from fmlcore-1.20.1-47.4.20.jar, it does not contain dependency information.
[25May2026 10:06:05.593] [main/DEBUG] [net.minecraftforge.fml.loading.moddiscovery.AbstractJarFileDependencyLocator/]: Failed to load resource META-INF\jarjar\metadata.json from lowcodelanguage-1.20.1-47.4.20.jar, it does not contain dependency information.
[25May2026 10:06:05.645] [main/DEBUG] [net.minecraftforge.fml.loading.moddiscovery.ModFileParser/LOADING]: Considering mod file candidate 
[25May2026 10:06:05.646] [main/DEBUG] [net.minecraftforge.fml.loading.moddiscovery.ModFileInfo/LOADING]: Found valid mod file mixinextras-forge-0.4.1.jar with {mixinextras} mods - versions {0.4.1}
[25May2026 10:06:05.650] [main/DEBUG] [net.minecraftforge.fml.loading.moddiscovery.ModFileParser/LOADING]: Considering mod file candidate 
[25May2026 10:06:05.651] [main/DEBUG] [net.minecraftforge.fml.loading.moddiscovery.ModFileInfo/LOADING]: Found valid mod file simplebedrockmodel-2.2.2-forge+mc1.20.1.jar with {simplebedrockmodel} mods - versions {2.2.2-forge+mc1.20.1}
[25May2026 10:06:05.717] [main/DEBUG] [net.minecraftforge.fml.loading.moddiscovery.ModFileParser/LOADING]: Considering mod file candidate 
[25May2026 10:06:05.717] [main/DEBUG] [net.minecraftforge.fml.loading.moddiscovery.ModFileInfo/LOADING]: Found valid mod file mixinextras-forge-0.3.6.jar with {mixinextras} mods - versions {0.3.6}
[25May2026 10:06:05.720] [main/DEBUG] [net.minecraftforge.fml.loading.moddiscovery.ModFileParser/LOADING]: Considering mod file candidate 
[25May2026 10:06:05.721] [main/DEBUG] [net.minecraftforge.fml.loading.moddiscovery.ModFileInfo/LOADING]: Found valid mod file mixinextras-forge-0.2.0.jar with {mixinextras} mods - versions {0.2.0}
[25May2026 10:06:05.726] [main/DEBUG] [net.minecraftforge.fml.loading.moddiscovery.ModFileParser/LOADING]: Considering mod file candidate 
[25May2026 10:06:05.726] [main/DEBUG] [net.minecraftforge.fml.loading.moddiscovery.ModFileInfo/LOADING]: Found valid mod file mixinextras-forge-0.2.0.jar with {mixinextras} mods - versions {0.2.0}
[25May2026 10:06:05.736] [main/DEBUG] [net.minecraftforge.fml.loading.moddiscovery.AbstractJarFileDependencyLocator/]: Failed to load resource META-INF\jarjar\metadata.json from commons-math3-3.6.1.jar, it does not contain dependency information.
[25May2026 10:06:05.736] [main/DEBUG] [net.minecraftforge.fml.loading.moddiscovery.AbstractJarFileDependencyLocator/]: Failed to load resource META-INF\jarjar\metadata.json from luaj-core-3.0.8-figura.jar, it does not contain dependency information.
[25May2026 10:06:05.736] [main/DEBUG] [net.minecraftforge.fml.loading.moddiscovery.AbstractJarFileDependencyLocator/]: Failed to load resource META-INF\jarjar\metadata.json from luaj-jse-3.0.8-figura.jar, it does not contain dependency information.
[25May2026 10:06:05.736] [main/DEBUG] [net.minecraftforge.fml.loading.moddiscovery.AbstractJarFileDependencyLocator/]: Failed to load resource META-INF\jarjar\metadata.json from bcel-6.6.1.jar, it does not contain dependency information.
[25May2026 10:06:05.744] [main/DEBUG] [net.minecraftforge.fml.loading.moddiscovery.AbstractJarFileDependencyLocator/]: Failed to load resource META-INF\jarjar\metadata.json from mclib-20.jar, it does not contain dependency information.
[25May2026 10:06:05.748] [main/DEBUG] [net.minecraftforge.fml.loading.moddiscovery.AbstractJarFileDependencyLocator/]: Failed to load resource META-INF\jarjar\metadata.json from MixinExtras-0.4.1.jar, it does not contain dependency information.
[25May2026 10:06:05.748] [main/DEBUG] [net.minecraftforge.fml.loading.moddiscovery.AbstractJarFileDependencyLocator/]: Failed to load resource META-INF\jarjar\metadata.json from mae-1.1.2.jar, it does not contain dependency information.
[25May2026 10:06:05.748] [main/DEBUG] [net.minecraftforge.fml.loading.moddiscovery.AbstractJarFileDependencyLocator/]: Failed to load resource META-INF\jarjar\metadata.json from MixinExtras-0.3.6.jar, it does not contain dependency information.
[25May2026 10:06:05.748] [main/DEBUG] [net.minecraftforge.fml.loading.moddiscovery.AbstractJarFileDependencyLocator/]: Failed to load resource META-INF\jarjar\metadata.json from MixinExtras-0.2.0.jar, it does not contain dependency information.
[25May2026 10:06:05.748] [main/DEBUG] [net.minecraftforge.fml.loading.moddiscovery.AbstractJarFileDependencyLocator/]: Failed to load resource META-INF\jarjar\metadata.json from MixinExtras-0.2.0.jar, it does not contain dependency information.
[25May2026 10:06:05.768] [main/DEBUG] [net.minecraftforge.fml.loading.moddiscovery.ModFileParser/LOADING]: Considering mod file candidate 
[25May2026 10:06:05.768] [main/DEBUG] [net.minecraftforge.fml.loading.moddiscovery.ModFileInfo/LOADING]: Found valid mod file mixinextras-forge-0.4.1.jar with {mixinextras} mods - versions {0.4.1}
[25May2026 10:06:05.773] [main/DEBUG] [net.minecraftforge.fml.loading.moddiscovery.ModFileParser/LOADING]: Considering mod file candidate 
[25May2026 10:06:05.773] [main/DEBUG] [net.minecraftforge.fml.loading.moddiscovery.ModFileInfo/LOADING]: Found valid mod file simplebedrockmodel-2.2.2-forge+mc1.20.1.jar with {simplebedrockmodel} mods - versions {2.2.2-forge+mc1.20.1}
[25May2026 10:06:05.811] [main/INFO] [net.minecraftforge.fml.loading.moddiscovery.JarInJarDependencyLocator/]: Found 9 dependencies adding them to mods collection
[25May2026 10:06:05.813] [main/DEBUG] [net.minecraftforge.fml.loading.moddiscovery.ModFileInfo/LOADING]: Found valid mod file forge-1.20.1-47.4.20_mapped_official_1.20.1-recomp.jar with {minecraft} mods - versions {1.20.1}
[25May2026 10:06:05.814] [main/DEBUG] [net.minecraftforge.fml.loading.moddiscovery.ModFile/LOADING]: Loading mod file C:\Users\cornw\OneDrive\Documents\Minecraft Modding\Forge\recruitsTACZ\build\fg_cache\net\minecraftforge\forge\1.20.1-47.4.20_mapped_official_1.20.1\forge-1.20.1-47.4.20_mapped_official_1.20.1-recomp.jar with languages [LanguageSpec[languageName=minecraft, acceptedVersions=1]]
[25May2026 10:06:05.815] [main/DEBUG] [net.minecraftforge.fml.loading.moddiscovery.ModFileParser/LOADING]: Considering mod file candidate C:\Users\cornw\.gradle\caches\forge_gradle\deobf_dependencies\curse\maven\better-combat-by-daedelus-639842\7287334_mapped_official_1.20.1\better-combat-by-daedelus-639842-7287334_mapped_official_1.20.1.jar
[25May2026 10:06:05.815] [main/DEBUG] [net.minecraftforge.fml.loading.moddiscovery.ModFileInfo/LOADING]: Found valid mod file better-combat-by-daedelus-639842-7287334_mapped_official_1.20.1.jar with {bettercombat} mods - versions {1.9.0+1.20.1}
[25May2026 10:06:05.815] [main/DEBUG] [net.minecraftforge.fml.loading.moddiscovery.ModFile/LOADING]: Loading mod file C:\Users\cornw\.gradle\caches\forge_gradle\deobf_dependencies\curse\maven\better-combat-by-daedelus-639842\7287334_mapped_official_1.20.1\better-combat-by-daedelus-639842-7287334_mapped_official_1.20.1.jar with languages [LanguageSpec[languageName=javafml, acceptedVersions=[39,)]]
[25May2026 10:06:05.815] [main/DEBUG] [net.minecraftforge.fml.loading.moddiscovery.ModFileParser/LOADING]: Considering mod file candidate C:\Users\cornw\.gradle\caches\forge_gradle\deobf_dependencies\curse\maven\fracture-point-1207137\7215903_mapped_official_1.20.1\fracture-point-1207137-7215903_mapped_official_1.20.1.jar
[25May2026 10:06:05.817] [main/DEBUG] [net.minecraftforge.fml.loading.moddiscovery.ModFileInfo/LOADING]: Found valid mod file fracture-point-1207137-7215903_mapped_official_1.20.1.jar with {fracturepoint} mods - versions {2.3.11-beta}
[25May2026 10:06:05.817] [main/DEBUG] [net.minecraftforge.fml.loading.moddiscovery.ModFile/LOADING]: Loading mod file C:\Users\cornw\.gradle\caches\forge_gradle\deobf_dependencies\curse\maven\fracture-point-1207137\7215903_mapped_official_1.20.1\fracture-point-1207137-7215903_mapped_official_1.20.1.jar with languages [LanguageSpec[languageName=javafml, acceptedVersions=[47,)]]
[25May2026 10:06:05.817] [main/DEBUG] [net.minecraftforge.fml.loading.moddiscovery.ModFileParser/LOADING]: Considering mod file candidate C:\Users\cornw\.gradle\caches\forge_gradle\deobf_dependencies\curse\maven\geckolib-388172\7553267_mapped_official_1.20.1\geckolib-388172-7553267_mapped_official_1.20.1.jar
[25May2026 10:06:05.817] [main/DEBUG] [net.minecraftforge.fml.loading.moddiscovery.ModFileInfo/LOADING]: Found valid mod file geckolib-388172-7553267_mapped_official_1.20.1.jar with {geckolib} mods - versions {4.8.3}
[25May2026 10:06:05.817] [main/DEBUG] [net.minecraftforge.fml.loading.moddiscovery.ModFile/LOADING]: Loading mod file C:\Users\cornw\.gradle\caches\forge_gradle\deobf_dependencies\curse\maven\geckolib-388172\7553267_mapped_official_1.20.1\geckolib-388172-7553267_mapped_official_1.20.1.jar with languages [LanguageSpec[languageName=javafml, acceptedVersions=[47,)]]
[25May2026 10:06:05.817] [main/DEBUG] [net.minecraftforge.fml.loading.moddiscovery.ModFileParser/LOADING]: Considering mod file candidate C:\Users\cornw\.gradle\caches\forge_gradle\deobf_dependencies\curse\maven\architectury-api-419699\5137938_mapped_official_1.20.1\architectury-api-419699-5137938_mapped_official_1.20.1.jar
[25May2026 10:06:05.817] [main/DEBUG] [net.minecraftforge.fml.loading.moddiscovery.ModFileInfo/LOADING]: Found valid mod file architectury-api-419699-5137938_mapped_official_1.20.1.jar with {architectury} mods - versions {9.2.14}
[25May2026 10:06:05.817] [main/DEBUG] [net.minecraftforge.fml.loading.moddiscovery.ModFile/LOADING]: Loading mod file C:\Users\cornw\.gradle\caches\forge_gradle\deobf_dependencies\curse\maven\architectury-api-419699\5137938_mapped_official_1.20.1\architectury-api-419699-5137938_mapped_official_1.20.1.jar with languages [LanguageSpec[languageName=javafml, acceptedVersions=[46,)]]
[25May2026 10:06:05.819] [main/DEBUG] [net.minecraftforge.fml.loading.moddiscovery.ModFileParser/LOADING]: Considering mod file candidate C:\Users\cornw\.gradle\caches\forge_gradle\deobf_dependencies\curse\maven\playeranimator-658587\4587214_mapped_official_1.20.1\playeranimator-658587-4587214_mapped_official_1.20.1.jar
[25May2026 10:06:05.819] [main/DEBUG] [net.minecraftforge.fml.loading.moddiscovery.ModFileInfo/LOADING]: Found valid mod file playeranimator-658587-4587214_mapped_official_1.20.1.jar with {playeranimator} mods - versions {1.0.2-rc1+1.20}
[25May2026 10:06:05.819] [main/DEBUG] [net.minecraftforge.fml.loading.moddiscovery.ModFile/LOADING]: Loading mod file C:\Users\cornw\.gradle\caches\forge_gradle\deobf_dependencies\curse\maven\playeranimator-658587\4587214_mapped_official_1.20.1\playeranimator-658587-4587214_mapped_official_1.20.1.jar with languages [LanguageSpec[languageName=javafml, acceptedVersions=[46.0.0,)]]
[25May2026 10:06:05.819] [main/DEBUG] [net.minecraftforge.fml.loading.moddiscovery.ModFileParser/LOADING]: Considering mod file candidate C:\Users\cornw\OneDrive\Documents\Minecraft Modding\Forge\recruitsTACZ\build\resources\main
[25May2026 10:06:05.820] [main/DEBUG] [net.minecraftforge.fml.loading.moddiscovery.ModFileInfo/LOADING]: Found valid mod file main with {recruitstacz} mods - versions {1.0}
[25May2026 10:06:05.820] [main/DEBUG] [net.minecraftforge.fml.loading.moddiscovery.ModFile/LOADING]: Loading mod file C:\Users\cornw\OneDrive\Documents\Minecraft Modding\Forge\recruitsTACZ\build\resources\main with languages [LanguageSpec[languageName=javafml, acceptedVersions=[47,)]]
[25May2026 10:06:05.820] [main/DEBUG] [net.minecraftforge.fml.loading.moddiscovery.ModFileParser/LOADING]: Considering mod file candidate C:\Users\cornw\.gradle\caches\forge_gradle\deobf_dependencies\curse\maven\timeless-and-classics-zero-1028108\8055552_mapped_official_1.20.1\timeless-and-classics-zero-1028108-8055552_mapped_official_1.20.1.jar
[25May2026 10:06:05.820] [main/DEBUG] [net.minecraftforge.fml.loading.moddiscovery.ModFileInfo/LOADING]: Found valid mod file timeless-and-classics-zero-1028108-8055552_mapped_official_1.20.1.jar with {tacz} mods - versions {1.1.8}
[25May2026 10:06:05.820] [main/DEBUG] [net.minecraftforge.fml.loading.moddiscovery.ModFile/LOADING]: Loading mod file C:\Users\cornw\.gradle\caches\forge_gradle\deobf_dependencies\curse\maven\timeless-and-classics-zero-1028108\8055552_mapped_official_1.20.1\timeless-and-classics-zero-1028108-8055552_mapped_official_1.20.1.jar with languages [LanguageSpec[languageName=javafml, acceptedVersions=[46,)]]
[25May2026 10:06:05.820] [main/DEBUG] [net.minecraftforge.fml.loading.moddiscovery.ModFileParser/LOADING]: Considering mod file candidate C:\Users\cornw\.gradle\caches\forge_gradle\deobf_dependencies\curse\maven\better-mob-combat-fix-1481291\7733825_mapped_official_1.20.1\better-mob-combat-fix-1481291-7733825_mapped_official_1.20.1.jar
[25May2026 10:06:05.822] [main/DEBUG] [net.minecraftforge.fml.loading.moddiscovery.ModFileInfo/LOADING]: Found valid mod file better-mob-combat-fix-1481291-7733825_mapped_official_1.20.1.jar with {bmcfix} mods - versions {1.0.2}
[25May2026 10:06:05.822] [main/DEBUG] [net.minecraftforge.fml.loading.moddiscovery.ModFile/LOADING]: Loading mod file C:\Users\cornw\.gradle\caches\forge_gradle\deobf_dependencies\curse\maven\better-mob-combat-fix-1481291\7733825_mapped_official_1.20.1\better-mob-combat-fix-1481291-7733825_mapped_official_1.20.1.jar with languages [LanguageSpec[languageName=javafml, acceptedVersions=[47,)]]
[25May2026 10:06:05.822] [main/DEBUG] [net.minecraftforge.fml.loading.moddiscovery.ModFileParser/LOADING]: Considering mod file candidate C:\Users\cornw\.gradle\caches\forge_gradle\deobf_dependencies\curse\maven\cloth-config-348521\5729105_mapped_official_1.20.1\cloth-config-348521-5729105_mapped_official_1.20.1.jar
[25May2026 10:06:05.822] [main/DEBUG] [net.minecraftforge.fml.loading.moddiscovery.ModFileInfo/LOADING]: Found valid mod file cloth-config-348521-5729105_mapped_official_1.20.1.jar with {cloth_config} mods - versions {11.1.136}
[25May2026 10:06:05.822] [main/DEBUG] [net.minecraftforge.fml.loading.moddiscovery.ModFile/LOADING]: Loading mod file C:\Users\cornw\.gradle\caches\forge_gradle\deobf_dependencies\curse\maven\cloth-config-348521\5729105_mapped_official_1.20.1\cloth-config-348521-5729105_mapped_official_1.20.1.jar with languages [LanguageSpec[languageName=javafml, acceptedVersions=[34,)]]
[25May2026 10:06:05.822] [main/DEBUG] [net.minecraftforge.fml.loading.moddiscovery.ModFileParser/LOADING]: Considering mod file candidate /
[25May2026 10:06:05.823] [main/DEBUG] [net.minecraftforge.fml.loading.moddiscovery.ModFileInfo/LOADING]: Found valid mod file  with {forge} mods - versions {47.4.20}
[25May2026 10:06:05.823] [main/DEBUG] [net.minecraftforge.fml.loading.moddiscovery.ModFile/LOADING]: Loading mod file / with languages [LanguageSpec[languageName=javafml, acceptedVersions=[24,]]]
[25May2026 10:06:05.825] [main/DEBUG] [net.minecraftforge.fml.loading.moddiscovery.ModFileParser/LOADING]: Found coremod field_to_method with Javascript path coremods/field_to_method.js
[25May2026 10:06:05.825] [main/DEBUG] [net.minecraftforge.fml.loading.moddiscovery.ModFileParser/LOADING]: Found coremod field_to_instanceof with Javascript path coremods/field_to_instanceof.js
[25May2026 10:06:05.825] [main/DEBUG] [net.minecraftforge.fml.loading.moddiscovery.ModFileParser/LOADING]: Found coremod add_bouncer_method with Javascript path coremods/add_bouncer_method.js
[25May2026 10:06:05.825] [main/DEBUG] [net.minecraftforge.fml.loading.moddiscovery.ModFileParser/LOADING]: Found coremod method_redirector with Javascript path coremods/method_redirector.js
[25May2026 10:06:05.825] [main/DEBUG] [net.minecraftforge.fml.loading.moddiscovery.ModFile/LOADING]: Found coremod coremods/field_to_method.js
[25May2026 10:06:05.825] [main/DEBUG] [net.minecraftforge.fml.loading.moddiscovery.ModFile/LOADING]: Found coremod coremods/field_to_instanceof.js
[25May2026 10:06:05.825] [main/DEBUG] [net.minecraftforge.fml.loading.moddiscovery.ModFile/LOADING]: Found coremod coremods/add_bouncer_method.js
[25May2026 10:06:05.825] [main/DEBUG] [net.minecraftforge.fml.loading.moddiscovery.ModFile/LOADING]: Found coremod coremods/method_redirector.js
[25May2026 10:06:05.825] [main/DEBUG] [net.minecraftforge.fml.loading.moddiscovery.ModFileParser/LOADING]: Considering mod file candidate C:\Users\cornw\.gradle\caches\forge_gradle\deobf_dependencies\curse\maven\better-mob-combat-recruitsfix-1419655\7411612_mapped_official_1.20.1\better-mob-combat-recruitsfix-1419655-7411612_mapped_official_1.20.1.jar
[25May2026 10:06:05.826] [main/DEBUG] [net.minecraftforge.fml.loading.moddiscovery.ModFileInfo/LOADING]: Found valid mod file better-mob-combat-recruitsfix-1419655-7411612_mapped_official_1.20.1.jar with {bettermobcombat} mods - versions {1.3.1}
[25May2026 10:06:05.826] [main/DEBUG] [net.minecraftforge.fml.loading.moddiscovery.ModFile/LOADING]: Loading mod file C:\Users\cornw\.gradle\caches\forge_gradle\deobf_dependencies\curse\maven\better-mob-combat-recruitsfix-1419655\7411612_mapped_official_1.20.1\better-mob-combat-recruitsfix-1419655-7411612_mapped_official_1.20.1.jar with languages [LanguageSpec[languageName=javafml, acceptedVersions=[47,)]]
[25May2026 10:06:05.826] [main/DEBUG] [net.minecraftforge.fml.loading.moddiscovery.ModFileParser/LOADING]: Considering mod file candidate C:\Users\cornw\.gradle\caches\forge_gradle\deobf_dependencies\curse\maven\curios-309927\6418456_mapped_official_1.20.1\curios-309927-6418456_mapped_official_1.20.1.jar
[25May2026 10:06:05.827] [main/DEBUG] [net.minecraftforge.fml.loading.moddiscovery.ModFileInfo/LOADING]: Found valid mod file curios-309927-6418456_mapped_official_1.20.1.jar with {curios} mods - versions {5.14.1+1.20.1}
[25May2026 10:06:05.827] [main/DEBUG] [net.minecraftforge.fml.loading.moddiscovery.ModFile/LOADING]: Loading mod file C:\Users\cornw\.gradle\caches\forge_gradle\deobf_dependencies\curse\maven\curios-309927\6418456_mapped_official_1.20.1\curios-309927-6418456_mapped_official_1.20.1.jar with languages [LanguageSpec[languageName=javafml, acceptedVersions=[41,)]]
[25May2026 10:06:05.827] [main/DEBUG] [net.minecraftforge.fml.loading.moddiscovery.ModFileParser/LOADING]: Considering mod file candidate 
[25May2026 10:06:05.827] [main/DEBUG] [net.minecraftforge.fml.loading.moddiscovery.ModFileInfo/LOADING]: Found valid mod file simplebedrockmodel-2.2.2-forge+mc1.20.1.jar with {simplebedrockmodel} mods - versions {2.2.2-forge+mc1.20.1}
[25May2026 10:06:05.827] [main/DEBUG] [net.minecraftforge.fml.loading.moddiscovery.ModFile/LOADING]: Loading mod file  with languages [LanguageSpec[languageName=javafml, acceptedVersions=[47,)]]
[25May2026 10:06:05.827] [main/DEBUG] [net.minecraftforge.fml.loading.moddiscovery.ModFileParser/LOADING]: Considering mod file candidate C:\Users\cornw\.gradle\caches\forge_gradle\deobf_dependencies\curse\maven\recruits-523860\7906232_mapped_official_1.20.1\recruits-523860-7906232_mapped_official_1.20.1.jar
[25May2026 10:06:05.827] [main/DEBUG] [net.minecraftforge.fml.loading.moddiscovery.ModFileInfo/LOADING]: Found valid mod file recruits-523860-7906232_mapped_official_1.20.1.jar with {recruits} mods - versions {1.15.0}
[25May2026 10:06:05.827] [main/DEBUG] [net.minecraftforge.fml.loading.moddiscovery.ModFile/LOADING]: Loading mod file C:\Users\cornw\.gradle\caches\forge_gradle\deobf_dependencies\curse\maven\recruits-523860\7906232_mapped_official_1.20.1\recruits-523860-7906232_mapped_official_1.20.1.jar with languages [LanguageSpec[languageName=javafml, acceptedVersions=[47,)]]
[25May2026 10:06:05.827] [main/DEBUG] [net.minecraftforge.fml.loading.moddiscovery.ModFileParser/LOADING]: Considering mod file candidate C:\Users\cornw\.gradle\caches\forge_gradle\deobf_dependencies\curse\maven\mob-player-animator-1058791\6125584_mapped_official_1.20.1\mob-player-animator-1058791-6125584_mapped_official_1.20.1.jar
[25May2026 10:06:05.829] [main/DEBUG] [net.minecraftforge.fml.loading.moddiscovery.ModFileInfo/LOADING]: Found valid mod file mob-player-animator-1058791-6125584_mapped_official_1.20.1.jar with {mobplayeranimator} mods - versions {1.3.3}
[25May2026 10:06:05.829] [main/DEBUG] [net.minecraftforge.fml.loading.moddiscovery.ModFile/LOADING]: Loading mod file C:\Users\cornw\.gradle\caches\forge_gradle\deobf_dependencies\curse\maven\mob-player-animator-1058791\6125584_mapped_official_1.20.1\mob-player-animator-1058791-6125584_mapped_official_1.20.1.jar with languages [LanguageSpec[languageName=javafml, acceptedVersions=[47,)]]
[25May2026 10:06:05.829] [main/DEBUG] [net.minecraftforge.fml.loading.moddiscovery.ModFile/LOADING]: Loading mod file  with languages []
[25May2026 10:06:05.829] [main/DEBUG] [net.minecraftforge.fml.loading.moddiscovery.ModFileParser/LOADING]: Considering mod file candidate 
[25May2026 10:06:05.829] [main/DEBUG] [net.minecraftforge.fml.loading.moddiscovery.ModFileInfo/LOADING]: Found valid mod file mixinextras-forge-0.4.1.jar with {mixinextras} mods - versions {0.4.1}
[25May2026 10:06:05.829] [main/DEBUG] [net.minecraftforge.fml.loading.moddiscovery.ModFile/LOADING]: Loading mod file  with languages [LanguageSpec[languageName=javafml, acceptedVersions=*]]
[25May2026 10:06:05.829] [main/DEBUG] [net.minecraftforge.fml.loading.moddiscovery.ModFile/LOADING]: Loading mod file  with languages []
[25May2026 10:06:05.829] [main/DEBUG] [net.minecraftforge.fml.loading.moddiscovery.ModFile/LOADING]: Loading mod file  with languages []
[25May2026 10:06:05.829] [main/DEBUG] [net.minecraftforge.fml.loading.moddiscovery.ModFile/LOADING]: Loading mod file  with languages []
[25May2026 10:06:05.829] [main/DEBUG] [net.minecraftforge.fml.loading.moddiscovery.ModFile/LOADING]: Loading mod file  with languages []
[25May2026 10:06:05.830] [main/DEBUG] [net.minecraftforge.fml.loading.moddiscovery.ModFile/LOADING]: Loading mod file  with languages []
[25May2026 10:06:05.830] [main/DEBUG] [net.minecraftforge.fml.loading.moddiscovery.ModFile/LOADING]: Loading mod file  with languages []
[25May2026 10:06:05.830] [main/DEBUG] [net.minecraftforge.fml.loading.moddiscovery.ModFile/LOADING]: Loading mod file  with languages []
[25May2026 10:06:05.830] [main/DEBUG] [net.minecraftforge.fml.loading.moddiscovery.ModFileParser/LOADING]: Considering mod file candidate 
[25May2026 10:06:05.830] [main/DEBUG] [net.minecraftforge.fml.loading.moddiscovery.ModFileInfo/LOADING]: Found valid mod file mixinextras-forge-0.4.1.jar with {mixinextras} mods - versions {0.4.1}
[25May2026 10:06:05.831] [main/DEBUG] [net.minecraftforge.fml.loading.moddiscovery.ModFile/LOADING]: Loading mod file  with languages [LanguageSpec[languageName=javafml, acceptedVersions=*]]
[25May2026 10:06:05.831] [main/DEBUG] [net.minecraftforge.fml.loading.moddiscovery.ModFile/LOADING]: Loading mod file  with languages []
[25May2026 10:06:05.831] [main/DEBUG] [net.minecraftforge.fml.loading.moddiscovery.ModFile/LOADING]: Loading mod file  with languages []
[25May2026 10:06:05.831] [main/DEBUG] [net.minecraftforge.fml.loading.moddiscovery.ModFile/LOADING]: Loading mod file  with languages []
[25May2026 10:06:05.831] [main/DEBUG] [net.minecraftforge.fml.loading.moddiscovery.ModFile/LOADING]: Loading mod file  with languages []
[25May2026 10:06:05.831] [main/DEBUG] [net.minecraftforge.fml.loading.moddiscovery.ModFile/LOADING]: Loading mod file  with languages []
[25May2026 10:06:05.831] [main/DEBUG] [net.minecraftforge.fml.loading.moddiscovery.ModFile/LOADING]: Loading mod file  with languages []
[25May2026 10:06:05.831] [main/DEBUG] [cpw.mods.modlauncher.TransformationServiceDecorator/MODLAUNCHER]: End scan trigger - transformation service fml
[25May2026 10:06:05.840] [main/DEBUG] [net.minecraftforge.fml.loading.LanguageLoadingProvider/CORE]: Found 3 language providers
[25May2026 10:06:05.840] [main/DEBUG] [net.minecraftforge.fml.loading.LanguageLoadingProvider/CORE]: Found language provider minecraft, version 1.0
[25May2026 10:06:05.841] [main/DEBUG] [net.minecraftforge.fml.loading.LanguageLoadingProvider/CORE]: Found language provider lowcodefml, version 47
[25May2026 10:06:05.842] [main/DEBUG] [net.minecraftforge.fml.loading.LanguageLoadingProvider/CORE]: Found language provider javafml, version 47
[25May2026 10:06:05.843] [main/DEBUG] [net.minecraftforge.fml.loading.UniqueModListBuilder/]: Found 2 mods for first modid mclib, selecting most recent based on version data
[25May2026 10:06:05.845] [main/DEBUG] [net.minecraftforge.fml.loading.UniqueModListBuilder/]: Selected file mclib-20.jar for modid mclib with version 0.0NONE
[25May2026 10:06:05.845] [main/DEBUG] [net.minecraftforge.fml.loading.UniqueModListBuilder/]: Found 2 mods for first modid mixinextras, selecting most recent based on version data
[25May2026 10:06:05.845] [main/DEBUG] [net.minecraftforge.fml.loading.UniqueModListBuilder/]: Selected file mixinextras-forge-0.4.1.jar for modid mixinextras with version 0.4.1
[25May2026 10:06:05.845] [main/DEBUG] [net.minecraftforge.fml.loading.UniqueModListBuilder/]: Found 2 mods for first modid mae, selecting most recent based on version data
[25May2026 10:06:05.845] [main/DEBUG] [net.minecraftforge.fml.loading.UniqueModListBuilder/]: Selected file mae-1.1.2.jar for modid mae with version 0.0NONE
[25May2026 10:06:05.845] [main/DEBUG] [net.minecraftforge.fml.loading.UniqueModListBuilder/]: Found 2 mods for first modid MixinExtras, selecting most recent based on version data
[25May2026 10:06:05.845] [main/DEBUG] [net.minecraftforge.fml.loading.UniqueModListBuilder/]: Selected file MixinExtras-0.4.1.jar for modid MixinExtras with version 0.0NONE
[25May2026 10:06:05.845] [main/DEBUG] [net.minecraftforge.fml.loading.UniqueModListBuilder/]: Found 2 mods for first modid luaj.jse.figura, selecting most recent based on version data
[25May2026 10:06:05.845] [main/DEBUG] [net.minecraftforge.fml.loading.UniqueModListBuilder/]: Selected file luaj-jse-3.0.8-figura.jar for modid luaj.jse.figura with version 0.0NONE
[25May2026 10:06:05.845] [main/DEBUG] [net.minecraftforge.fml.loading.UniqueModListBuilder/]: Found 2 mods for first modid org.apache.bcel, selecting most recent based on version data
[25May2026 10:06:05.845] [main/DEBUG] [net.minecraftforge.fml.loading.UniqueModListBuilder/]: Selected file bcel-6.6.1.jar for modid org.apache.bcel with version 6.6.1
[25May2026 10:06:05.845] [main/DEBUG] [net.minecraftforge.fml.loading.UniqueModListBuilder/]: Found 2 mods for first modid luaj.core.figura, selecting most recent based on version data
[25May2026 10:06:05.846] [main/DEBUG] [net.minecraftforge.fml.loading.UniqueModListBuilder/]: Selected file luaj-core-3.0.8-figura.jar for modid luaj.core.figura with version 0.0NONE
[25May2026 10:06:05.846] [main/DEBUG] [net.minecraftforge.fml.loading.UniqueModListBuilder/]: Found 2 mods for first modid commons.math3, selecting most recent based on version data
[25May2026 10:06:05.846] [main/DEBUG] [net.minecraftforge.fml.loading.UniqueModListBuilder/]: Selected file commons-math3-3.6.1.jar for modid commons.math3 with version 3.6.1
[25May2026 10:06:05.848] [main/DEBUG] [net.minecraftforge.fml.loading.ModSorter/]: Configured system mods: [minecraft, forge]
[25May2026 10:06:05.848] [main/DEBUG] [net.minecraftforge.fml.loading.ModSorter/]: Found system mod: minecraft
[25May2026 10:06:05.848] [main/DEBUG] [net.minecraftforge.fml.loading.ModSorter/]: Found system mod: forge
[25May2026 10:06:05.851] [main/DEBUG] [net.minecraftforge.fml.loading.ModSorter/LOADING]: Found 39 mod requirements (32 mandatory, 7 optional)
[25May2026 10:06:05.851] [main/DEBUG] [net.minecraftforge.fml.loading.ModSorter/LOADING]: Found 0 mod requirements missing (0 mandatory, 0 optional)
[25May2026 10:06:06.198] [main/DEBUG] [net.minecraftforge.fml.loading.MCPNamingService/CORE]: Loaded 33222 method mappings from methods.csv
[25May2026 10:06:06.225] [main/DEBUG] [net.minecraftforge.fml.loading.MCPNamingService/CORE]: Loaded 31003 field mappings from fields.csv
[25May2026 10:06:06.282] [main/DEBUG] [cpw.mods.modlauncher.TransformationServicesHandler/MODLAUNCHER]: Transformation services loading transformers
[25May2026 10:06:06.283] [main/DEBUG] [cpw.mods.modlauncher.TransformationServiceDecorator/MODLAUNCHER]: Initializing transformers for transformation service mixin
[25May2026 10:06:06.283] [main/DEBUG] [cpw.mods.modlauncher.TransformationServiceDecorator/MODLAUNCHER]: Initialized transformers for transformation service mixin
[25May2026 10:06:06.284] [main/DEBUG] [cpw.mods.modlauncher.TransformationServiceDecorator/MODLAUNCHER]: Initializing transformers for transformation service fml
[25May2026 10:06:06.284] [main/DEBUG] [net.minecraftforge.fml.loading.FMLServiceProvider/CORE]: Loading coremod transformers
[25May2026 10:06:06.284] [main/DEBUG] [net.minecraftforge.coremod.CoreModEngine/COREMOD]: Loading CoreMod from coremods/field_to_method.js
[25May2026 10:06:06.485] [main/DEBUG] [net.minecraftforge.coremod.CoreModEngine/COREMOD]: CoreMod loaded successfully
[25May2026 10:06:06.485] [main/DEBUG] [net.minecraftforge.coremod.CoreModEngine/COREMOD]: Loading CoreMod from coremods/field_to_instanceof.js
[25May2026 10:06:06.567] [main/DEBUG] [net.minecraftforge.coremod.CoreModEngine/COREMOD]: CoreMod loaded successfully
[25May2026 10:06:06.568] [main/DEBUG] [net.minecraftforge.coremod.CoreModEngine/COREMOD]: Loading CoreMod from coremods/add_bouncer_method.js
[25May2026 10:06:06.603] [main/DEBUG] [net.minecraftforge.coremod.CoreModEngine/COREMOD]: CoreMod loaded successfully
[25May2026 10:06:06.603] [main/DEBUG] [net.minecraftforge.coremod.CoreModEngine/COREMOD]: Loading CoreMod from coremods/method_redirector.js
[25May2026 10:06:06.655] [main/DEBUG] [net.minecraftforge.coremod.CoreModEngine/COREMOD]: CoreMod loaded successfully
[25May2026 10:06:06.671] [main/DEBUG] [cpw.mods.modlauncher.TransformStore/MODLAUNCHER]: Adding transformer net.minecraftforge.coremod.transformer.CoreModClassTransformer@e784320 to Target : CLASS {Lnet/minecraft/world/level/biome/Biome;} {} {V}
[25May2026 10:06:06.672] [main/DEBUG] [cpw.mods.modlauncher.TransformStore/MODLAUNCHER]: Adding transformer net.minecraftforge.coremod.transformer.CoreModClassTransformer@497d4c96 to Target : CLASS {Lnet/minecraft/world/level/levelgen/structure/Structure;} {} {V}
[25May2026 10:06:06.674] [main/DEBUG] [cpw.mods.modlauncher.TransformStore/MODLAUNCHER]: Adding transformer net.minecraftforge.coremod.transformer.CoreModClassTransformer@3472947a to Target : CLASS {Lnet/minecraft/world/effect/MobEffectInstance;} {} {V}
[25May2026 10:06:06.674] [main/DEBUG] [cpw.mods.modlauncher.TransformStore/MODLAUNCHER]: Adding transformer net.minecraftforge.coremod.transformer.CoreModClassTransformer@69d3cf7e to Target : CLASS {Lnet/minecraft/world/level/block/LiquidBlock;} {} {V}
[25May2026 10:06:06.674] [main/DEBUG] [cpw.mods.modlauncher.TransformStore/MODLAUNCHER]: Adding transformer net.minecraftforge.coremod.transformer.CoreModClassTransformer@3a3ed300 to Target : CLASS {Lnet/minecraft/world/item/BucketItem;} {} {V}
[25May2026 10:06:06.674] [main/DEBUG] [cpw.mods.modlauncher.TransformStore/MODLAUNCHER]: Adding transformer net.minecraftforge.coremod.transformer.CoreModClassTransformer@1984212d to Target : CLASS {Lnet/minecraft/world/level/block/StairBlock;} {} {V}
[25May2026 10:06:06.674] [main/DEBUG] [cpw.mods.modlauncher.TransformStore/MODLAUNCHER]: Adding transformer net.minecraftforge.coremod.transformer.CoreModClassTransformer@39f5b723 to Target : CLASS {Lnet/minecraft/world/level/block/FlowerPotBlock;} {} {V}
[25May2026 10:06:06.674] [main/DEBUG] [cpw.mods.modlauncher.TransformStore/MODLAUNCHER]: Adding transformer net.minecraftforge.coremod.transformer.CoreModClassTransformer@4eaa375c to Target : CLASS {Lnet/minecraft/world/item/ItemStack;} {} {V}
[25May2026 10:06:06.674] [main/DEBUG] [cpw.mods.modlauncher.TransformStore/MODLAUNCHER]: Adding transformer net.minecraftforge.coremod.transformer.CoreModClassTransformer@2404b5a to Target : CLASS {Lnet/minecraft/network/play/client/CClientSettingsPacket;} {} {V}
[25May2026 10:06:06.674] [main/DEBUG] [cpw.mods.modlauncher.TransformStore/MODLAUNCHER]: Adding transformer net.minecraftforge.coremod.transformer.CoreModClassTransformer@3af58f76 to Target : CLASS {Lnet/minecraft/world/level/levelgen/structure/templatesystem/StructureTemplate;} {} {V}
[25May2026 10:06:06.674] [main/DEBUG] [cpw.mods.modlauncher.TransformStore/MODLAUNCHER]: Adding transformer net.minecraftforge.coremod.transformer.CoreModClassTransformer@3af58f76 to Target : CLASS {Lnet/minecraft/world/entity/animal/horse/SkeletonTrapGoal;} {} {V}
[25May2026 10:06:06.674] [main/DEBUG] [cpw.mods.modlauncher.TransformStore/MODLAUNCHER]: Adding transformer net.minecraftforge.coremod.transformer.CoreModClassTransformer@3af58f76 to Target : CLASS {Lnet/minecraft/world/entity/monster/Strider;} {} {V}
[25May2026 10:06:06.674] [main/DEBUG] [cpw.mods.modlauncher.TransformStore/MODLAUNCHER]: Adding transformer net.minecraftforge.coremod.transformer.CoreModClassTransformer@3af58f76 to Target : CLASS {Lnet/minecraft/world/level/NaturalSpawner;} {} {V}
[25May2026 10:06:06.674] [main/DEBUG] [cpw.mods.modlauncher.TransformStore/MODLAUNCHER]: Adding transformer net.minecraftforge.coremod.transformer.CoreModClassTransformer@3af58f76 to Target : CLASS {Lnet/minecraft/world/entity/EntityType;} {} {V}
[25May2026 10:06:06.675] [main/DEBUG] [cpw.mods.modlauncher.TransformStore/MODLAUNCHER]: Adding transformer net.minecraftforge.coremod.transformer.CoreModClassTransformer@3af58f76 to Target : CLASS {Lnet/minecraft/world/entity/monster/Evoker$EvokerSummonSpellGoal;} {} {V}
[25May2026 10:06:06.675] [main/DEBUG] [cpw.mods.modlauncher.TransformStore/MODLAUNCHER]: Adding transformer net.minecraftforge.coremod.transformer.CoreModClassTransformer@3af58f76 to Target : CLASS {Lnet/minecraft/world/entity/npc/Villager;} {} {V}
[25May2026 10:06:06.675] [main/DEBUG] [cpw.mods.modlauncher.TransformStore/MODLAUNCHER]: Adding transformer net.minecraftforge.coremod.transformer.CoreModClassTransformer@3af58f76 to Target : CLASS {Lnet/minecraft/world/level/levelgen/PhantomSpawner;} {} {V}
[25May2026 10:06:06.675] [main/DEBUG] [cpw.mods.modlauncher.TransformStore/MODLAUNCHER]: Adding transformer net.minecraftforge.coremod.transformer.CoreModClassTransformer@3af58f76 to Target : CLASS {Lnet/minecraft/world/level/levelgen/structure/structures/OceanRuinPieces$OceanRuinPiece;} {} {V}
[25May2026 10:06:06.675] [main/DEBUG] [cpw.mods.modlauncher.TransformStore/MODLAUNCHER]: Adding transformer net.minecraftforge.coremod.transformer.CoreModClassTransformer@3af58f76 to Target : CLASS {Lnet/minecraft/world/entity/ai/village/VillageSiege;} {} {V}
[25May2026 10:06:06.675] [main/DEBUG] [cpw.mods.modlauncher.TransformStore/MODLAUNCHER]: Adding transformer net.minecraftforge.coremod.transformer.CoreModClassTransformer@3af58f76 to Target : CLASS {Lnet/minecraft/world/entity/animal/frog/Tadpole;} {} {V}
[25May2026 10:06:06.675] [main/DEBUG] [cpw.mods.modlauncher.TransformStore/MODLAUNCHER]: Adding transformer net.minecraftforge.coremod.transformer.CoreModClassTransformer@3af58f76 to Target : CLASS {Lnet/minecraft/world/entity/monster/ZombieVillager;} {} {V}
[25May2026 10:06:06.675] [main/DEBUG] [cpw.mods.modlauncher.TransformStore/MODLAUNCHER]: Adding transformer net.minecraftforge.coremod.transformer.CoreModClassTransformer@3af58f76 to Target : CLASS {Lnet/minecraft/world/entity/raid/Raid;} {} {V}
[25May2026 10:06:06.675] [main/DEBUG] [cpw.mods.modlauncher.TransformStore/MODLAUNCHER]: Adding transformer net.minecraftforge.coremod.transformer.CoreModClassTransformer@3af58f76 to Target : CLASS {Lnet/minecraft/world/level/levelgen/structure/structures/WoodlandMansionPieces$WoodlandMansionPiece;} {} {V}
[25May2026 10:06:06.675] [main/DEBUG] [cpw.mods.modlauncher.TransformStore/MODLAUNCHER]: Adding transformer net.minecraftforge.coremod.transformer.CoreModClassTransformer@3af58f76 to Target : CLASS {Lnet/minecraft/world/entity/monster/Spider;} {} {V}
[25May2026 10:06:06.675] [main/DEBUG] [cpw.mods.modlauncher.TransformStore/MODLAUNCHER]: Adding transformer net.minecraftforge.coremod.transformer.CoreModClassTransformer@3af58f76 to Target : CLASS {Lnet/minecraft/world/level/levelgen/structure/structures/OceanMonumentPieces$OceanMonumentPiece;} {} {V}
[25May2026 10:06:06.675] [main/DEBUG] [cpw.mods.modlauncher.TransformStore/MODLAUNCHER]: Adding transformer net.minecraftforge.coremod.transformer.CoreModClassTransformer@3af58f76 to Target : CLASS {Lnet/minecraft/server/commands/RaidCommand;} {} {V}
[25May2026 10:06:06.675] [main/DEBUG] [cpw.mods.modlauncher.TransformStore/MODLAUNCHER]: Adding transformer net.minecraftforge.coremod.transformer.CoreModClassTransformer@3af58f76 to Target : CLASS {Lnet/minecraft/server/commands/SummonCommand;} {} {V}
[25May2026 10:06:06.675] [main/DEBUG] [cpw.mods.modlauncher.TransformStore/MODLAUNCHER]: Adding transformer net.minecraftforge.coremod.transformer.CoreModClassTransformer@3af58f76 to Target : CLASS {Lnet/minecraft/world/entity/monster/Zombie;} {} {V}
[25May2026 10:06:06.675] [main/DEBUG] [cpw.mods.modlauncher.TransformStore/MODLAUNCHER]: Adding transformer net.minecraftforge.coremod.transformer.CoreModClassTransformer@3af58f76 to Target : CLASS {Lnet/minecraft/world/level/levelgen/structure/structures/SwampHutPiece;} {} {V}
[25May2026 10:06:06.675] [main/DEBUG] [cpw.mods.modlauncher.TransformStore/MODLAUNCHER]: Adding transformer net.minecraftforge.coremod.transformer.CoreModClassTransformer@3af58f76 to Target : CLASS {Lnet/minecraft/world/entity/npc/CatSpawner;} {} {V}
[25May2026 10:06:06.675] [main/DEBUG] [cpw.mods.modlauncher.TransformStore/MODLAUNCHER]: Adding transformer net.minecraftforge.coremod.transformer.CoreModClassTransformer@3af58f76 to Target : CLASS {Lnet/minecraft/world/level/levelgen/PatrolSpawner;} {} {V}
[25May2026 10:06:06.675] [main/DEBUG] [cpw.mods.modlauncher.TransformationServiceDecorator/MODLAUNCHER]: Initialized transformers for transformation service fml
[25May2026 10:06:07.255] [main/DEBUG] [mixin/]: Processing prepare() for PlatformAgent[MixinPlatformAgentDefault:ModLauncher Root Container(ModLauncher:4f56a0a2)]
[25May2026 10:06:07.255] [main/DEBUG] [mixin/]: Registering mixin config: recruitstacz.mixins.json
[25May2026 10:06:07.270] [main/DEBUG] [mixin/]: Compatibility level JAVA_8 specified by recruitstacz.mixins.json is lower than the default level supported by the current mixin service (JAVA_16).
[25May2026 10:06:07.273] [main/DEBUG] [mixin/]: Processing launch tasks for PlatformAgent[MixinPlatformAgentDefault:ModLauncher Root Container(ModLauncher:4f56a0a2)]
[25May2026 10:06:07.273] [main/DEBUG] [mixin/]: Adding mixin platform agents for container SecureJarResource(minecraft)
[25May2026 10:06:07.273] [main/DEBUG] [mixin/]: Instancing new MixinPlatformAgentMinecraftForge for SecureJarResource(minecraft)
[25May2026 10:06:07.273] [main/DEBUG] [mixin/]: MixinPlatformAgentMinecraftForge rejected container SecureJarResource(minecraft)
[25May2026 10:06:07.273] [main/DEBUG] [mixin/]: Instancing new MixinPlatformAgentDefault for SecureJarResource(minecraft)
[25May2026 10:06:07.273] [main/DEBUG] [mixin/]: MixinPlatformAgentDefault accepted container SecureJarResource(minecraft)
[25May2026 10:06:07.273] [main/DEBUG] [mixin/]: Processing prepare() for PlatformAgent[MixinPlatformAgentDefault:SecureJarResource(minecraft)]
[25May2026 10:06:07.273] [main/DEBUG] [mixin/]: Adding mixin platform agents for container SecureJarResource(mixinextras)
[25May2026 10:06:07.273] [main/DEBUG] [mixin/]: Instancing new MixinPlatformAgentMinecraftForge for SecureJarResource(mixinextras)
[25May2026 10:06:07.273] [main/DEBUG] [mixin/]: MixinPlatformAgentMinecraftForge rejected container SecureJarResource(mixinextras)
[25May2026 10:06:07.273] [main/DEBUG] [mixin/]: Instancing new MixinPlatformAgentDefault for SecureJarResource(mixinextras)
[25May2026 10:06:07.273] [main/DEBUG] [mixin/]: MixinPlatformAgentDefault accepted container SecureJarResource(mixinextras)
[25May2026 10:06:07.273] [main/DEBUG] [mixin/]: Processing prepare() for PlatformAgent[MixinPlatformAgentDefault:SecureJarResource(mixinextras)]
[25May2026 10:06:07.274] [main/DEBUG] [mixin/]: Registering mixin config: mixinextras.init.mixins.json
[25May2026 10:06:07.277] [main/DEBUG] [mixin/]: Adding mixin platform agents for container SecureJarResource(fracturepoint)
[25May2026 10:06:07.277] [main/DEBUG] [mixin/]: Instancing new MixinPlatformAgentMinecraftForge for SecureJarResource(fracturepoint)
[25May2026 10:06:07.277] [main/DEBUG] [mixin/]: MixinPlatformAgentMinecraftForge rejected container SecureJarResource(fracturepoint)
[25May2026 10:06:07.277] [main/DEBUG] [mixin/]: Instancing new MixinPlatformAgentDefault for SecureJarResource(fracturepoint)
[25May2026 10:06:07.277] [main/DEBUG] [mixin/]: MixinPlatformAgentDefault accepted container SecureJarResource(fracturepoint)
[25May2026 10:06:07.277] [main/DEBUG] [mixin/]: Processing prepare() for PlatformAgent[MixinPlatformAgentDefault:SecureJarResource(fracturepoint)]
[25May2026 10:06:07.277] [main/DEBUG] [mixin/]: Registering mixin config: fracturepoint.mixins.json
[25May2026 10:06:07.278] [main/DEBUG] [mixin/]: Compatibility level JAVA_17 specified by fracturepoint.mixins.json is higher than the maximum level supported by this version of mixin (JAVA_13).
[25May2026 10:06:07.281] [main/INFO] [mixin/]: Compatibility level set to JAVA_17
[25May2026 10:06:07.282] [main/DEBUG] [mixin/]: Adding mixin platform agents for container SecureJarResource(geckolib)
[25May2026 10:06:07.282] [main/DEBUG] [mixin/]: Instancing new MixinPlatformAgentMinecraftForge for SecureJarResource(geckolib)
[25May2026 10:06:07.282] [main/DEBUG] [mixin/]: MixinPlatformAgentMinecraftForge rejected container SecureJarResource(geckolib)
[25May2026 10:06:07.282] [main/DEBUG] [mixin/]: Instancing new MixinPlatformAgentDefault for SecureJarResource(geckolib)
[25May2026 10:06:07.282] [main/DEBUG] [mixin/]: MixinPlatformAgentDefault accepted container SecureJarResource(geckolib)
[25May2026 10:06:07.282] [main/DEBUG] [mixin/]: Processing prepare() for PlatformAgent[MixinPlatformAgentDefault:SecureJarResource(geckolib)]
[25May2026 10:06:07.282] [main/DEBUG] [mixin/]: Registering mixin config: geckolib.mixins.json
[25May2026 10:06:07.283] [main/DEBUG] [mixin/]: Adding mixin platform agents for container SecureJarResource(architectury)
[25May2026 10:06:07.285] [main/DEBUG] [mixin/]: Instancing new MixinPlatformAgentMinecraftForge for SecureJarResource(architectury)
[25May2026 10:06:07.285] [main/DEBUG] [mixin/]: MixinPlatformAgentMinecraftForge rejected container SecureJarResource(architectury)
[25May2026 10:06:07.285] [main/DEBUG] [mixin/]: Instancing new MixinPlatformAgentDefault for SecureJarResource(architectury)
[25May2026 10:06:07.285] [main/DEBUG] [mixin/]: MixinPlatformAgentDefault accepted container SecureJarResource(architectury)
[25May2026 10:06:07.285] [main/DEBUG] [mixin/]: Processing prepare() for PlatformAgent[MixinPlatformAgentDefault:SecureJarResource(architectury)]
[25May2026 10:06:07.285] [main/DEBUG] [mixin/]: Registering mixin config: architectury.mixins.json
[25May2026 10:06:07.287] [main/DEBUG] [mixin/]: Compatibility level JAVA_16 specified by architectury.mixins.json is higher than the maximum level supported by this version of mixin (JAVA_13).
[25May2026 10:06:07.287] [main/DEBUG] [mixin/]: Registering mixin config: architectury-common.mixins.json
[25May2026 10:06:07.288] [main/DEBUG] [mixin/]: Compatibility level JAVA_16 specified by architectury-common.mixins.json is higher than the maximum level supported by this version of mixin (JAVA_13).
[25May2026 10:06:07.290] [main/DEBUG] [mixin/]: Adding mixin platform agents for container SecureJarResource(playeranimator)
[25May2026 10:06:07.290] [main/DEBUG] [mixin/]: Instancing new MixinPlatformAgentMinecraftForge for SecureJarResource(playeranimator)
[25May2026 10:06:07.290] [main/DEBUG] [mixin/]: MixinPlatformAgentMinecraftForge rejected container SecureJarResource(playeranimator)
[25May2026 10:06:07.290] [main/DEBUG] [mixin/]: Instancing new MixinPlatformAgentDefault for SecureJarResource(playeranimator)
[25May2026 10:06:07.290] [main/DEBUG] [mixin/]: MixinPlatformAgentDefault accepted container SecureJarResource(playeranimator)
[25May2026 10:06:07.290] [main/DEBUG] [mixin/]: Processing prepare() for PlatformAgent[MixinPlatformAgentDefault:SecureJarResource(playeranimator)]
[25May2026 10:06:07.290] [main/DEBUG] [mixin/]: Registering mixin config: playerAnimator-common.mixins.json
[25May2026 10:06:07.291] [main/DEBUG] [mixin/]: Compatibility level JAVA_16 specified by playerAnimator-common.mixins.json is higher than the maximum level supported by this version of mixin (JAVA_13).
[25May2026 10:06:07.292] [main/DEBUG] [mixin/]: Adding mixin platform agents for container SecureJarResource(tacz)
[25May2026 10:06:07.292] [main/DEBUG] [mixin/]: Instancing new MixinPlatformAgentMinecraftForge for SecureJarResource(tacz)
[25May2026 10:06:07.292] [main/DEBUG] [mixin/]: MixinPlatformAgentMinecraftForge rejected container SecureJarResource(tacz)
[25May2026 10:06:07.292] [main/DEBUG] [mixin/]: Instancing new MixinPlatformAgentDefault for SecureJarResource(tacz)
[25May2026 10:06:07.292] [main/DEBUG] [mixin/]: MixinPlatformAgentDefault accepted container SecureJarResource(tacz)
[25May2026 10:06:07.293] [main/DEBUG] [mixin/]: Processing prepare() for PlatformAgent[MixinPlatformAgentDefault:SecureJarResource(tacz)]
[25May2026 10:06:07.293] [main/DEBUG] [mixin/]: Registering mixin config: tacz.mixins.json
[25May2026 10:06:07.294] [main/DEBUG] [mixin/]: Registering mixin config: tacz.compat.acceleratedrendering.mixins.json
[25May2026 10:06:07.296] [main/DEBUG] [mixin/]: Adding mixin platform agents for container SecureJarResource(recruitstacz)
[25May2026 10:06:07.296] [main/DEBUG] [mixin/]: Instancing new MixinPlatformAgentMinecraftForge for SecureJarResource(recruitstacz)
[25May2026 10:06:07.296] [main/DEBUG] [mixin/]: MixinPlatformAgentMinecraftForge rejected container SecureJarResource(recruitstacz)
[25May2026 10:06:07.296] [main/DEBUG] [mixin/]: Instancing new MixinPlatformAgentDefault for SecureJarResource(recruitstacz)
[25May2026 10:06:07.296] [main/DEBUG] [mixin/]: MixinPlatformAgentDefault accepted container SecureJarResource(recruitstacz)
[25May2026 10:06:07.296] [main/DEBUG] [mixin/]: Processing prepare() for PlatformAgent[MixinPlatformAgentDefault:SecureJarResource(recruitstacz)]
[25May2026 10:06:07.296] [main/DEBUG] [mixin/]: Adding mixin platform agents for container SecureJarResource(bmcfix)
[25May2026 10:06:07.296] [main/DEBUG] [mixin/]: Instancing new MixinPlatformAgentMinecraftForge for SecureJarResource(bmcfix)
[25May2026 10:06:07.296] [main/DEBUG] [mixin/]: MixinPlatformAgentMinecraftForge rejected container SecureJarResource(bmcfix)
[25May2026 10:06:07.296] [main/DEBUG] [mixin/]: Instancing new MixinPlatformAgentDefault for SecureJarResource(bmcfix)
[25May2026 10:06:07.296] [main/DEBUG] [mixin/]: MixinPlatformAgentDefault accepted container SecureJarResource(bmcfix)
[25May2026 10:06:07.296] [main/DEBUG] [mixin/]: Processing prepare() for PlatformAgent[MixinPlatformAgentDefault:SecureJarResource(bmcfix)]
[25May2026 10:06:07.296] [main/DEBUG] [mixin/]: Registering mixin config: bmcfix.mixins.json
[25May2026 10:06:07.297] [main/DEBUG] [mixin/]: Adding mixin platform agents for container SecureJarResource(cloth_config)
[25May2026 10:06:07.297] [main/DEBUG] [mixin/]: Instancing new MixinPlatformAgentMinecraftForge for SecureJarResource(cloth_config)
[25May2026 10:06:07.297] [main/DEBUG] [mixin/]: MixinPlatformAgentMinecraftForge rejected container SecureJarResource(cloth_config)
[25May2026 10:06:07.297] [main/DEBUG] [mixin/]: Instancing new MixinPlatformAgentDefault for SecureJarResource(cloth_config)
[25May2026 10:06:07.297] [main/DEBUG] [mixin/]: MixinPlatformAgentDefault accepted container SecureJarResource(cloth_config)
[25May2026 10:06:07.297] [main/DEBUG] [mixin/]: Processing prepare() for PlatformAgent[MixinPlatformAgentDefault:SecureJarResource(cloth_config)]
[25May2026 10:06:07.297] [main/DEBUG] [mixin/]: Adding mixin platform agents for container SecureJarResource(bettercombat)
[25May2026 10:06:07.297] [main/DEBUG] [mixin/]: Instancing new MixinPlatformAgentMinecraftForge for SecureJarResource(bettercombat)
[25May2026 10:06:07.297] [main/DEBUG] [mixin/]: MixinPlatformAgentMinecraftForge rejected container SecureJarResource(bettercombat)
[25May2026 10:06:07.297] [main/DEBUG] [mixin/]: Instancing new MixinPlatformAgentDefault for SecureJarResource(bettercombat)
[25May2026 10:06:07.297] [main/DEBUG] [mixin/]: MixinPlatformAgentDefault accepted container SecureJarResource(bettercombat)
[25May2026 10:06:07.297] [main/DEBUG] [mixin/]: Processing prepare() for PlatformAgent[MixinPlatformAgentDefault:SecureJarResource(bettercombat)]
[25May2026 10:06:07.297] [main/DEBUG] [mixin/]: Registering mixin config: bettercombat.mixins.json
[25May2026 10:06:07.300] [main/DEBUG] [mixin/]: Adding mixin platform agents for container SecureJarResource(forge)
[25May2026 10:06:07.300] [main/DEBUG] [mixin/]: Instancing new MixinPlatformAgentMinecraftForge for SecureJarResource(forge)
[25May2026 10:06:07.300] [main/DEBUG] [mixin/]: MixinPlatformAgentMinecraftForge rejected container SecureJarResource(forge)
[25May2026 10:06:07.300] [main/DEBUG] [mixin/]: Instancing new MixinPlatformAgentDefault for SecureJarResource(forge)
[25May2026 10:06:07.300] [main/DEBUG] [mixin/]: MixinPlatformAgentDefault accepted container SecureJarResource(forge)
[25May2026 10:06:07.300] [main/DEBUG] [mixin/]: Processing prepare() for PlatformAgent[MixinPlatformAgentDefault:SecureJarResource(forge)]
[25May2026 10:06:07.300] [main/DEBUG] [mixin/]: Adding mixin platform agents for container SecureJarResource(curios)
[25May2026 10:06:07.300] [main/DEBUG] [mixin/]: Instancing new MixinPlatformAgentMinecraftForge for SecureJarResource(curios)
[25May2026 10:06:07.300] [main/DEBUG] [mixin/]: MixinPlatformAgentMinecraftForge rejected container SecureJarResource(curios)
[25May2026 10:06:07.300] [main/DEBUG] [mixin/]: Instancing new MixinPlatformAgentDefault for SecureJarResource(curios)
[25May2026 10:06:07.300] [main/DEBUG] [mixin/]: MixinPlatformAgentDefault accepted container SecureJarResource(curios)
[25May2026 10:06:07.300] [main/DEBUG] [mixin/]: Processing prepare() for PlatformAgent[MixinPlatformAgentDefault:SecureJarResource(curios)]
[25May2026 10:06:07.300] [main/DEBUG] [mixin/]: Registering mixin config: curios.mixins.json
[25May2026 10:06:07.302] [main/DEBUG] [mixin/]: Adding mixin platform agents for container SecureJarResource(simplebedrockmodel)
[25May2026 10:06:07.302] [main/DEBUG] [mixin/]: Instancing new MixinPlatformAgentMinecraftForge for SecureJarResource(simplebedrockmodel)
[25May2026 10:06:07.302] [main/DEBUG] [mixin/]: MixinPlatformAgentMinecraftForge rejected container SecureJarResource(simplebedrockmodel)
[25May2026 10:06:07.302] [main/DEBUG] [mixin/]: Instancing new MixinPlatformAgentDefault for SecureJarResource(simplebedrockmodel)
[25May2026 10:06:07.302] [main/DEBUG] [mixin/]: MixinPlatformAgentDefault accepted container SecureJarResource(simplebedrockmodel)
[25May2026 10:06:07.302] [main/DEBUG] [mixin/]: Processing prepare() for PlatformAgent[MixinPlatformAgentDefault:SecureJarResource(simplebedrockmodel)]
[25May2026 10:06:07.302] [main/DEBUG] [mixin/]: Registering mixin config: simplebedrockmodel.mixins.json
[25May2026 10:06:07.303] [main/DEBUG] [mixin/]: Compatibility level JAVA_8 specified by simplebedrockmodel.mixins.json is lower than the default level supported by the current mixin service (JAVA_16).
[25May2026 10:06:07.303] [main/DEBUG] [mixin/]: Adding mixin platform agents for container SecureJarResource(mobplayeranimator)
[25May2026 10:06:07.303] [main/DEBUG] [mixin/]: Instancing new MixinPlatformAgentMinecraftForge for SecureJarResource(mobplayeranimator)
[25May2026 10:06:07.303] [main/DEBUG] [mixin/]: MixinPlatformAgentMinecraftForge rejected container SecureJarResource(mobplayeranimator)
[25May2026 10:06:07.303] [main/DEBUG] [mixin/]: Instancing new MixinPlatformAgentDefault for SecureJarResource(mobplayeranimator)
[25May2026 10:06:07.303] [main/DEBUG] [mixin/]: MixinPlatformAgentDefault accepted container SecureJarResource(mobplayeranimator)
[25May2026 10:06:07.303] [main/DEBUG] [mixin/]: Processing prepare() for PlatformAgent[MixinPlatformAgentDefault:SecureJarResource(mobplayeranimator)]
[25May2026 10:06:07.303] [main/DEBUG] [mixin/]: Registering mixin config: mobplayeranimator.mixins.json
[25May2026 10:06:07.304] [main/DEBUG] [mixin/]: Registering mixin config: mobplayeranimator.forge.mixins.json
[25May2026 10:06:07.306] [main/DEBUG] [mixin/]: Adding mixin platform agents for container SecureJarResource(bettermobcombat)
[25May2026 10:06:07.306] [main/DEBUG] [mixin/]: Instancing new MixinPlatformAgentMinecraftForge for SecureJarResource(bettermobcombat)
[25May2026 10:06:07.306] [main/DEBUG] [mixin/]: MixinPlatformAgentMinecraftForge rejected container SecureJarResource(bettermobcombat)
[25May2026 10:06:07.306] [main/DEBUG] [mixin/]: Instancing new MixinPlatformAgentDefault for SecureJarResource(bettermobcombat)
[25May2026 10:06:07.306] [main/DEBUG] [mixin/]: MixinPlatformAgentDefault accepted container SecureJarResource(bettermobcombat)
[25May2026 10:06:07.306] [main/DEBUG] [mixin/]: Processing prepare() for PlatformAgent[MixinPlatformAgentDefault:SecureJarResource(bettermobcombat)]
[25May2026 10:06:07.306] [main/DEBUG] [mixin/]: Registering mixin config: bettermobcombat.mixins.json
[25May2026 10:06:07.308] [main/DEBUG] [mixin/]: Registering mixin config: bettermobcombat.forge.mixins.json
[25May2026 10:06:07.310] [main/DEBUG] [mixin/]: Adding mixin platform agents for container SecureJarResource(recruits)
[25May2026 10:06:07.311] [main/DEBUG] [mixin/]: Instancing new MixinPlatformAgentMinecraftForge for SecureJarResource(recruits)
[25May2026 10:06:07.311] [main/DEBUG] [mixin/]: MixinPlatformAgentMinecraftForge rejected container SecureJarResource(recruits)
[25May2026 10:06:07.311] [main/DEBUG] [mixin/]: Instancing new MixinPlatformAgentDefault for SecureJarResource(recruits)
[25May2026 10:06:07.311] [main/DEBUG] [mixin/]: MixinPlatformAgentDefault accepted container SecureJarResource(recruits)
[25May2026 10:06:07.311] [main/DEBUG] [mixin/]: Processing prepare() for PlatformAgent[MixinPlatformAgentDefault:SecureJarResource(recruits)]
[25May2026 10:06:07.311] [main/DEBUG] [mixin/]: Registering mixin config: mixins.recruits.json
[25May2026 10:06:07.313] [main/DEBUG] [mixin/]: Adding mixin platform agents for container SecureJarResource(mclib)
[25May2026 10:06:07.313] [main/DEBUG] [mixin/]: Instancing new MixinPlatformAgentMinecraftForge for SecureJarResource(mclib)
[25May2026 10:06:07.313] [main/DEBUG] [mixin/]: MixinPlatformAgentMinecraftForge rejected container SecureJarResource(mclib)
[25May2026 10:06:07.313] [main/DEBUG] [mixin/]: Instancing new MixinPlatformAgentDefault for SecureJarResource(mclib)
[25May2026 10:06:07.313] [main/DEBUG] [mixin/]: MixinPlatformAgentDefault accepted container SecureJarResource(mclib)
[25May2026 10:06:07.313] [main/DEBUG] [mixin/]: Processing prepare() for PlatformAgent[MixinPlatformAgentDefault:SecureJarResource(mclib)]
[25May2026 10:06:07.313] [main/DEBUG] [mixin/]: Adding mixin platform agents for container SecureJarResource(mae)
[25May2026 10:06:07.313] [main/DEBUG] [mixin/]: Instancing new MixinPlatformAgentMinecraftForge for SecureJarResource(mae)
[25May2026 10:06:07.314] [main/DEBUG] [mixin/]: MixinPlatformAgentMinecraftForge rejected container SecureJarResource(mae)
[25May2026 10:06:07.314] [main/DEBUG] [mixin/]: Instancing new MixinPlatformAgentDefault for SecureJarResource(mae)
[25May2026 10:06:07.314] [main/DEBUG] [mixin/]: MixinPlatformAgentDefault accepted container SecureJarResource(mae)
[25May2026 10:06:07.314] [main/DEBUG] [mixin/]: Processing prepare() for PlatformAgent[MixinPlatformAgentDefault:SecureJarResource(mae)]
[25May2026 10:06:07.314] [main/DEBUG] [mixin/]: Adding mixin platform agents for container SecureJarResource(MixinExtras)
[25May2026 10:06:07.314] [main/DEBUG] [mixin/]: Instancing new MixinPlatformAgentMinecraftForge for SecureJarResource(MixinExtras)
[25May2026 10:06:07.314] [main/DEBUG] [mixin/]: MixinPlatformAgentMinecraftForge rejected container SecureJarResource(MixinExtras)
[25May2026 10:06:07.314] [main/DEBUG] [mixin/]: Instancing new MixinPlatformAgentDefault for SecureJarResource(MixinExtras)
[25May2026 10:06:07.314] [main/DEBUG] [mixin/]: MixinPlatformAgentDefault accepted container SecureJarResource(MixinExtras)
[25May2026 10:06:07.314] [main/DEBUG] [mixin/]: Processing prepare() for PlatformAgent[MixinPlatformAgentDefault:SecureJarResource(MixinExtras)]
[25May2026 10:06:07.314] [main/DEBUG] [mixin/]: Adding mixin platform agents for container SecureJarResource(luaj.jse.figura)
[25May2026 10:06:07.314] [main/DEBUG] [mixin/]: Instancing new MixinPlatformAgentMinecraftForge for SecureJarResource(luaj.jse.figura)
[25May2026 10:06:07.314] [main/DEBUG] [mixin/]: MixinPlatformAgentMinecraftForge rejected container SecureJarResource(luaj.jse.figura)
[25May2026 10:06:07.314] [main/DEBUG] [mixin/]: Instancing new MixinPlatformAgentDefault for SecureJarResource(luaj.jse.figura)
[25May2026 10:06:07.314] [main/DEBUG] [mixin/]: MixinPlatformAgentDefault accepted container SecureJarResource(luaj.jse.figura)
[25May2026 10:06:07.314] [main/DEBUG] [mixin/]: Processing prepare() for PlatformAgent[MixinPlatformAgentDefault:SecureJarResource(luaj.jse.figura)]
[25May2026 10:06:07.314] [main/DEBUG] [mixin/]: Adding mixin platform agents for container SecureJarResource(org.apache.bcel)
[25May2026 10:06:07.314] [main/DEBUG] [mixin/]: Instancing new MixinPlatformAgentMinecraftForge for SecureJarResource(org.apache.bcel)
[25May2026 10:06:07.314] [main/DEBUG] [mixin/]: MixinPlatformAgentMinecraftForge rejected container SecureJarResource(org.apache.bcel)
[25May2026 10:06:07.314] [main/DEBUG] [mixin/]: Instancing new MixinPlatformAgentDefault for SecureJarResource(org.apache.bcel)
[25May2026 10:06:07.314] [main/DEBUG] [mixin/]: MixinPlatformAgentDefault accepted container SecureJarResource(org.apache.bcel)
[25May2026 10:06:07.314] [main/DEBUG] [mixin/]: Processing prepare() for PlatformAgent[MixinPlatformAgentDefault:SecureJarResource(org.apache.bcel)]
[25May2026 10:06:07.314] [main/DEBUG] [mixin/]: Adding mixin platform agents for container SecureJarResource(luaj.core.figura)
[25May2026 10:06:07.314] [main/DEBUG] [mixin/]: Instancing new MixinPlatformAgentMinecraftForge for SecureJarResource(luaj.core.figura)
[25May2026 10:06:07.314] [main/DEBUG] [mixin/]: MixinPlatformAgentMinecraftForge rejected container SecureJarResource(luaj.core.figura)
[25May2026 10:06:07.314] [main/DEBUG] [mixin/]: Instancing new MixinPlatformAgentDefault for SecureJarResource(luaj.core.figura)
[25May2026 10:06:07.314] [main/DEBUG] [mixin/]: MixinPlatformAgentDefault accepted container SecureJarResource(luaj.core.figura)
[25May2026 10:06:07.314] [main/DEBUG] [mixin/]: Processing prepare() for PlatformAgent[MixinPlatformAgentDefault:SecureJarResource(luaj.core.figura)]
[25May2026 10:06:07.314] [main/DEBUG] [mixin/]: Adding mixin platform agents for container SecureJarResource(commons.math3)
[25May2026 10:06:07.314] [main/DEBUG] [mixin/]: Instancing new MixinPlatformAgentMinecraftForge for SecureJarResource(commons.math3)
[25May2026 10:06:07.314] [main/DEBUG] [mixin/]: MixinPlatformAgentMinecraftForge rejected container SecureJarResource(commons.math3)
[25May2026 10:06:07.314] [main/DEBUG] [mixin/]: Instancing new MixinPlatformAgentDefault for SecureJarResource(commons.math3)
[25May2026 10:06:07.314] [main/DEBUG] [mixin/]: MixinPlatformAgentDefault accepted container SecureJarResource(commons.math3)
[25May2026 10:06:07.314] [main/DEBUG] [mixin/]: Processing prepare() for PlatformAgent[MixinPlatformAgentDefault:SecureJarResource(commons.math3)]
[25May2026 10:06:07.315] [main/DEBUG] [mixin/]: inject() running with 25 agents
[25May2026 10:06:07.315] [main/DEBUG] [mixin/]: Processing inject() for PlatformAgent[MixinPlatformAgentDefault:ModLauncher Root Container(ModLauncher:4f56a0a2)]
[25May2026 10:06:07.315] [main/DEBUG] [mixin/]: Processing inject() for PlatformAgent[MixinPlatformAgentDefault:SecureJarResource(minecraft)]
[25May2026 10:06:07.315] [main/DEBUG] [mixin/]: Processing inject() for PlatformAgent[MixinPlatformAgentDefault:SecureJarResource(mixinextras)]
[25May2026 10:06:07.315] [main/DEBUG] [mixin/]: Processing inject() for PlatformAgent[MixinPlatformAgentDefault:SecureJarResource(fracturepoint)]
[25May2026 10:06:07.315] [main/DEBUG] [mixin/]: Processing inject() for PlatformAgent[MixinPlatformAgentDefault:SecureJarResource(geckolib)]
[25May2026 10:06:07.315] [main/DEBUG] [mixin/]: Processing inject() for PlatformAgent[MixinPlatformAgentDefault:SecureJarResource(architectury)]
[25May2026 10:06:07.315] [main/DEBUG] [mixin/]: Processing inject() for PlatformAgent[MixinPlatformAgentDefault:SecureJarResource(playeranimator)]
[25May2026 10:06:07.315] [main/DEBUG] [mixin/]: Processing inject() for PlatformAgent[MixinPlatformAgentDefault:SecureJarResource(tacz)]
[25May2026 10:06:07.315] [main/DEBUG] [mixin/]: Processing inject() for PlatformAgent[MixinPlatformAgentDefault:SecureJarResource(recruitstacz)]
[25May2026 10:06:07.315] [main/DEBUG] [mixin/]: Processing inject() for PlatformAgent[MixinPlatformAgentDefault:SecureJarResource(bmcfix)]
[25May2026 10:06:07.316] [main/DEBUG] [mixin/]: Processing inject() for PlatformAgent[MixinPlatformAgentDefault:SecureJarResource(cloth_config)]
[25May2026 10:06:07.316] [main/DEBUG] [mixin/]: Processing inject() for PlatformAgent[MixinPlatformAgentDefault:SecureJarResource(bettercombat)]
[25May2026 10:06:07.316] [main/DEBUG] [mixin/]: Processing inject() for PlatformAgent[MixinPlatformAgentDefault:SecureJarResource(forge)]
[25May2026 10:06:07.316] [main/DEBUG] [mixin/]: Processing inject() for PlatformAgent[MixinPlatformAgentDefault:SecureJarResource(curios)]
[25May2026 10:06:07.316] [main/DEBUG] [mixin/]: Processing inject() for PlatformAgent[MixinPlatformAgentDefault:SecureJarResource(simplebedrockmodel)]
[25May2026 10:06:07.316] [main/DEBUG] [mixin/]: Processing inject() for PlatformAgent[MixinPlatformAgentDefault:SecureJarResource(mobplayeranimator)]
[25May2026 10:06:07.316] [main/DEBUG] [mixin/]: Processing inject() for PlatformAgent[MixinPlatformAgentDefault:SecureJarResource(bettermobcombat)]
[25May2026 10:06:07.316] [main/DEBUG] [mixin/]: Processing inject() for PlatformAgent[MixinPlatformAgentDefault:SecureJarResource(recruits)]
[25May2026 10:06:07.316] [main/DEBUG] [mixin/]: Processing inject() for PlatformAgent[MixinPlatformAgentDefault:SecureJarResource(mclib)]
[25May2026 10:06:07.316] [main/DEBUG] [mixin/]: Processing inject() for PlatformAgent[MixinPlatformAgentDefault:SecureJarResource(mae)]
[25May2026 10:06:07.316] [main/DEBUG] [mixin/]: Processing inject() for PlatformAgent[MixinPlatformAgentDefault:SecureJarResource(MixinExtras)]
[25May2026 10:06:07.316] [main/DEBUG] [mixin/]: Processing inject() for PlatformAgent[MixinPlatformAgentDefault:SecureJarResource(luaj.jse.figura)]
[25May2026 10:06:07.316] [main/DEBUG] [mixin/]: Processing inject() for PlatformAgent[MixinPlatformAgentDefault:SecureJarResource(org.apache.bcel)]
[25May2026 10:06:07.316] [main/DEBUG] [mixin/]: Processing inject() for PlatformAgent[MixinPlatformAgentDefault:SecureJarResource(luaj.core.figura)]
[25May2026 10:06:07.316] [main/DEBUG] [mixin/]: Processing inject() for PlatformAgent[MixinPlatformAgentDefault:SecureJarResource(commons.math3)]
[25May2026 10:06:07.316] [main/INFO] [cpw.mods.modlauncher.LaunchServiceHandler/MODLAUNCHER]: Launching target 'forgeclientuserdev' with arguments [--version, MOD_DEV, --gameDir, ., --assetsDir, C:\Users\cornw\.gradle\caches\forge_gradle\assets, --assetIndex, 5]
[25May2026 10:06:07.406] [main/DEBUG] [mixin/]: Error cleaning class output directory: .mixin.out
[25May2026 10:06:07.407] [main/DEBUG] [mixin/]: Preparing mixins for MixinEnvironment[DEFAULT]
[25May2026 10:06:07.407] [main/DEBUG] [mixin/]: Selecting config recruitstacz.mixins.json
[25May2026 10:06:07.410] [main/WARN] [mixin/]: Reference map 'recruitstacz.refmap.json' for recruitstacz.mixins.json could not be read. If this is a development environment you can ignore this message
[25May2026 10:06:07.411] [main/DEBUG] [mixin/]: Selecting config mixinextras.init.mixins.json
[25May2026 10:06:07.449] [main/DEBUG] [MixinExtras|Service/]: com.llamalad7.mixinextras.service.MixinExtrasServiceImpl(version=0.4.1) is taking over from null
[25May2026 10:06:07.476] [main/DEBUG] [mixin/]: Registering new injector for @Inject with org.spongepowered.asm.mixin.injection.struct.CallbackInjectionInfo
[25May2026 10:06:07.477] [main/DEBUG] [mixin/]: Registering new injector for @ModifyArg with org.spongepowered.asm.mixin.injection.struct.ModifyArgInjectionInfo
[25May2026 10:06:07.477] [main/DEBUG] [mixin/]: Registering new injector for @ModifyArgs with org.spongepowered.asm.mixin.injection.struct.ModifyArgsInjectionInfo
[25May2026 10:06:07.479] [main/DEBUG] [mixin/]: Registering new injector for @Redirect with org.spongepowered.asm.mixin.injection.struct.RedirectInjectionInfo
[25May2026 10:06:07.480] [main/DEBUG] [mixin/]: Registering new injector for @ModifyVariable with org.spongepowered.asm.mixin.injection.struct.ModifyVariableInjectionInfo
[25May2026 10:06:07.481] [main/DEBUG] [mixin/]: Registering new injector for @ModifyConstant with org.spongepowered.asm.mixin.injection.struct.ModifyConstantInjectionInfo
[25May2026 10:06:07.494] [main/DEBUG] [mixin/]: Selecting config fracturepoint.mixins.json
[25May2026 10:06:07.745] [main/INFO] [mixin/]: Remapping refMap fracturepoint.refmap.json using C:\Users\cornw\OneDrive\Documents\Minecraft Modding\Forge\recruitsTACZ\build\createSrgToMcp\output.srg
[25May2026 10:06:07.745] [main/DEBUG] [mixin/]: Selecting config geckolib.mixins.json
[25May2026 10:06:07.746] [main/INFO] [mixin/]: Remapping refMap geckolib.refmap.json using C:\Users\cornw\OneDrive\Documents\Minecraft Modding\Forge\recruitsTACZ\build\createSrgToMcp\output.srg
[25May2026 10:06:07.746] [main/DEBUG] [mixin/]: Selecting config architectury.mixins.json
[25May2026 10:06:07.747] [main/INFO] [mixin/]: Remapping refMap architectury-forge-refmap.json using C:\Users\cornw\OneDrive\Documents\Minecraft Modding\Forge\recruitsTACZ\build\createSrgToMcp\output.srg
[25May2026 10:06:07.747] [main/DEBUG] [mixin/]: Selecting config architectury-common.mixins.json
[25May2026 10:06:07.749] [main/INFO] [mixin/]: Remapping refMap architectury-common-refmap.json using C:\Users\cornw\OneDrive\Documents\Minecraft Modding\Forge\recruitsTACZ\build\createSrgToMcp\output.srg
[25May2026 10:06:07.749] [main/DEBUG] [mixin/]: Selecting config playerAnimator-common.mixins.json
[25May2026 10:06:07.750] [main/INFO] [mixin/]: Remapping refMap player-animation-lib-minecraft_common-refmap.json using C:\Users\cornw\OneDrive\Documents\Minecraft Modding\Forge\recruitsTACZ\build\createSrgToMcp\output.srg
[25May2026 10:06:07.750] [main/DEBUG] [mixin/]: Selecting config tacz.mixins.json
[25May2026 10:06:07.750] [main/INFO] [mixin/]: Remapping refMap tacz.refmap.json using C:\Users\cornw\OneDrive\Documents\Minecraft Modding\Forge\recruitsTACZ\build\createSrgToMcp\output.srg
[25May2026 10:06:07.750] [main/DEBUG] [mixin/]: Selecting config tacz.compat.acceleratedrendering.mixins.json
[25May2026 10:06:07.752] [main/INFO] [mixin/]: Remapping refMap tacz.refmap.json using C:\Users\cornw\OneDrive\Documents\Minecraft Modding\Forge\recruitsTACZ\build\createSrgToMcp\output.srg
[25May2026 10:06:07.752] [main/DEBUG] [mixin/]: Selecting config bmcfix.mixins.json
[25May2026 10:06:07.755] [main/INFO] [bmcfix/]: Detected Better Combat 1.9.0 - applying compatibility fix
[25May2026 10:06:07.755] [main/INFO] [mixin/]: Remapping refMap bmcfix-common-common-refmap.json using C:\Users\cornw\OneDrive\Documents\Minecraft Modding\Forge\recruitsTACZ\build\createSrgToMcp\output.srg
[25May2026 10:06:07.755] [main/DEBUG] [mixin/]: Selecting config bettercombat.mixins.json
[25May2026 10:06:07.758] [main/INFO] [mixin/]: Remapping refMap bettercombat-common-common-refmap.json using C:\Users\cornw\OneDrive\Documents\Minecraft Modding\Forge\recruitsTACZ\build\createSrgToMcp\output.srg
[25May2026 10:06:07.758] [main/DEBUG] [mixin/]: Selecting config curios.mixins.json
[25May2026 10:06:07.758] [main/INFO] [mixin/]: Remapping refMap curios.refmap.json using C:\Users\cornw\OneDrive\Documents\Minecraft Modding\Forge\recruitsTACZ\build\createSrgToMcp\output.srg
[25May2026 10:06:07.758] [main/DEBUG] [mixin/]: Selecting config simplebedrockmodel.mixins.json
[25May2026 10:06:07.760] [main/INFO] [mixin/]: Remapping refMap simplebedrockmodel.refmap.json using C:\Users\cornw\OneDrive\Documents\Minecraft Modding\Forge\recruitsTACZ\build\createSrgToMcp\output.srg
[25May2026 10:06:07.760] [main/DEBUG] [mixin/]: Selecting config mobplayeranimator.mixins.json
[25May2026 10:06:07.761] [main/INFO] [mixin/]: Remapping refMap mobplayeranimator.refmap.json using C:\Users\cornw\OneDrive\Documents\Minecraft Modding\Forge\recruitsTACZ\build\createSrgToMcp\output.srg
[25May2026 10:06:07.761] [main/DEBUG] [mixin/]: Selecting config mobplayeranimator.forge.mixins.json
[25May2026 10:06:07.761] [main/INFO] [mixin/]: Remapping refMap mobplayeranimator.refmap.json using C:\Users\cornw\OneDrive\Documents\Minecraft Modding\Forge\recruitsTACZ\build\createSrgToMcp\output.srg
[25May2026 10:06:07.761] [main/DEBUG] [mixin/]: Selecting config bettermobcombat.mixins.json
[25May2026 10:06:07.762] [main/INFO] [mixin/]: Remapping refMap bettermobcombat.refmap.json using C:\Users\cornw\OneDrive\Documents\Minecraft Modding\Forge\recruitsTACZ\build\createSrgToMcp\output.srg
[25May2026 10:06:07.762] [main/DEBUG] [mixin/]: Selecting config bettermobcombat.forge.mixins.json
[25May2026 10:06:07.764] [main/INFO] [mixin/]: Remapping refMap bettermobcombat.refmap.json using C:\Users\cornw\OneDrive\Documents\Minecraft Modding\Forge\recruitsTACZ\build\createSrgToMcp\output.srg
[25May2026 10:06:07.764] [main/DEBUG] [mixin/]: Selecting config mixins.recruits.json
[25May2026 10:06:07.764] [main/INFO] [mixin/]: Remapping refMap mixins.recruits.refmap.json using C:\Users\cornw\OneDrive\Documents\Minecraft Modding\Forge\recruitsTACZ\build\createSrgToMcp\output.srg
[25May2026 10:06:07.764] [main/DEBUG] [mixin/]: Preparing recruitstacz.mixins.json (10)
[25May2026 10:06:07.804] [main/DEBUG] [mixin/]: Preparing mixinextras.init.mixins.json (0)
[25May2026 10:06:07.804] [main/DEBUG] [mixin/]: Preparing fracturepoint.mixins.json (9)
[25May2026 10:06:07.829] [main/DEBUG] [mixin/]: @Mixin target com.tacz.guns.item.ModernKineticGunScriptAPI is public in fracturepoint.mixins.json:ModernKineticGunScriptAPIAccessor and should be specified in value
[25May2026 10:06:07.829] [main/DEBUG] [mixin/]: @Mixin target com.tacz.guns.item.ModernKineticGunScriptAPI is public in fracturepoint.mixins.json:ChestplateScriptAPIMixin and should be specified in value
[25May2026 10:06:07.845] [main/DEBUG] [mixin/]: @Mixin target com.tacz.guns.client.animation.statemachine.GunAnimationStateContext is public in fracturepoint.mixins.json:client.ChestplateClientStateMachineMixin and should be specified in value
[25May2026 10:06:07.856] [main/DEBUG] [mixin/]: Preparing geckolib.mixins.json (1)
[25May2026 10:06:07.860] [main/DEBUG] [mixin/]: Preparing architectury.mixins.json (9)
[25May2026 10:06:07.888] [main/DEBUG] [mixin/]: Preparing architectury-common.mixins.json (10)
[25May2026 10:06:07.898] [main/DEBUG] [net.minecraftforge.coremod.transformer.CoreModBaseTransformer/COREMOD]: Transforming net/minecraft/world/item/BucketItem
[25May2026 10:06:07.910] [main/DEBUG] [net.minecraftforge.coremod.transformer.CoreModBaseTransformer/COREMOD]: Transforming net/minecraft/world/entity/EntityType
[25May2026 10:06:08.022] [main/DEBUG] [net.minecraftforge.coremod.transformer.CoreModBaseTransformer/COREMOD]: Transforming net/minecraft/world/level/block/LiquidBlock
[25May2026 10:06:08.027] [main/DEBUG] [mixin/]: Preparing playerAnimator-common.mixins.json (14)
[25May2026 10:06:08.067] [main/DEBUG] [mixin/]: Preparing tacz.mixins.json (15)
[25May2026 10:06:08.108] [main/DEBUG] [net.minecraftforge.coremod.transformer.CoreModBaseTransformer/COREMOD]: Transforming net/minecraft/world/level/block/StairBlock
[25May2026 10:06:08.114] [main/DEBUG] [mixin/]: Preparing tacz.compat.acceleratedrendering.mixins.json (1)
[25May2026 10:06:08.115] [main/DEBUG] [mixin/]: Preparing bmcfix.mixins.json (2)
[25May2026 10:06:08.124] [main/DEBUG] [mixin/]: Preparing bettercombat.mixins.json (17)
[25May2026 10:06:08.134] [main/DEBUG] [net.minecraftforge.coremod.transformer.CoreModBaseTransformer/COREMOD]: Transforming net/minecraft/world/item/ItemStack
[25May2026 10:06:08.177] [main/DEBUG] [mixin/]: Preparing curios.mixins.json (13)
[25May2026 10:06:08.199] [main/DEBUG] [mixin/]: Preparing simplebedrockmodel.mixins.json (4)
[25May2026 10:06:08.201] [main/DEBUG] [mixin/]: Preparing mobplayeranimator.mixins.json (17)
[25May2026 10:06:08.218] [main/WARN] [mixin/]: Error loading class: forge/net/mca/client/model/VillagerEntityBaseModelMCA (java.lang.ClassNotFoundException: forge.net.mca.client.model.VillagerEntityBaseModelMCA)
[25May2026 10:06:08.218] [main/DEBUG] [mixin/]: Skipping virtual target forge/net/mca/client/model/VillagerEntityBaseModelMCA for mobplayeranimator.mixins.json:client.compat.minecraft_comes_alive_reborn.VillagerEntityBaseModelMCAMixin
[25May2026 10:06:08.220] [main/WARN] [mixin/]: Error loading class: fabric/net/mca/client/model/VillagerEntityBaseModelMCA (java.lang.ClassNotFoundException: fabric.net.mca.client.model.VillagerEntityBaseModelMCA)
[25May2026 10:06:08.220] [main/DEBUG] [mixin/]: Skipping virtual target fabric/net/mca/client/model/VillagerEntityBaseModelMCA for mobplayeranimator.mixins.json:client.compat.minecraft_comes_alive_reborn.VillagerEntityBaseModelMCAMixin
[25May2026 10:06:08.220] [main/DEBUG] [mixin/]: Preparing mobplayeranimator.forge.mixins.json (3)
[25May2026 10:06:08.223] [main/WARN] [mixin/]: Error loading class: noppes/npcs/client/model/animation/AnimationHandler (java.lang.ClassNotFoundException: noppes.npcs.client.model.animation.AnimationHandler)
[25May2026 10:06:08.223] [main/DEBUG] [mixin/]: Skipping virtual target noppes.npcs.client.model.animation.AnimationHandler for mobplayeranimator.forge.mixins.json:client.compat.customnpcs.AnimationHandlerMixin
[25May2026 10:06:08.226] [main/WARN] [mixin/]: Error loading class: tallestegg/guardvillagers/client/models/GuardModel (java.lang.ClassNotFoundException: tallestegg.guardvillagers.client.models.GuardModel)
[25May2026 10:06:08.226] [main/DEBUG] [mixin/]: Skipping virtual target tallestegg.guardvillagers.client.models.GuardModel for mobplayeranimator.forge.mixins.json:client.compat.guardvillagers.GuardModelMixin
[25May2026 10:06:08.228] [main/WARN] [mixin/]: Error loading class: dev/xkmc/modulargolems/content/entity/humanoid/HumanoidGolemModel (java.lang.ClassNotFoundException: dev.xkmc.modulargolems.content.entity.humanoid.HumanoidGolemModel)
[25May2026 10:06:08.229] [main/DEBUG] [mixin/]: Skipping virtual target dev.xkmc.modulargolems.content.entity.humanoid.HumanoidGolemModel for mobplayeranimator.forge.mixins.json:client.compat.modulargolems.HumanoidGolemModelMixin
[25May2026 10:06:08.229] [main/DEBUG] [mixin/]: Preparing bettermobcombat.mixins.json (15)
[25May2026 10:06:08.251] [main/WARN] [mixin/]: Error loading class: forge/net/mca/entity/ai/brain/tasks/ExtendedMeleeAttackTask (java.lang.ClassNotFoundException: forge.net.mca.entity.ai.brain.tasks.ExtendedMeleeAttackTask)
[25May2026 10:06:08.252] [main/DEBUG] [mixin/]: Skipping virtual target forge/net/mca/entity/ai/brain/tasks/ExtendedMeleeAttackTask for bettermobcombat.mixins.json:compat.minecraft_comes_alive_reborn.ExtendedMeleeAttackTaskMixin
[25May2026 10:06:08.254] [main/WARN] [mixin/]: Error loading class: fabric/net/mca/entity/ai/brain/tasks/ExtendedMeleeAttackTask (java.lang.ClassNotFoundException: fabric.net.mca.entity.ai.brain.tasks.ExtendedMeleeAttackTask)
[25May2026 10:06:08.254] [main/DEBUG] [mixin/]: Skipping virtual target fabric/net/mca/entity/ai/brain/tasks/ExtendedMeleeAttackTask for bettermobcombat.mixins.json:compat.minecraft_comes_alive_reborn.ExtendedMeleeAttackTaskMixin
[25May2026 10:06:08.277] [main/DEBUG] [mixin/]: Preparing bettermobcombat.forge.mixins.json (13)
[25May2026 10:06:08.288] [main/WARN] [mixin/]: Error loading class: noppes/npcs/ai/EntityAIAttackTarget (java.lang.ClassNotFoundException: noppes.npcs.ai.EntityAIAttackTarget)
[25May2026 10:06:08.289] [main/DEBUG] [mixin/]: Skipping virtual target noppes.npcs.ai.EntityAIAttackTarget for bettermobcombat.forge.mixins.json:compat.customnpcs.EntityAIAttackTargetMixin
[25May2026 10:06:08.291] [main/WARN] [mixin/]: Error loading class: tallestegg/guardvillagers/entities/Guard$GuardMeleeGoal (java.lang.ClassNotFoundException: tallestegg.guardvillagers.entities.Guard$GuardMeleeGoal)
[25May2026 10:06:08.291] [main/DEBUG] [mixin/]: Skipping virtual target tallestegg.guardvillagers.entities.Guard$GuardMeleeGoal for bettermobcombat.forge.mixins.json:compat.guardvillagers.GuardMeleeGoalMixin
[25May2026 10:06:08.294] [main/WARN] [mixin/]: Error loading class: io/redspace/ironsspellbooks/entity/mobs/goals/WarlockAttackGoal (java.lang.ClassNotFoundException: io.redspace.ironsspellbooks.entity.mobs.goals.WarlockAttackGoal)
[25May2026 10:06:08.294] [main/DEBUG] [mixin/]: Skipping virtual target io.redspace.ironsspellbooks.entity.mobs.goals.WarlockAttackGoal for bettermobcombat.forge.mixins.json:compat.ironsspellbooks.WarlockAttackGoalMixin
[25May2026 10:06:08.295] [main/WARN] [mixin/]: Error loading class: com/minecolonies/core/entity/ai/combat/AttackMoveAI (java.lang.ClassNotFoundException: com.minecolonies.core.entity.ai.combat.AttackMoveAI)
[25May2026 10:06:08.295] [main/DEBUG] [mixin/]: Skipping virtual target com.minecolonies.core.entity.ai.combat.AttackMoveAI for bettermobcombat.forge.mixins.json:compat.minecolonies.AttackMoveAIMixin
[25May2026 10:06:08.298] [main/WARN] [mixin/]: Error loading class: com/minecolonies/core/entity/ai/workers/guard/KnightCombatAI (java.lang.ClassNotFoundException: com.minecolonies.core.entity.ai.workers.guard.KnightCombatAI)
[25May2026 10:06:08.298] [main/DEBUG] [mixin/]: Skipping virtual target com.minecolonies.core.entity.ai.workers.guard.KnightCombatAI for bettermobcombat.forge.mixins.json:compat.minecolonies.KnightCombatAIMixin
[25May2026 10:06:08.300] [main/WARN] [mixin/]: Error loading class: com/minecolonies/core/entity/mobs/aitasks/RaiderMeleeAI (java.lang.ClassNotFoundException: com.minecolonies.core.entity.mobs.aitasks.RaiderMeleeAI)
[25May2026 10:06:08.301] [main/DEBUG] [mixin/]: Skipping virtual target com.minecolonies.core.entity.mobs.aitasks.RaiderMeleeAI for bettermobcombat.forge.mixins.json:compat.minecolonies.RaiderMeleeAIMixin
[25May2026 10:06:08.303] [main/WARN] [mixin/]: Error loading class: dev/xkmc/modulargolems/content/entity/goals/GolemMeleeGoal (java.lang.ClassNotFoundException: dev.xkmc.modulargolems.content.entity.goals.GolemMeleeGoal)
[25May2026 10:06:08.303] [main/DEBUG] [mixin/]: Skipping virtual target dev.xkmc.modulargolems.content.entity.goals.GolemMeleeGoal for bettermobcombat.forge.mixins.json:compat.modulargolems.GolemMeleeGoalMixin
[25May2026 10:06:08.306] [main/DEBUG] [mixin/]: Preparing mixins.recruits.json (9)
[25May2026 10:06:08.384] [main/DEBUG] [mixin/]: Prepared 148 mixins in 0.975 sec (6.6ms avg) (0ms load, 0ms transform, 0ms plugin)
[25May2026 10:06:08.403] [main/INFO] [MixinExtras|Service/]: Initializing MixinExtras via com.llamalad7.mixinextras.service.MixinExtrasServiceImpl(version=0.4.1).
[25May2026 10:06:08.405] [main/DEBUG] [mixin/]: Registering new injector for @SugarWrapper with com.llamalad7.mixinextras.sugar.impl.SugarWrapperInjectionInfo
[25May2026 10:06:08.406] [main/DEBUG] [mixin/]: Registering new injector for @FactoryRedirectWrapper with com.llamalad7.mixinextras.wrapper.factory.FactoryRedirectWrapperInjectionInfo
[25May2026 10:06:08.414] [main/DEBUG] [mixin/]: Mixing MixinMinecraft from architectury.mixins.json into net.minecraft.client.Minecraft
[25May2026 10:06:08.431] [main/DEBUG] [mixin/]: Mixing client.MinecraftClientAccessor from bettercombat.mixins.json into net.minecraft.client.Minecraft
[25May2026 10:06:08.485] [main/DEBUG] [mixin/]: Mixing client.MinecraftClientInject from bettercombat.mixins.json into net.minecraft.client.Minecraft
[25May2026 10:06:08.488] [main/DEBUG] [mixin/]: Renaming synthetic method lambda$performAttack$2(Lnet/bettercombat/api/AttackHand;Ljava/util/List;Lnet/minecraft/world/entity/Entity;Lnet/bettercombat/api/client/BetterCombatClientEvents$PlayerAttackHit;)V to md00b46c$lambda$performAttack$2$0 in bettercombat.mixins.json:client.MinecraftClientInject
[25May2026 10:06:08.488] [main/DEBUG] [mixin/]: Renaming synthetic method lambda$startUpswing$1(Lnet/bettercombat/api/AttackHand;Lnet/bettercombat/api/client/BetterCombatClientEvents$PlayerAttackStart;)V to md00b46c$lambda$startUpswing$1$1 in bettercombat.mixins.json:client.MinecraftClientInject
[25May2026 10:06:08.488] [main/DEBUG] [mixin/]: Renaming synthetic method lambda$setupTextRenderer$0(Lnet/minecraft/client/gui/GuiGraphics;F)V to md00b46c$lambda$setupTextRenderer$0$2 in bettercombat.mixins.json:client.MinecraftClientInject
[25May2026 10:06:08.592] [main/DEBUG] [mixin/]: Mixing MixinMinecraft from mixins.recruits.json into net.minecraft.client.Minecraft
[25May2026 10:06:08.996] [main/DEBUG] [io.netty.util.internal.logging.InternalLoggerFactory/]: Using SLF4J as the default logging framework
[25May2026 10:06:08.998] [main/DEBUG] [io.netty.util.ResourceLeakDetector/]: -Dio.netty.leakDetection.level: simple
[25May2026 10:06:08.999] [main/DEBUG] [io.netty.util.ResourceLeakDetector/]: -Dio.netty.leakDetection.targetRecords: 4
[25May2026 10:06:09.080] [main/DEBUG] [oshi.util.FileUtil/]: No oshi.properties file found from ClassLoader cpw.mods.modlauncher.TransformingClassLoader@6025d790
[25May2026 10:06:09.309] [main/DEBUG] [oshi.util.FileUtil/]: No oshi.architecture.properties file found from ClassLoader cpw.mods.modlauncher.TransformingClassLoader@6025d790
[25May2026 10:06:09.588] [pool-4-thread-1/DEBUG] [mixin/]: Mixing inject.MixinGameEvent from architectury-common.mixins.json into net.minecraft.world.level.gameevent.GameEvent
[25May2026 10:06:09.609] [pool-4-thread-1/DEBUG] [mixin/]: Mixing inject.MixinBlock from architectury-common.mixins.json into net.minecraft.world.level.block.Block
[25May2026 10:06:09.629] [pool-4-thread-1/DEBUG] [mixin/]: Mixing AccessorEntity from curios.mixins.json into net.minecraft.world.entity.Entity
[25May2026 10:06:09.656] [pool-4-thread-1/DEBUG] [mixin/]: Mixing common.LivingEntityMixin from tacz.mixins.json into net.minecraft.world.entity.LivingEntity
[25May2026 10:06:09.660] [pool-4-thread-1/DEBUG] [mixin/]: Renaming synthetic method lambda$initialData$0()Lnet/minecraft/world/item/ItemStack; to md00b46c$lambda$initialData$0$0 in tacz.mixins.json:common.LivingEntityMixin
[25May2026 10:06:09.670] [pool-4-thread-1/DEBUG] [mixin/]: Mixing LivingEntityAccessor from bettercombat.mixins.json into net.minecraft.world.entity.LivingEntity
[25May2026 10:06:09.676] [pool-4-thread-1/DEBUG] [mixin/]: Mixing LivingEntityMixin from bettercombat.mixins.json into net.minecraft.world.entity.LivingEntity
[25May2026 10:06:09.678] [pool-4-thread-1/DEBUG] [mixin/]: Renaming synthetic method lambda$getAttributeValue_Inject$0(Lnet/minecraft/world/entity/player/Player;Lnet/minecraft/world/entity/ai/attributes/Attribute;Lorg/spongepowered/asm/mixin/injection/callback/CallbackInfoReturnable;)V to md00b46c$lambda$getAttributeValue_Inject$0$1 in bettercombat.mixins.json:LivingEntityMixin
[25May2026 10:06:09.680] [pool-4-thread-1/DEBUG] [mixin/]: Mixing MixinLivingEntity from curios.mixins.json into net.minecraft.world.entity.LivingEntity
[25May2026 10:06:09.682] [pool-4-thread-1/DEBUG] [mixin/]: Mixing LivingEntityMixin from bettermobcombat.mixins.json into net.minecraft.world.entity.LivingEntity
[25May2026 10:06:09.682] [pool-4-thread-1/DEBUG] [mixin/]: Renaming synthetic method lambda$pre_getAttributeValue$0(Lnet/minecraft/world/entity/Mob;Lnet/minecraft/world/entity/ai/attributes/Attribute;Lorg/spongepowered/asm/mixin/injection/callback/CallbackInfoReturnable;)V to md00b46c$lambda$pre_getAttributeValue$0$2 in bettermobcombat.mixins.json:LivingEntityMixin
[25May2026 10:06:09.684] [pool-4-thread-1/DEBUG] [mixin/]: Mixing LivingEntityMixin from mixins.recruits.json into net.minecraft.world.entity.LivingEntity
[25May2026 10:06:09.784] [pool-4-thread-1/DEBUG] [mixin/]: Mixing PlayerEntityMixin from playerAnimator-common.mixins.json into net.minecraft.world.entity.player.Player
[25May2026 10:06:09.785] [pool-4-thread-1/DEBUG] [mixin/]: playerAnimator-common.mixins.json:PlayerEntityMixin: Class version 61 required is higher than the class version supported by the current version of Mixin (JAVA_16 supports class version 60)
[25May2026 10:06:09.792] [pool-4-thread-1/DEBUG] [mixin/]: Mixing PlayerEntityAccessor from bettercombat.mixins.json into net.minecraft.world.entity.player.Player
[25May2026 10:06:09.796] [pool-4-thread-1/DEBUG] [mixin/]: Mixing PlayerEntityMixin from bettercombat.mixins.json into net.minecraft.world.entity.player.Player
[25May2026 10:06:09.903] [pool-4-thread-1/DEBUG] [mixin/]: Mixing inject.MixinFluid from architectury-common.mixins.json into net.minecraft.world.level.material.Fluid
[25May2026 10:06:09.908] [pool-4-thread-1/DEBUG] [mixin/]: Mixing inject.MixinItem from architectury-common.mixins.json into net.minecraft.world.item.Item
[25May2026 10:06:09.925] [pool-4-thread-1/DEBUG] [net.minecraftforge.coremod.transformer.CoreModBaseTransformer/COREMOD]: Transforming net/minecraft/world/entity/EntityType
[25May2026 10:06:10.015] [pool-4-thread-1/DEBUG] [mixin/]: Mixing inject.MixinEntityType from architectury-common.mixins.json into net.minecraft.world.entity.EntityType
[25May2026 10:06:10.028] [pool-4-thread-1/DEBUG] [mixin/]: Mixing EnchantmentMixin from bettercombat.mixins.json into net.minecraft.world.item.enchantment.Enchantment
[25May2026 10:06:10.028] [pool-4-thread-1/DEBUG] [mixin/]: Mixing EnchantmentMixin from bettermobcombat.mixins.json into net.minecraft.world.item.enchantment.Enchantment
[25May2026 10:06:10.307] [pool-4-thread-1/DEBUG] [net.minecraftforge.coremod.transformer.CoreModBaseTransformer/COREMOD]: Transforming net/minecraft/world/level/block/LiquidBlock
[25May2026 10:06:10.309] [pool-4-thread-1/DEBUG] [mixin/]: Mixing inject.MixinLiquidBlock from architectury-common.mixins.json into net.minecraft.world.level.block.LiquidBlock
[25May2026 10:06:10.330] [pool-4-thread-1/DEBUG] [net.minecraftforge.coremod.transformer.CoreModBaseTransformer/COREMOD]: Transforming net/minecraft/world/level/block/StairBlock
[25May2026 10:06:10.331] [pool-4-thread-1/DEBUG] [mixin/]: Mixing client.StairBlockAccessor from tacz.mixins.json into net.minecraft.world.level.block.StairBlock
[25May2026 10:06:10.389] [pool-4-thread-1/DEBUG] [net.minecraftforge.coremod.transformer.CoreModBaseTransformer/COREMOD]: Transforming net/minecraft/world/level/block/FlowerPotBlock
[25May2026 10:06:10.443] [pool-4-thread-1/DEBUG] [mixin/]: Mixing MixinPowderSnowBlock from curios.mixins.json into net.minecraft.world.level.block.PowderSnowBlock
[25May2026 10:06:10.542] [pool-4-thread-1/DEBUG] [mixin/]: Mixing MixinFallingBlockEntity from architectury.mixins.json into net.minecraft.world.entity.item.FallingBlockEntity
[25May2026 10:06:10.880] [pool-4-thread-1/DEBUG] [mixin/]: Mixing MobMixin from mobplayeranimator.mixins.json into net.minecraft.world.entity.Mob
[25May2026 10:06:10.882] [pool-4-thread-1/DEBUG] [mixin/]: Mixing MobAccessor from bettermobcombat.mixins.json into net.minecraft.world.entity.Mob
[25May2026 10:06:10.886] [pool-4-thread-1/DEBUG] [mixin/]: Mixing MobMixin_AttackAnimation from bettermobcombat.mixins.json into net.minecraft.world.entity.Mob
[25May2026 10:06:10.888] [pool-4-thread-1/DEBUG] [mixin/]: Renaming synthetic method lambda$bettermobcombat$createPoseAdjustment$1(Ljava/lang/String;)Ljava/util/Optional; to md00b46c$lambda$bettermobcombat$createPoseAdjustment$1$0 in bettermobcombat.mixins.json:MobMixin_AttackAnimation
[25May2026 10:06:10.888] [pool-4-thread-1/DEBUG] [mixin/]: Renaming synthetic method lambda$bettermobcombat$createAttackAdjustment$0(Ljava/lang/String;)Ljava/util/Optional; to md00b46c$lambda$bettermobcombat$createAttackAdjustment$0$1 in bettermobcombat.mixins.json:MobMixin_AttackAnimation
[25May2026 10:06:10.898] [pool-4-thread-1/DEBUG] [mixin/]: Mixing MobMixin_AttackLogic from bettermobcombat.mixins.json into net.minecraft.world.entity.Mob
[25May2026 10:06:10.901] [pool-4-thread-1/DEBUG] [mixin/]: Renaming synthetic method lambda$bettermobcombat$startUpswing$2(Lnet/bettercombat/api/AttackHand;Lme/Thelnfamous1/bettermobcombat/client/BetterMobCombatEvents$MobAttackStart;)V to md00b46c$lambda$bettermobcombat$startUpswing$2$2 in bettermobcombat.mixins.json:MobMixin_AttackLogic
[25May2026 10:06:10.901] [pool-4-thread-1/DEBUG] [mixin/]: Renaming synthetic method lambda$pre_isWithinMeleeAttackRange$1(Lorg/spongepowered/asm/mixin/injection/callback/CallbackInfoReturnable;Lnet/minecraft/world/entity/LivingEntity;Lnet/minecraft/world/entity/Mob;Lnet/bettercombat/api/WeaponAttributes;)V to md00b46c$lambda$pre_isWithinMeleeAttackRange$1$3 in bettermobcombat.mixins.json:MobMixin_AttackLogic
[25May2026 10:06:10.901] [pool-4-thread-1/DEBUG] [mixin/]: Renaming synthetic method lambda$bettermobcombat$performAttack$0(Lnet/bettercombat/api/AttackHand;Ljava/util/List;Lnet/minecraft/world/entity/Entity;Lme/Thelnfamous1/bettermobcombat/client/BetterMobCombatEvents$MobAttackHit;)V to md00b46c$lambda$bettermobcombat$performAttack$0$4 in bettermobcombat.mixins.json:MobMixin_AttackLogic
[25May2026 10:06:10.908] [pool-4-thread-1/DEBUG] [mixin/]: Mixing MobMixin from mixins.recruits.json into net.minecraft.world.entity.Mob
[25May2026 10:06:10.914] [pool-4-thread-1/DEBUG] [mixin/]: Mixing BetterMobCombatCompatibilityMixin from bmcfix.mixins.json into net.minecraft.world.entity.Mob
[25May2026 10:06:11.070] [pool-4-thread-1/DEBUG] [net.minecraftforge.coremod.transformer.CoreModBaseTransformer/COREMOD]: Transforming net/minecraft/world/item/ItemStack
[25May2026 10:06:11.070] [pool-4-thread-1/DEBUG] [mixin/]: Mixing ItemStackMixin from bettercombat.mixins.json into net.minecraft.world.item.ItemStack
[25May2026 10:06:11.234] [pool-4-thread-1/DEBUG] [mixin/]: Mixing AnimalMixin from mixins.recruits.json into net.minecraft.world.entity.animal.Animal
[25May2026 10:06:11.450] [pool-4-thread-1/DEBUG] [mixin/]: Mixing MixinLightningBolt from architectury-common.mixins.json into net.minecraft.world.entity.LightningBolt
[25May2026 10:06:11.507] [pool-4-thread-1/DEBUG] [net.minecraftforge.coremod.transformer.CoreModBaseTransformer/COREMOD]: Transforming net/minecraft/world/entity/animal/frog/Tadpole
[25May2026 10:06:11.531] [pool-4-thread-1/DEBUG] [mixin/]: Mixing RangedWeaponItemMixin from bettercombat.mixins.json into net.minecraft.world.item.ProjectileWeaponItem
[25May2026 10:06:11.531] [pool-4-thread-1/DEBUG] [mixin/]: Mixing RangedWeaponItemMixin from bettermobcombat.mixins.json into net.minecraft.world.item.ProjectileWeaponItem
[25May2026 10:06:11.564] [pool-4-thread-1/DEBUG] [net.minecraftforge.coremod.transformer.CoreModBaseTransformer/COREMOD]: Transforming net/minecraft/world/item/BucketItem
[25May2026 10:06:11.564] [pool-4-thread-1/DEBUG] [mixin/]: Mixing inject.MixinBucketItem from architectury-common.mixins.json into net.minecraft.world.item.BucketItem
[25May2026 10:06:11.573] [pool-4-thread-1/DEBUG] [mixin/]: Mixing MixinShearsItem from curios.mixins.json into net.minecraft.world.item.ShearsItem
[25May2026 10:06:11.602] [pool-4-thread-1/DEBUG] [mixin/]: Mixing inject.MixinItemProperties from architectury-common.mixins.json into net.minecraft.world.item.Item$Properties
[25May2026 10:06:12.149] [pool-4-thread-1/DEBUG] [mixin/]: Mixing MeleeAttackGoalMixin from bettermobcombat.mixins.json into net.minecraft.world.entity.ai.goal.MeleeAttackGoal
[25May2026 10:06:12.150] [pool-4-thread-1/DEBUG] [mixin/]: Renaming synthetic method lambda$bettermobcombat$useBetterCombatAttackCheck$3(Lnet/minecraft/world/entity/LivingEntity;Lnet/minecraft/world/entity/Mob;Lnet/bettercombat/api/WeaponAttributes;)Z to md00b46c$lambda$bettermobcombat$useBetterCombatAttackCheck$3$0 in bettermobcombat.mixins.json:MeleeAttackGoalMixin
[25May2026 10:06:12.150] [pool-4-thread-1/DEBUG] [mixin/]: Renaming synthetic method lambda$bettermobcombat$useBetterCombatAttackCheck$2(Lnet/minecraft/world/entity/Mob;Lnet/bettercombat/api/WeaponAttributes;)V to md00b46c$lambda$bettermobcombat$useBetterCombatAttackCheck$2$1 in bettermobcombat.mixins.json:MeleeAttackGoalMixin
[25May2026 10:06:12.150] [pool-4-thread-1/DEBUG] [mixin/]: Renaming synthetic method lambda$wrap_followingTargetEvenIfNotSeen$1(Lnet/minecraft/world/entity/Mob;Lnet/bettercombat/api/WeaponAttributes;)Z to md00b46c$lambda$wrap_followingTargetEvenIfNotSeen$1$2 in bettermobcombat.mixins.json:MeleeAttackGoalMixin
[25May2026 10:06:12.150] [pool-4-thread-1/DEBUG] [mixin/]: Renaming synthetic method lambda$pre_getAttackReachSqr_canUse$0(Lorg/spongepowered/asm/mixin/injection/callback/CallbackInfoReturnable;Lnet/minecraft/world/entity/Mob;Lnet/bettercombat/api/WeaponAttributes;)V to md00b46c$lambda$pre_getAttackReachSqr_canUse$0$3 in bettermobcombat.mixins.json:MeleeAttackGoalMixin
[25May2026 10:06:12.200] [pool-4-thread-1/DEBUG] [mixin/]: Mixing CamelMixin from mixins.recruits.json into net.minecraft.world.entity.animal.camel.Camel
[25May2026 10:06:12.216] [pool-4-thread-1/DEBUG] [mixin/]: Mixing AbstractHorseMixin from mixins.recruits.json into net.minecraft.world.entity.animal.horse.AbstractHorse
[25May2026 10:06:12.231] [Datafixer Bootstrap/INFO] [com.mojang.datafixers.DataFixerBuilder/]: 188 Datafixer optimizations took 110 milliseconds
[25May2026 10:06:12.250] [pool-4-thread-1/DEBUG] [net.minecraftforge.coremod.transformer.CoreModBaseTransformer/COREMOD]: Transforming net/minecraft/world/entity/monster/Spider
[25May2026 10:06:12.298] [pool-4-thread-1/DEBUG] [net.minecraftforge.coremod.transformer.CoreModBaseTransformer/COREMOD]: Transforming net/minecraft/world/entity/monster/Zombie
[25May2026 10:06:12.319] [pool-4-thread-1/DEBUG] [net.minecraftforge.coremod.transformer.CoreModBaseTransformer/COREMOD]: Transforming net/minecraft/world/entity/monster/ZombieVillager
[25May2026 10:06:12.379] [pool-4-thread-1/DEBUG] [net.minecraftforge.coremod.transformer.CoreModBaseTransformer/COREMOD]: Transforming net/minecraft/world/entity/monster/Evoker$EvokerSummonSpellGoal
[25May2026 10:06:12.499] [pool-4-thread-1/DEBUG] [net.minecraftforge.coremod.transformer.CoreModBaseTransformer/COREMOD]: Transforming net/minecraft/world/entity/animal/horse/SkeletonTrapGoal
[25May2026 10:06:12.513] [pool-4-thread-1/DEBUG] [net.minecraftforge.coremod.transformer.CoreModBaseTransformer/COREMOD]: Transforming net/minecraft/world/entity/monster/Strider
[25May2026 10:06:12.551] [pool-4-thread-1/DEBUG] [mixin/]: Mixing common.ServerPlayerMixin from tacz.mixins.json into net.minecraft.server.level.ServerPlayer
[25May2026 10:06:12.591] [pool-4-thread-1/DEBUG] [net.minecraftforge.coremod.transformer.CoreModBaseTransformer/COREMOD]: Transforming net/minecraft/world/entity/npc/Villager
[25May2026 10:06:12.637] [pool-4-thread-1/DEBUG] [mixin/]: Mixing inject.MixinFoodPropertiesBuilder from architectury-common.mixins.json into net.minecraft.world.food.FoodProperties$Builder
[25May2026 10:06:12.639] [pool-4-thread-1/DEBUG] [net.minecraftforge.coremod.transformer.CoreModBaseTransformer/COREMOD]: Transforming net/minecraft/world/effect/MobEffectInstance
[25May2026 10:06:12.663] [pool-4-thread-1/DEBUG] [mixin/]: Mixing common.ServerGamePacketListenerImplMixin from tacz.mixins.json into net.minecraft.server.network.ServerGamePacketListenerImpl
[25May2026 10:06:12.663] [pool-4-thread-1/DEBUG] [mixin/]: Mixing common.ServerPlayNetHandlerMixin from tacz.mixins.json into net.minecraft.server.network.ServerGamePacketListenerImpl
[25May2026 10:06:12.665] [pool-4-thread-1/DEBUG] [mixin/]: Mixing ServerPlayNetworkHandlerMixin from bettercombat.mixins.json into net.minecraft.server.network.ServerGamePacketListenerImpl
[25May2026 10:06:12.665] [pool-4-thread-1/DEBUG] [mixin/]: Mixing ServerPlayNetHandlerMixin from simplebedrockmodel.mixins.json into net.minecraft.server.network.ServerGamePacketListenerImpl
[25May2026 10:06:12.667] [pool-4-thread-1/DEBUG] [mixin/]: simplebedrockmodel.mixins.json:ServerPlayNetHandlerMixin: Class version 61 required is higher than the class version supported by the current version of Mixin (JAVA_8 supports class version 52)
[25May2026 10:06:12.735] [pool-4-thread-1/DEBUG] [mixin/]: Mixing SweepingEnchantmentMixin from bettercombat.mixins.json into net.minecraft.world.item.enchantment.SweepingEdgeEnchantment
[25May2026 10:06:12.815] [pool-4-thread-1/DEBUG] [mixin/]: Mixing MixinInventory from curios.mixins.json into net.minecraft.world.entity.player.Inventory
[25May2026 10:06:12.914] [pool-4-thread-1/DEBUG] [mixin/]: Mixing MixinApplyBonusCount from curios.mixins.json into net.minecraft.world.level.storage.loot.functions.ApplyBonusCount
[25May2026 10:06:13.098] [pool-4-thread-1/DEBUG] [net.minecraftforge.coremod.transformer.CoreModBaseTransformer/COREMOD]: Transforming net/minecraft/world/level/levelgen/structure/Structure
[25May2026 10:06:13.127] [pool-4-thread-1/DEBUG] [net.minecraftforge.coremod.transformer.CoreModBaseTransformer/COREMOD]: Transforming net/minecraft/world/level/levelgen/structure/structures/OceanRuinPieces$OceanRuinPiece
[25May2026 10:06:13.137] [pool-4-thread-1/DEBUG] [net.minecraftforge.coremod.transformer.CoreModBaseTransformer/COREMOD]: Transforming net/minecraft/world/level/levelgen/structure/structures/SwampHutPiece
[25May2026 10:06:13.142] [pool-4-thread-1/DEBUG] [net.minecraftforge.coremod.transformer.CoreModBaseTransformer/COREMOD]: Transforming net/minecraft/world/level/levelgen/structure/structures/OceanMonumentPieces$OceanMonumentPiece
[25May2026 10:06:13.155] [pool-4-thread-1/DEBUG] [net.minecraftforge.coremod.transformer.CoreModBaseTransformer/COREMOD]: Transforming net/minecraft/world/level/levelgen/structure/structures/WoodlandMansionPieces$WoodlandMansionPiece
[25May2026 10:06:13.223] [pool-4-thread-1/DEBUG] [net.minecraftforge.coremod.transformer.CoreModBaseTransformer/COREMOD]: Transforming net/minecraft/world/level/biome/Biome
[25May2026 10:06:13.353] [pool-4-thread-1/DEBUG] [net.minecraftforge.registries.GameData/REGISTRIES]: Creating vanilla freeze snapshot
[25May2026 10:06:13.355] [pool-4-thread-1/DEBUG] [net.minecraftforge.registries.ForgeRegistry/REGISTRIES]: Registry minecraft:block Sync: VANILLA -> ACTIVE
[25May2026 10:06:13.365] [pool-4-thread-1/DEBUG] [net.minecraftforge.registries.ForgeRegistry/REGISTRIES]: Registry minecraft:fluid Sync: VANILLA -> ACTIVE
[25May2026 10:06:13.365] [pool-4-thread-1/DEBUG] [net.minecraftforge.registries.ForgeRegistry/REGISTRIES]: Registry minecraft:item Sync: VANILLA -> ACTIVE
[25May2026 10:06:13.373] [pool-4-thread-1/DEBUG] [net.minecraftforge.registries.ForgeRegistry/REGISTRIES]: Registry minecraft:mob_effect Sync: VANILLA -> ACTIVE
[25May2026 10:06:13.373] [pool-4-thread-1/DEBUG] [net.minecraftforge.registries.ForgeRegistry/REGISTRIES]: Registry minecraft:sound_event Sync: VANILLA -> ACTIVE
[25May2026 10:06:13.386] [pool-4-thread-1/DEBUG] [net.minecraftforge.registries.ForgeRegistry/REGISTRIES]: Registry minecraft:potion Sync: VANILLA -> ACTIVE
[25May2026 10:06:13.386] [pool-4-thread-1/DEBUG] [net.minecraftforge.registries.ForgeRegistry/REGISTRIES]: Registry minecraft:enchantment Sync: VANILLA -> ACTIVE
[25May2026 10:06:13.387] [pool-4-thread-1/DEBUG] [net.minecraftforge.registries.ForgeRegistry/REGISTRIES]: Registry minecraft:entity_type Sync: VANILLA -> ACTIVE
[25May2026 10:06:13.387] [pool-4-thread-1/DEBUG] [net.minecraftforge.registries.ForgeRegistry/REGISTRIES]: Registry minecraft:block_entity_type Sync: VANILLA -> ACTIVE
[25May2026 10:06:13.388] [pool-4-thread-1/DEBUG] [net.minecraftforge.registries.ForgeRegistry/REGISTRIES]: Registry minecraft:particle_type Sync: VANILLA -> ACTIVE
[25May2026 10:06:13.389] [pool-4-thread-1/DEBUG] [net.minecraftforge.registries.ForgeRegistry/REGISTRIES]: Registry minecraft:menu Sync: VANILLA -> ACTIVE
[25May2026 10:06:13.389] [pool-4-thread-1/DEBUG] [net.minecraftforge.registries.ForgeRegistry/REGISTRIES]: Registry minecraft:painting_variant Sync: VANILLA -> ACTIVE
[25May2026 10:06:13.389] [pool-4-thread-1/DEBUG] [net.minecraftforge.registries.ForgeRegistry/REGISTRIES]: Registry minecraft:recipe_type Sync: VANILLA -> ACTIVE
[25May2026 10:06:13.389] [pool-4-thread-1/DEBUG] [net.minecraftforge.registries.ForgeRegistry/REGISTRIES]: Registry minecraft:recipe_serializer Sync: VANILLA -> ACTIVE
[25May2026 10:06:13.389] [pool-4-thread-1/DEBUG] [net.minecraftforge.registries.ForgeRegistry/REGISTRIES]: Registry minecraft:attribute Sync: VANILLA -> ACTIVE
[25May2026 10:06:13.389] [pool-4-thread-1/DEBUG] [net.minecraftforge.registries.ForgeRegistry/REGISTRIES]: Registry minecraft:stat_type Sync: VANILLA -> ACTIVE
[25May2026 10:06:13.389] [pool-4-thread-1/DEBUG] [net.minecraftforge.registries.ForgeRegistry/REGISTRIES]: Registry minecraft:command_argument_type Sync: VANILLA -> ACTIVE
[25May2026 10:06:13.390] [pool-4-thread-1/DEBUG] [net.minecraftforge.registries.ForgeRegistry/REGISTRIES]: Registry minecraft:villager_profession Sync: VANILLA -> ACTIVE
[25May2026 10:06:13.390] [pool-4-thread-1/DEBUG] [net.minecraftforge.registries.ForgeRegistry/REGISTRIES]: Registry minecraft:point_of_interest_type Sync: VANILLA -> ACTIVE
[25May2026 10:06:13.392] [pool-4-thread-1/DEBUG] [net.minecraftforge.registries.ForgeRegistry/REGISTRIES]: Registry minecraft:memory_module_type Sync: VANILLA -> ACTIVE
[25May2026 10:06:13.393] [pool-4-thread-1/DEBUG] [net.minecraftforge.registries.ForgeRegistry/REGISTRIES]: Registry minecraft:sensor_type Sync: VANILLA -> ACTIVE
[25May2026 10:06:13.393] [pool-4-thread-1/DEBUG] [net.minecraftforge.registries.ForgeRegistry/REGISTRIES]: Registry minecraft:schedule Sync: VANILLA -> ACTIVE
[25May2026 10:06:13.393] [pool-4-thread-1/DEBUG] [net.minecraftforge.registries.ForgeRegistry/REGISTRIES]: Registry minecraft:activity Sync: VANILLA -> ACTIVE
[25May2026 10:06:13.393] [pool-4-thread-1/DEBUG] [net.minecraftforge.registries.ForgeRegistry/REGISTRIES]: Registry minecraft:worldgen/carver Sync: VANILLA -> ACTIVE
[25May2026 10:06:13.393] [pool-4-thread-1/DEBUG] [net.minecraftforge.registries.ForgeRegistry/REGISTRIES]: Registry minecraft:worldgen/feature Sync: VANILLA -> ACTIVE
[25May2026 10:06:13.394] [pool-4-thread-1/DEBUG] [net.minecraftforge.registries.ForgeRegistry/REGISTRIES]: Registry minecraft:chunk_status Sync: VANILLA -> ACTIVE
[25May2026 10:06:13.394] [pool-4-thread-1/DEBUG] [net.minecraftforge.registries.ForgeRegistry/REGISTRIES]: Registry minecraft:worldgen/block_state_provider_type Sync: VANILLA -> ACTIVE
[25May2026 10:06:13.394] [pool-4-thread-1/DEBUG] [net.minecraftforge.registries.ForgeRegistry/REGISTRIES]: Registry minecraft:worldgen/foliage_placer_type Sync: VANILLA -> ACTIVE
[25May2026 10:06:13.394] [pool-4-thread-1/DEBUG] [net.minecraftforge.registries.ForgeRegistry/REGISTRIES]: Registry minecraft:worldgen/tree_decorator_type Sync: VANILLA -> ACTIVE
[25May2026 10:06:13.394] [pool-4-thread-1/DEBUG] [net.minecraftforge.registries.ForgeRegistry/REGISTRIES]: Registry minecraft:worldgen/biome Sync: VANILLA -> ACTIVE
[25May2026 10:06:13.399] [pool-4-thread-1/DEBUG] [net.minecraftforge.registries.GameData/REGISTRIES]: Vanilla freeze snapshot created
[25May2026 10:06:13.414] [pool-4-thread-1/DEBUG] [io.netty.util.internal.PlatformDependent0/]: -Dio.netty.noUnsafe: false
[25May2026 10:06:13.416] [pool-4-thread-1/DEBUG] [io.netty.util.internal.PlatformDependent0/]: Java version: 17
[25May2026 10:06:13.416] [pool-4-thread-1/DEBUG] [io.netty.util.internal.PlatformDependent0/]: sun.misc.Unsafe.theUnsafe: available
[25May2026 10:06:13.417] [pool-4-thread-1/DEBUG] [io.netty.util.internal.PlatformDependent0/]: sun.misc.Unsafe.copyMemory: available
[25May2026 10:06:13.417] [pool-4-thread-1/DEBUG] [io.netty.util.internal.PlatformDependent0/]: sun.misc.Unsafe.storeFence: available
[25May2026 10:06:13.417] [pool-4-thread-1/DEBUG] [io.netty.util.internal.PlatformDependent0/]: java.nio.Buffer.address: available
[25May2026 10:06:13.419] [pool-4-thread-1/DEBUG] [io.netty.util.internal.PlatformDependent0/]: direct buffer constructor: unavailable
java.lang.UnsupportedOperationException: Reflective setAccessible(true) disabled
	at io.netty.util.internal.ReflectionUtil.trySetAccessible(ReflectionUtil.java:31) ~[netty-common-4.1.82.Final.jar%23151!/:4.1.82.Final]
	at io.netty.util.internal.PlatformDependent0$5.run(PlatformDependent0.java:288) ~[netty-common-4.1.82.Final.jar%23151!/:4.1.82.Final]
	at java.security.AccessController.doPrivileged(AccessController.java:318) ~[?:?]
	at io.netty.util.internal.PlatformDependent0.<clinit>(PlatformDependent0.java:282) ~[netty-common-4.1.82.Final.jar%23151!/:4.1.82.Final]
	at io.netty.util.internal.PlatformDependent.isAndroid(PlatformDependent.java:333) ~[netty-common-4.1.82.Final.jar%23151!/:4.1.82.Final]
	at io.netty.util.internal.PlatformDependent.<clinit>(PlatformDependent.java:88) ~[netty-common-4.1.82.Final.jar%23151!/:4.1.82.Final]
	at io.netty.util.ConstantPool.<init>(ConstantPool.java:34) ~[netty-common-4.1.82.Final.jar%23151!/:4.1.82.Final]
	at io.netty.util.AttributeKey$1.<init>(AttributeKey.java:27) ~[netty-common-4.1.82.Final.jar%23151!/:4.1.82.Final]
	at io.netty.util.AttributeKey.<clinit>(AttributeKey.java:27) ~[netty-common-4.1.82.Final.jar%23151!/:4.1.82.Final]
	at net.minecraftforge.network.NetworkConstants.<clinit>(NetworkConstants.java:34) ~[forge-1.20.1-47.4.20_mapped_official_1.20.1-recomp.jar%23190%23197!/:?]
	at net.minecraftforge.network.NetworkHooks.init(NetworkHooks.java:52) ~[forge-1.20.1-47.4.20_mapped_official_1.20.1-recomp.jar%23190%23197!/:?]
	at net.minecraft.server.Bootstrap.bootStrap(Bootstrap.java:62) ~[forge-1.20.1-47.4.20_mapped_official_1.20.1-recomp.jar%23191!/:?]
	at net.minecraft.client.main.Main.lambda$main$0(Main.java:151) ~[forge-1.20.1-47.4.20_mapped_official_1.20.1-recomp.jar%23191!/:?]
	at java.util.concurrent.Executors$RunnableAdapter.call(Executors.java:539) ~[?:?]
	at java.util.concurrent.FutureTask.run(FutureTask.java:264) ~[?:?]
	at java.util.concurrent.ThreadPoolExecutor.runWorker(ThreadPoolExecutor.java:1136) ~[?:?]
	at java.util.concurrent.ThreadPoolExecutor$Worker.run(ThreadPoolExecutor.java:635) ~[?:?]
	at java.lang.Thread.run(Thread.java:840) ~[?:?]
[25May2026 10:06:13.421] [pool-4-thread-1/DEBUG] [io.netty.util.internal.PlatformDependent0/]: java.nio.Bits.unaligned: available, true
[25May2026 10:06:13.422] [pool-4-thread-1/DEBUG] [io.netty.util.internal.PlatformDependent0/]: jdk.internal.misc.Unsafe.allocateUninitializedArray(int): unavailable
java.lang.IllegalAccessException: class io.netty.util.internal.PlatformDependent0$7 (in module io.netty.common) cannot access class jdk.internal.misc.Unsafe (in module java.base) because module java.base does not export jdk.internal.misc to module io.netty.common
	at jdk.internal.reflect.Reflection.newIllegalAccessException(Reflection.java:392) ~[?:?]
	at java.lang.reflect.AccessibleObject.checkAccess(AccessibleObject.java:674) ~[?:?]
	at java.lang.reflect.Method.invoke(Method.java:561) ~[?:?]
	at io.netty.util.internal.PlatformDependent0$7.run(PlatformDependent0.java:410) ~[netty-common-4.1.82.Final.jar%23151!/:4.1.82.Final]
	at java.security.AccessController.doPrivileged(AccessController.java:318) ~[?:?]
	at io.netty.util.internal.PlatformDependent0.<clinit>(PlatformDependent0.java:401) ~[netty-common-4.1.82.Final.jar%23151!/:4.1.82.Final]
	at io.netty.util.internal.PlatformDependent.isAndroid(PlatformDependent.java:333) ~[netty-common-4.1.82.Final.jar%23151!/:4.1.82.Final]
	at io.netty.util.internal.PlatformDependent.<clinit>(PlatformDependent.java:88) ~[netty-common-4.1.82.Final.jar%23151!/:4.1.82.Final]
	at io.netty.util.ConstantPool.<init>(ConstantPool.java:34) ~[netty-common-4.1.82.Final.jar%23151!/:4.1.82.Final]
	at io.netty.util.AttributeKey$1.<init>(AttributeKey.java:27) ~[netty-common-4.1.82.Final.jar%23151!/:4.1.82.Final]
	at io.netty.util.AttributeKey.<clinit>(AttributeKey.java:27) ~[netty-common-4.1.82.Final.jar%23151!/:4.1.82.Final]
	at net.minecraftforge.network.NetworkConstants.<clinit>(NetworkConstants.java:34) ~[forge-1.20.1-47.4.20_mapped_official_1.20.1-recomp.jar%23190%23197!/:?]
	at net.minecraftforge.network.NetworkHooks.init(NetworkHooks.java:52) ~[forge-1.20.1-47.4.20_mapped_official_1.20.1-recomp.jar%23190%23197!/:?]
	at net.minecraft.server.Bootstrap.bootStrap(Bootstrap.java:62) ~[forge-1.20.1-47.4.20_mapped_official_1.20.1-recomp.jar%23191!/:?]
	at net.minecraft.client.main.Main.lambda$main$0(Main.java:151) ~[forge-1.20.1-47.4.20_mapped_official_1.20.1-recomp.jar%23191!/:?]
	at java.util.concurrent.Executors$RunnableAdapter.call(Executors.java:539) ~[?:?]
	at java.util.concurrent.FutureTask.run(FutureTask.java:264) ~[?:?]
	at java.util.concurrent.ThreadPoolExecutor.runWorker(ThreadPoolExecutor.java:1136) ~[?:?]
	at java.util.concurrent.ThreadPoolExecutor$Worker.run(ThreadPoolExecutor.java:635) ~[?:?]
	at java.lang.Thread.run(Thread.java:840) ~[?:?]
[25May2026 10:06:13.424] [pool-4-thread-1/DEBUG] [io.netty.util.internal.PlatformDependent0/]: java.nio.DirectByteBuffer.<init>(long, int): unavailable
[25May2026 10:06:13.424] [pool-4-thread-1/DEBUG] [io.netty.util.internal.PlatformDependent/]: sun.misc.Unsafe: available
[25May2026 10:06:13.424] [pool-4-thread-1/DEBUG] [io.netty.util.internal.PlatformDependent/]: maxDirectMemory: 4133486592 bytes (maybe)
[25May2026 10:06:13.424] [pool-4-thread-1/DEBUG] [io.netty.util.internal.PlatformDependent/]: -Dio.netty.tmpdir: C:\Users\cornw\AppData\Local\Temp (java.io.tmpdir)
[25May2026 10:06:13.424] [pool-4-thread-1/DEBUG] [io.netty.util.internal.PlatformDependent/]: -Dio.netty.bitMode: 64 (sun.arch.data.model)
[25May2026 10:06:13.425] [pool-4-thread-1/DEBUG] [io.netty.util.internal.PlatformDependent/]: Platform: Windows
[25May2026 10:06:13.425] [pool-4-thread-1/DEBUG] [io.netty.util.internal.PlatformDependent/]: -Dio.netty.maxDirectMemory: -1 bytes
[25May2026 10:06:13.425] [pool-4-thread-1/DEBUG] [io.netty.util.internal.PlatformDependent/]: -Dio.netty.uninitializedArrayAllocationThreshold: -1
[25May2026 10:06:13.427] [pool-4-thread-1/DEBUG] [io.netty.util.internal.CleanerJava9/]: java.nio.ByteBuffer.cleaner(): available
[25May2026 10:06:13.427] [pool-4-thread-1/DEBUG] [io.netty.util.internal.PlatformDependent/]: -Dio.netty.noPreferDirect: false
[25May2026 10:06:13.494] [pool-4-thread-1/DEBUG] [net.minecraftforge.network.NetworkHooks/]: Loading Network data for FML net version: FML3
[25May2026 10:06:13.609] [Render thread/DEBUG] [mixin/]: Mixing client.InGameHudInject from bettercombat.mixins.json into net.minecraft.client.gui.Gui
[25May2026 10:06:13.627] [Render thread/DEBUG] [mixin/]: Mixing MixinClientLevel from architectury.mixins.json into net.minecraft.client.multiplayer.ClientLevel
[25May2026 10:06:13.638] [Render thread/DEBUG] [mixin/]: Mixing MixinLevelEvent from architectury.mixins.json into net.minecraftforge.event.level.LevelEvent
[25May2026 10:06:13.641] [Render thread/DEBUG] [mixin/]: Mixing client.LocalPlayerMixin from tacz.mixins.json into net.minecraft.client.player.LocalPlayer
[25May2026 10:06:13.645] [Render thread/DEBUG] [mixin/]: Mixing client.ClientPlayerEntityMixin from bettercombat.mixins.json into net.minecraft.client.player.LocalPlayer
[25May2026 10:06:13.675] [Render thread/DEBUG] [mixin/]: Mixing client.AbstractClientPlayerEntityMixin from bettercombat.mixins.json into net.minecraft.client.player.AbstractClientPlayer
[25May2026 10:06:13.677] [Render thread/DEBUG] [mixin/]: Renaming synthetic method lambda$createPoseAdjustment$1(Lnet/minecraft/world/entity/player/Player;Ljava/lang/String;)Ljava/util/Optional; to md00b46c$lambda$createPoseAdjustment$1$0 in bettercombat.mixins.json:client.AbstractClientPlayerEntityMixin
[25May2026 10:06:13.677] [Render thread/DEBUG] [mixin/]: Renaming synthetic method lambda$createAttackAdjustment$0(Lnet/minecraft/world/entity/player/Player;Ljava/lang/String;)Ljava/util/Optional; to md00b46c$lambda$createAttackAdjustment$0$1 in bettercombat.mixins.json:client.AbstractClientPlayerEntityMixin
[25May2026 10:06:13.750] [Render thread/WARN] [net.minecraft.server.packs.VanillaPackResourcesBuilder/]: Assets URL 'union:/C:/Users/cornw/OneDrive/Documents/Minecraft%20Modding/Forge/recruitsTACZ/build/fg_cache/net/minecraftforge/forge/1.20.1-47.4.20_mapped_official_1.20.1/forge-1.20.1-47.4.20_mapped_official_1.20.1-recomp.jar%23191!/assets/.mcassetsroot' uses unexpected schema
[25May2026 10:06:13.750] [Render thread/WARN] [net.minecraft.server.packs.VanillaPackResourcesBuilder/]: Assets URL 'union:/C:/Users/cornw/OneDrive/Documents/Minecraft%20Modding/Forge/recruitsTACZ/build/fg_cache/net/minecraftforge/forge/1.20.1-47.4.20_mapped_official_1.20.1/forge-1.20.1-47.4.20_mapped_official_1.20.1-recomp.jar%23191!/data/.mcassetsroot' uses unexpected schema
[25May2026 10:06:13.763] [Render thread/INFO] [com.mojang.authlib.yggdrasil.YggdrasilAuthenticationService/]: Environment: authHost='https://authserver.mojang.com', accountsHost='https://api.mojang.com', sessionHost='https://sessionserver.mojang.com', servicesHost='https://api.minecraftservices.com', name='PROD'
[25May2026 10:06:13.767] [Render thread/INFO] [net.minecraft.client.Minecraft/]: Setting user: Dev
[25May2026 10:06:13.779] [Render thread/DEBUG] [mixin/]: Mixing client.AbstractButtonMixin from tacz.mixins.json into net.minecraft.client.gui.components.AbstractButton
[25May2026 10:06:13.846] [Render thread/INFO] [net.minecraft.client.Minecraft/]: Backend library: LWJGL version 3.3.1 build 7
[25May2026 10:06:13.900] [Render thread/DEBUG] [mixin/]: Mixing client.MouseHandlerMixin from tacz.mixins.json into net.minecraft.client.MouseHandler
[25May2026 10:06:13.994] [Render thread/DEBUG] [net.minecraftforge.common.ForgeI18n/CORE]: Loading I18N data entries: 6434
[25May2026 10:06:14.011] [Render thread/DEBUG] [net.minecraftforge.fml.ModWorkManager/LOADING]: Using 16 threads for parallel mod-loading
[25May2026 10:06:14.019] [Render thread/DEBUG] [net.minecraftforge.fml.javafmlmod.FMLJavaModLanguageProvider/LOADING]: Loading FMLModContainer from classloader cpw.mods.modlauncher.TransformingClassLoader@6025d790 - got cpw.mods.cl.ModuleClassLoader@105b693d
[25May2026 10:06:14.021] [Render thread/DEBUG] [net.minecraftforge.fml.javafmlmod.FMLModContainer/LOADING]: Creating FMLModContainer instance for com.llamalad7.mixinextras.platform.forge.MixinExtrasMod
[25May2026 10:06:14.025] [Render thread/DEBUG] [net.minecraftforge.fml.javafmlmod.FMLJavaModLanguageProvider/LOADING]: Loading FMLModContainer from classloader cpw.mods.modlauncher.TransformingClassLoader@6025d790 - got cpw.mods.cl.ModuleClassLoader@105b693d
[25May2026 10:06:14.025] [Render thread/DEBUG] [net.minecraftforge.fml.javafmlmod.FMLModContainer/LOADING]: Creating FMLModContainer instance for com.raiiiden.warborn.WARBORN
[25May2026 10:06:14.025] [Render thread/DEBUG] [net.minecraftforge.fml.javafmlmod.FMLJavaModLanguageProvider/LOADING]: Loading FMLModContainer from classloader cpw.mods.modlauncher.TransformingClassLoader@6025d790 - got cpw.mods.cl.ModuleClassLoader@105b693d
[25May2026 10:06:14.025] [Render thread/DEBUG] [net.minecraftforge.fml.javafmlmod.FMLModContainer/LOADING]: Creating FMLModContainer instance for software.bernie.example.GeckoLibMod
[25May2026 10:06:14.026] [Render thread/DEBUG] [net.minecraftforge.fml.javafmlmod.FMLJavaModLanguageProvider/LOADING]: Loading FMLModContainer from classloader cpw.mods.modlauncher.TransformingClassLoader@6025d790 - got cpw.mods.cl.ModuleClassLoader@105b693d
[25May2026 10:06:14.026] [Render thread/DEBUG] [net.minecraftforge.fml.javafmlmod.FMLModContainer/LOADING]: Creating FMLModContainer instance for dev.architectury.forge.ArchitecturyForge
[25May2026 10:06:14.026] [Render thread/DEBUG] [net.minecraftforge.fml.javafmlmod.FMLJavaModLanguageProvider/LOADING]: Loading FMLModContainer from classloader cpw.mods.modlauncher.TransformingClassLoader@6025d790 - got cpw.mods.cl.ModuleClassLoader@105b693d
[25May2026 10:06:14.026] [Render thread/DEBUG] [net.minecraftforge.fml.javafmlmod.FMLModContainer/LOADING]: Creating FMLModContainer instance for dev.kosmx.playerAnim.forge.ForgeModInterface
[25May2026 10:06:14.028] [Render thread/DEBUG] [net.minecraftforge.fml.javafmlmod.FMLJavaModLanguageProvider/LOADING]: Loading FMLModContainer from classloader cpw.mods.modlauncher.TransformingClassLoader@6025d790 - got cpw.mods.cl.ModuleClassLoader@105b693d
[25May2026 10:06:14.028] [Render thread/DEBUG] [net.minecraftforge.fml.javafmlmod.FMLModContainer/LOADING]: Creating FMLModContainer instance for com.tacz.guns.GunMod
[25May2026 10:06:14.028] [Render thread/DEBUG] [net.minecraftforge.fml.javafmlmod.FMLJavaModLanguageProvider/LOADING]: Loading FMLModContainer from classloader cpw.mods.modlauncher.TransformingClassLoader@6025d790 - got cpw.mods.cl.ModuleClassLoader@105b693d
[25May2026 10:06:14.028] [Render thread/DEBUG] [net.minecraftforge.fml.javafmlmod.FMLModContainer/LOADING]: Creating FMLModContainer instance for com.logic.recruitstacz.TACZRecruits
[25May2026 10:06:14.029] [Render thread/DEBUG] [net.minecraftforge.fml.javafmlmod.FMLJavaModLanguageProvider/LOADING]: Loading FMLModContainer from classloader cpw.mods.modlauncher.TransformingClassLoader@6025d790 - got cpw.mods.cl.ModuleClassLoader@105b693d
[25May2026 10:06:14.029] [Render thread/DEBUG] [net.minecraftforge.fml.javafmlmod.FMLModContainer/LOADING]: Creating FMLModContainer instance for dev.utherhel.bmcfix.forge.BetterCombatFixForge
[25May2026 10:06:14.030] [Render thread/DEBUG] [net.minecraftforge.fml.javafmlmod.FMLJavaModLanguageProvider/LOADING]: Loading FMLModContainer from classloader cpw.mods.modlauncher.TransformingClassLoader@6025d790 - got cpw.mods.cl.ModuleClassLoader@105b693d
[25May2026 10:06:14.030] [Render thread/DEBUG] [net.minecraftforge.fml.javafmlmod.FMLModContainer/LOADING]: Creating FMLModContainer instance for me.shedaniel.clothconfig.ClothConfigForge
[25May2026 10:06:14.031] [Render thread/DEBUG] [net.minecraftforge.fml.javafmlmod.FMLJavaModLanguageProvider/LOADING]: Loading FMLModContainer from classloader cpw.mods.modlauncher.TransformingClassLoader@6025d790 - got cpw.mods.cl.ModuleClassLoader@105b693d
[25May2026 10:06:14.031] [Render thread/DEBUG] [net.minecraftforge.fml.javafmlmod.FMLModContainer/LOADING]: Creating FMLModContainer instance for net.bettercombat.forge.BetterCombatForge
[25May2026 10:06:14.031] [Render thread/DEBUG] [net.minecraftforge.fml.javafmlmod.FMLJavaModLanguageProvider/LOADING]: Loading FMLModContainer from classloader cpw.mods.modlauncher.TransformingClassLoader@6025d790 - got cpw.mods.cl.ModuleClassLoader@105b693d
[25May2026 10:06:14.031] [Render thread/DEBUG] [net.minecraftforge.fml.javafmlmod.FMLModContainer/LOADING]: Creating FMLModContainer instance for net.minecraftforge.common.ForgeMod
[25May2026 10:06:14.034] [Render thread/DEBUG] [net.minecraftforge.fml.javafmlmod.FMLJavaModLanguageProvider/LOADING]: Loading FMLModContainer from classloader cpw.mods.modlauncher.TransformingClassLoader@6025d790 - got cpw.mods.cl.ModuleClassLoader@105b693d
[25May2026 10:06:14.034] [Render thread/DEBUG] [net.minecraftforge.fml.javafmlmod.FMLModContainer/LOADING]: Creating FMLModContainer instance for top.theillusivec4.curios.Curios
[25May2026 10:06:14.035] [Render thread/DEBUG] [net.minecraftforge.fml.javafmlmod.FMLJavaModLanguageProvider/LOADING]: Loading FMLModContainer from classloader cpw.mods.modlauncher.TransformingClassLoader@6025d790 - got cpw.mods.cl.ModuleClassLoader@105b693d
[25May2026 10:06:14.035] [Render thread/DEBUG] [net.minecraftforge.fml.javafmlmod.FMLModContainer/LOADING]: Creating FMLModContainer instance for com.github.mcmodderanchor.simplebedrockmodel.SimpleBedrockModel
[25May2026 10:06:14.037] [Render thread/DEBUG] [net.minecraftforge.fml.javafmlmod.FMLJavaModLanguageProvider/LOADING]: Loading FMLModContainer from classloader cpw.mods.modlauncher.TransformingClassLoader@6025d790 - got cpw.mods.cl.ModuleClassLoader@105b693d
[25May2026 10:06:14.037] [Render thread/DEBUG] [net.minecraftforge.fml.javafmlmod.FMLModContainer/LOADING]: Creating FMLModContainer instance for me.Thelnfamous1.mobplayeranimator.MobPlayerAnimatorForge
[25May2026 10:06:14.037] [Render thread/DEBUG] [net.minecraftforge.fml.javafmlmod.FMLJavaModLanguageProvider/LOADING]: Loading FMLModContainer from classloader cpw.mods.modlauncher.TransformingClassLoader@6025d790 - got cpw.mods.cl.ModuleClassLoader@105b693d
[25May2026 10:06:14.037] [Render thread/DEBUG] [net.minecraftforge.fml.javafmlmod.FMLModContainer/LOADING]: Creating FMLModContainer instance for me.Thelnfamous1.bettermobcombat.BetterMobCombatForge
[25May2026 10:06:14.038] [Render thread/DEBUG] [net.minecraftforge.fml.javafmlmod.FMLJavaModLanguageProvider/LOADING]: Loading FMLModContainer from classloader cpw.mods.modlauncher.TransformingClassLoader@6025d790 - got cpw.mods.cl.ModuleClassLoader@105b693d
[25May2026 10:06:14.038] [Render thread/DEBUG] [net.minecraftforge.fml.javafmlmod.FMLModContainer/LOADING]: Creating FMLModContainer instance for com.talhanation.recruits.Main
[25May2026 10:06:14.054] [modloading-worker-0/DEBUG] [net.minecraftforge.fml.javafmlmod.AutomaticEventSubscriber/LOADING]: Attempting to inject @EventBusSubscriber classes into the eventbus for mixinextras
[25May2026 10:06:14.054] [modloading-worker-0/DEBUG] [net.minecraftforge.fml.javafmlmod.AutomaticEventSubscriber/LOADING]: Attempting to inject @EventBusSubscriber classes into the eventbus for playeranimator
[25May2026 10:06:14.055] [modloading-worker-0/DEBUG] [net.minecraftforge.fml.javafmlmod.AutomaticEventSubscriber/LOADING]: Attempting to inject @EventBusSubscriber classes into the eventbus for mobplayeranimator
[25May2026 10:06:14.060] [modloading-worker-0/DEBUG] [net.minecraftforge.fml.javafmlmod.AutomaticEventSubscriber/LOADING]: Attempting to inject @EventBusSubscriber classes into the eventbus for cloth_config
[25May2026 10:06:14.064] [modloading-worker-0/DEBUG] [net.minecraftforge.fml.javafmlmod.AutomaticEventSubscriber/LOADING]: Attempting to inject @EventBusSubscriber classes into the eventbus for simplebedrockmodel
[25May2026 10:06:14.067] [modloading-worker-0/DEBUG] [net.minecraftforge.fml.javafmlmod.AutomaticEventSubscriber/LOADING]: Auto-subscribing dev.kosmx.playerAnim.forge.ForgeClientEvent to MOD
[25May2026 10:06:14.067] [modloading-worker-0/DEBUG] [net.minecraftforge.fml.javafmlmod.AutomaticEventSubscriber/LOADING]: Auto-subscribing me.Thelnfamous1.mobplayeranimator.events.ForgeClientModEvents to MOD
[25May2026 10:06:14.067] [modloading-worker-0/DEBUG] [net.minecraftforge.fml.javafmlmod.AutomaticEventSubscriber/LOADING]: Auto-subscribing com.github.mcmodderanchor.simplebedrockmodel.v1.resource.ReloadListenersRegister$BedrockModelClientRegister to MOD
[25May2026 10:06:14.073] [modloading-worker-0/DEBUG] [net.minecraftforge.fml.javafmlmod.AutomaticEventSubscriber/LOADING]: Auto-subscribing me.Thelnfamous1.mobplayeranimator.MobPlayerAnimatorForge to MOD
[25May2026 10:06:14.073] [modloading-worker-0/DEBUG] [net.minecraftforge.fml.javafmlmod.AutomaticEventSubscriber/LOADING]: Auto-subscribing com.github.mcmodderanchor.simplebedrockmodel.v1.client.handler.FirstPersonRenderHandler to FORGE
[25May2026 10:06:14.075] [modloading-worker-0/INFO] [bmcfix/]: Better Mob Combat Fix loaded - patching Better Mob Combat for Better Combat 1.9.0 compatibility
[25May2026 10:06:14.075] [modloading-worker-0/DEBUG] [net.minecraftforge.fml.javafmlmod.AutomaticEventSubscriber/LOADING]: Attempting to inject @EventBusSubscriber classes into the eventbus for bmcfix
[25May2026 10:06:14.078] [modloading-worker-0/DEBUG] [net.minecraftforge.fml.config.ConfigTracker/CONFIG]: Config file recruit-tacz-server.toml for recruitstacz tracking
[25May2026 10:06:14.078] [modloading-worker-0/DEBUG] [net.minecraftforge.fml.config.ConfigTracker/CONFIG]: Config file tacz-common.toml for tacz tracking
[25May2026 10:06:14.078] [modloading-worker-0/DEBUG] [net.minecraftforge.fml.javafmlmod.AutomaticEventSubscriber/LOADING]: Attempting to inject @EventBusSubscriber classes into the eventbus for recruitstacz
[25May2026 10:06:14.078] [modloading-worker-0/DEBUG] [net.minecraftforge.fml.javafmlmod.AutomaticEventSubscriber/LOADING]: Auto-subscribing com.logic.recruitstacz.client.ClientSetupEvent to MOD
[25May2026 10:06:14.078] [modloading-worker-0/DEBUG] [net.minecraftforge.fml.config.ConfigTracker/CONFIG]: Config file recruits-server.toml for recruits tracking
[25May2026 10:06:14.080] [modloading-worker-0/DEBUG] [net.minecraftforge.fml.config.ConfigTracker/CONFIG]: Config file recruits-client.toml for recruits tracking
[25May2026 10:06:14.081] [modloading-worker-0/DEBUG] [net.minecraftforge.fml.config.ConfigTracker/CONFIG]: Config file tacz-server.toml for tacz tracking
[25May2026 10:06:14.085] [modloading-worker-0/DEBUG] [net.minecraftforge.versions.forge.ForgeVersion/CORE]: Forge Version package package net.minecraftforge.versions.forge, Forge, version 47.4 from cpw.mods.modlauncher.TransformingClassLoader@6025d790
[25May2026 10:06:14.085] [modloading-worker-0/DEBUG] [net.minecraftforge.versions.forge.ForgeVersion/CORE]: Found Forge version 47.4.20
[25May2026 10:06:14.085] [modloading-worker-0/DEBUG] [net.minecraftforge.versions.forge.ForgeVersion/CORE]: Found Forge spec 47.4
[25May2026 10:06:14.085] [modloading-worker-0/DEBUG] [net.minecraftforge.versions.forge.ForgeVersion/CORE]: Found Forge group net.minecraftforge
[25May2026 10:06:14.087] [modloading-worker-0/DEBUG] [net.minecraftforge.versions.mcp.MCPVersion/CORE]: MCP Version package package net.minecraftforge.versions.mcp, Minecraft, version 1.20.1 from cpw.mods.modlauncher.TransformingClassLoader@6025d790
[25May2026 10:06:14.087] [modloading-worker-0/DEBUG] [net.minecraftforge.versions.mcp.MCPVersion/CORE]: Found MC version information 1.20.1
[25May2026 10:06:14.087] [modloading-worker-0/DEBUG] [net.minecraftforge.versions.mcp.MCPVersion/CORE]: Found MCP version information 20230612.114412
[25May2026 10:06:14.087] [modloading-worker-0/INFO] [net.minecraftforge.common.ForgeMod/FORGEMOD]: Forge mod loading, version 47.4.20, for MC 1.20.1 with MCP 20230612.114412
[25May2026 10:06:14.087] [modloading-worker-0/INFO] [net.minecraftforge.common.MinecraftForge/FORGE]: MinecraftForge v47.4.20 Initialized
[25May2026 10:06:14.088] [modloading-worker-0/DEBUG] [net.minecraftforge.fml.config.ConfigTracker/CONFIG]: Config file tacz-client.toml for tacz tracking
[25May2026 10:06:14.091] [modloading-worker-0/DEBUG] [mixin/]: Mixing client.ClientPlayerInteractionManagerMixin from bettercombat.mixins.json into net.minecraft.client.multiplayer.MultiPlayerGameMode
[25May2026 10:06:14.120] [modloading-worker-0/INFO] [recruits/]: Registering POI for ResourceKey[minecraft:block / recruits:recruit_block]
[25May2026 10:06:14.121] [modloading-worker-0/INFO] [recruits/]: Registering POI for ResourceKey[minecraft:block / recruits:recruit_shield_block]
[25May2026 10:06:14.121] [modloading-worker-0/INFO] [recruits/]: Registering POI for ResourceKey[minecraft:block / recruits:bowman_block]
[25May2026 10:06:14.121] [modloading-worker-0/INFO] [recruits/]: Registering POI for ResourceKey[minecraft:block / recruits:crossbowman_block]
[25May2026 10:06:14.121] [modloading-worker-0/INFO] [recruits/]: Registering POI for ResourceKey[minecraft:block / recruits:horseman_block]
[25May2026 10:06:14.121] [modloading-worker-0/INFO] [recruits/]: Registering POI for ResourceKey[minecraft:block / recruits:nomad_block]
[25May2026 10:06:14.123] [modloading-worker-0/INFO] [recruits/]: Registering profession for recruit with POI net.minecraftforge.registries.RegistryObject@810c44e9
[25May2026 10:06:14.125] [modloading-worker-0/INFO] [recruits/]: Registering profession for shieldman with POI net.minecraftforge.registries.RegistryObject@73a49efc
[25May2026 10:06:14.125] [modloading-worker-0/INFO] [recruits/]: Registering profession for bowman with POI net.minecraftforge.registries.RegistryObject@ee1298fb
[25May2026 10:06:14.125] [modloading-worker-0/INFO] [recruits/]: Registering profession for crossbowman with POI net.minecraftforge.registries.RegistryObject@278013b
[25May2026 10:06:14.125] [modloading-worker-0/INFO] [recruits/]: Registering profession for horseman with POI net.minecraftforge.registries.RegistryObject@2cde3e08
[25May2026 10:06:14.125] [modloading-worker-0/INFO] [recruits/]: Registering profession for nomad with POI net.minecraftforge.registries.RegistryObject@46c5f19a
[25May2026 10:06:14.126] [modloading-worker-0/DEBUG] [net.minecraftforge.fml.config.ConfigTracker/CONFIG]: Config file fracturepoint-common.toml for fracturepoint tracking
[25May2026 10:06:14.129] [modloading-worker-0/DEBUG] [net.minecraftforge.fml.config.ConfigTracker/CONFIG]: Config file warborn-armor.toml for fracturepoint tracking
[25May2026 10:06:14.129] [modloading-worker-0/DEBUG] [net.minecraftforge.fml.javafmlmod.AutomaticEventSubscriber/LOADING]: Attempting to inject @EventBusSubscriber classes into the eventbus for fracturepoint
[25May2026 10:06:14.129] [modloading-worker-0/DEBUG] [net.minecraftforge.fml.javafmlmod.AutomaticEventSubscriber/LOADING]: Auto-subscribing com.raiiiden.warborn.common.event.WarbornCuriosSlots to MOD
[25May2026 10:06:14.129] [modloading-worker-0/DEBUG] [net.minecraftforge.fml.config.ConfigTracker/CONFIG]: Config file curios-client.toml for curios tracking
[25May2026 10:06:14.132] [modloading-worker-0/DEBUG] [net.minecraftforge.fml.javafmlmod.AutomaticEventSubscriber/LOADING]: Auto-subscribing com.raiiiden.warborn.common.event.PlateSpeedHandler to FORGE
[25May2026 10:06:14.134] [modloading-worker-0/DEBUG] [net.minecraftforge.fml.javafmlmod.AutomaticEventSubscriber/LOADING]: Auto-subscribing com.github.mcmodderanchor.simplebedrockmodel.v1.client.handler.FirstPersonArmorHandler to FORGE
[25May2026 10:06:14.136] [modloading-worker-0/DEBUG] [net.minecraftforge.fml.javafmlmod.AutomaticEventSubscriber/LOADING]: Auto-subscribing com.raiiiden.warborn.common.event.PhantomPlateServerHandler to FORGE
[25May2026 10:06:14.139] [modloading-worker-0/DEBUG] [net.minecraftforge.fml.config.ConfigTracker/CONFIG]: Config file curios-common.toml for curios tracking
[25May2026 10:06:14.139] [modloading-worker-0/DEBUG] [net.minecraftforge.fml.config.ConfigTracker/CONFIG]: Config file curios-server.toml for curios tracking
[25May2026 10:06:14.139] [modloading-worker-0/DEBUG] [net.minecraftforge.fml.javafmlmod.AutomaticEventSubscriber/LOADING]: Attempting to inject @EventBusSubscriber classes into the eventbus for curios
[25May2026 10:06:14.140] [modloading-worker-0/DEBUG] [net.minecraftforge.fml.javafmlmod.AutomaticEventSubscriber/LOADING]: Auto-subscribing top.theillusivec4.curios.Curios$ClientProxy to MOD
[25May2026 10:06:14.140] [modloading-worker-0/DEBUG] [net.minecraftforge.fml.javafmlmod.AutomaticEventSubscriber/LOADING]: Auto-subscribing com.raiiiden.warborn.common.event.DamageHandler to FORGE
[25May2026 10:06:14.141] [modloading-worker-0/DEBUG] [net.minecraftforge.fml.javafmlmod.AutomaticEventSubscriber/LOADING]: Auto-subscribing com.github.mcmodderanchor.simplebedrockmodel.v1.client.handler.CameraEventHandler to FORGE
[25May2026 10:06:14.144] [modloading-worker-0/DEBUG] [mixin/]: Mixing MixinLivingEntityRenderer from fracturepoint.mixins.json into net.minecraft.client.renderer.entity.LivingEntityRenderer
[25May2026 10:06:14.147] [modloading-worker-0/DEBUG] [mixin/]: Mixing client.LivingEntityRendererMixin from mobplayeranimator.mixins.json into net.minecraft.client.renderer.entity.LivingEntityRenderer
[25May2026 10:06:14.149] [modloading-worker-0/DEBUG] [mixin/]: Mixing firstPerson.LivingEntityRendererMixin from playerAnimator-common.mixins.json into net.minecraft.client.renderer.entity.LivingEntityRenderer
[25May2026 10:06:14.149] [modloading-worker-0/DEBUG] [mixin/]: playerAnimator-common.mixins.json:firstPerson.LivingEntityRendererMixin: Class version 61 required is higher than the class version supported by the current version of Mixin (JAVA_16 supports class version 60)
[25May2026 10:06:14.149] [modloading-worker-0/DEBUG] [mixin/]: Renaming synthetic method lambda$filterLayers$0(Ljava/lang/Object;)Z to md00b46c$lambda$filterLayers$0$0 in playerAnimator-common.mixins.json:firstPerson.LivingEntityRendererMixin
[25May2026 10:06:14.195] [modloading-worker-0/DEBUG] [mixin/]: Mixing FeatureRendererMixin from playerAnimator-common.mixins.json into net.minecraft.client.renderer.entity.layers.RenderLayer
[25May2026 10:06:14.195] [modloading-worker-0/DEBUG] [mixin/]: playerAnimator-common.mixins.json:FeatureRendererMixin: Class version 61 required is higher than the class version supported by the current version of Mixin (JAVA_16 supports class version 60)
[25May2026 10:06:14.195] [modloading-worker-0/DEBUG] [net.minecraftforge.fml.javafmlmod.AutomaticEventSubscriber/LOADING]: Auto-subscribing com.raiiiden.warborn.common.event.CommandEvents to FORGE
[25May2026 10:06:14.208] [modloading-worker-0/DEBUG] [net.minecraftforge.fml.javafmlmod.AutomaticEventSubscriber/LOADING]: Auto-subscribing com.raiiiden.warborn.common.event.ArmorPlateCapabilityHandler to FORGE
[25May2026 10:06:14.211] [modloading-worker-0/DEBUG] [mixin/]: Mixing client.ShaderProtectionMixin from fracturepoint.mixins.json into net.minecraft.client.renderer.GameRenderer
[25May2026 10:06:14.215] [modloading-worker-0/DEBUG] [mixin/]: Mixing client.GameRendererMixin from tacz.mixins.json into net.minecraft.client.renderer.GameRenderer
[25May2026 10:06:14.217] [modloading-worker-0/DEBUG] [mixin/]: Mixing client.GameRendererMixin from simplebedrockmodel.mixins.json into net.minecraft.client.renderer.GameRenderer
[25May2026 10:06:14.218] [modloading-worker-0/DEBUG] [mixin/]: simplebedrockmodel.mixins.json:client.GameRendererMixin: Class version 61 required is higher than the class version supported by the current version of Mixin (JAVA_8 supports class version 52)
[25May2026 10:06:14.257] [modloading-worker-0/DEBUG] [net.minecraftforge.fml.javafmlmod.AutomaticEventSubscriber/LOADING]: Auto-subscribing com.raiiiden.warborn.client.shader.WarbornShaders to FORGE
[25May2026 10:06:14.257] [modloading-worker-0/DEBUG] [net.minecraftforge.fml.config.ConfigTracker/CONFIG]: Config file forge-client.toml for forge tracking
[25May2026 10:06:14.257] [modloading-worker-0/DEBUG] [net.minecraftforge.fml.config.ConfigTracker/CONFIG]: Config file forge-server.toml for forge tracking
[25May2026 10:06:14.257] [modloading-worker-0/DEBUG] [net.minecraftforge.fml.ModLoadingContext/]: Attempted to register an empty config for type COMMON on mod forge
[25May2026 10:06:14.257] [modloading-worker-0/DEBUG] [net.minecraftforge.fml.javafmlmod.AutomaticEventSubscriber/LOADING]: Attempting to inject @EventBusSubscriber classes into the eventbus for recruits
[25May2026 10:06:14.257] [modloading-worker-0/DEBUG] [net.minecraftforge.fml.javafmlmod.AutomaticEventSubscriber/LOADING]: Auto-subscribing com.talhanation.recruits.config.RecruitsServerConfig to FORGE
[25May2026 10:06:14.257] [modloading-worker-0/DEBUG] [net.minecraftforge.fml.javafmlmod.AutomaticEventSubscriber/LOADING]: Auto-subscribing com.talhanation.recruits.config.RecruitsClientConfig to FORGE
[25May2026 10:06:14.257] [modloading-worker-0/DEBUG] [net.minecraftforge.fml.javafmlmod.AutomaticEventSubscriber/LOADING]: Auto-subscribing com.talhanation.recruits.client.events.ClientEvent to MOD
[25May2026 10:06:14.258] [modloading-worker-0/DEBUG] [mixin/]: Mixing ChestplateGunItemMixin from fracturepoint.mixins.json into com.tacz.guns.api.item.gun.AbstractGunItem
[25May2026 10:06:14.258] [modloading-worker-0/DEBUG] [mixin/]: Renaming synthetic method lambda$hasChestplateAmmo$0(Lnet/minecraft/world/item/ItemStack;Lnet/minecraftforge/items/IItemHandler;)Ljava/lang/Boolean; to md00b46c$lambda$hasChestplateAmmo$0$0 in fracturepoint.mixins.json:ChestplateGunItemMixin
[25May2026 10:06:14.266] [modloading-worker-0/DEBUG] [mixin/]: Mixing firstPerson.CameraAccessor from playerAnimator-common.mixins.json into net.minecraft.client.Camera
[25May2026 10:06:14.266] [modloading-worker-0/DEBUG] [mixin/]: playerAnimator-common.mixins.json:firstPerson.CameraAccessor: Class version 61 required is higher than the class version supported by the current version of Mixin (JAVA_16 supports class version 60)
[25May2026 10:06:14.270] [modloading-worker-0/DEBUG] [mixin/]: Mixing firstPerson.LevelRendererMixin from playerAnimator-common.mixins.json into net.minecraft.client.renderer.LevelRenderer
[25May2026 10:06:14.270] [modloading-worker-0/DEBUG] [mixin/]: playerAnimator-common.mixins.json:firstPerson.LevelRendererMixin: Class version 61 required is higher than the class version supported by the current version of Mixin (JAVA_16 supports class version 60)
[25May2026 10:06:14.291] [modloading-worker-0/DEBUG] [net.minecraftforge.fml.javafmlmod.AutomaticEventSubscriber/LOADING]: Auto-subscribing com.github.mcmodderanchor.simplebedrockmodel.v1.client.ClientSetupEvent to MOD
[25May2026 10:06:14.291] [modloading-worker-0/DEBUG] [net.minecraftforge.fml.javafmlmod.AutomaticEventSubscriber/LOADING]: Auto-subscribing com.talhanation.recruits.AttributeEvent to MOD
[25May2026 10:06:14.303] [modloading-worker-0/DEBUG] [net.minecraftforge.fml.javafmlmod.AutomaticEventSubscriber/LOADING]: Attempting to inject @EventBusSubscriber classes into the eventbus for forge
[25May2026 10:06:14.303] [modloading-worker-0/DEBUG] [net.minecraftforge.fml.javafmlmod.AutomaticEventSubscriber/LOADING]: Auto-subscribing net.minecraftforge.common.ForgeSpawnEggItem$CommonHandler to MOD
[25May2026 10:06:14.306] [modloading-worker-0/DEBUG] [net.minecraftforge.fml.javafmlmod.AutomaticEventSubscriber/LOADING]: Auto-subscribing net.minecraftforge.common.ForgeSpawnEggItem$ColorRegisterHandler to MOD
[25May2026 10:06:14.306] [modloading-worker-0/DEBUG] [net.minecraftforge.fml.javafmlmod.AutomaticEventSubscriber/LOADING]: Auto-subscribing com.raiiiden.warborn.client.shader.WarbornShaders$ClientInit to MOD
[25May2026 10:06:14.306] [modloading-worker-0/DEBUG] [mixin/]: Mixing ServerNetworkAccessor from bettermobcombat.mixins.json into net.bettercombat.network.ServerNetwork
[25May2026 10:06:14.308] [modloading-worker-0/DEBUG] [mixin/]: Renaming @Accessor method bettermobcombat$getCOMBO_DAMAGE_MODIFIER_ID()Ljava/util/UUID; to bettermobcombat$getCOMBO_DAMAGE_MODIFIER_ID_$md$00b46c$0 in bettermobcombat.mixins.json:ServerNetworkAccessor
[25May2026 10:06:14.311] [modloading-worker-0/DEBUG] [mixin/]: Renaming @Accessor method bettermobcombat$getDUAL_WIELDING_MODIFIER_ID()Ljava/util/UUID; to bettermobcombat$getDUAL_WIELDING_MODIFIER_ID_$md$00b46c$1 in bettermobcombat.mixins.json:ServerNetworkAccessor
[25May2026 10:06:14.316] [modloading-worker-0/DEBUG] [mixin/]: Renaming @Accessor method bettermobcombat$getSWEEPING_MODIFIER_ID()Ljava/util/UUID; to bettermobcombat$getSWEEPING_MODIFIER_ID_$md$00b46c$2 in bettermobcombat.mixins.json:ServerNetworkAccessor
[25May2026 10:06:14.321] [modloading-worker-0/DEBUG] [net.minecraftforge.fml.javafmlmod.AutomaticEventSubscriber/LOADING]: Auto-subscribing com.raiiiden.warborn.client.gui.PlateHudOverlay to FORGE
[25May2026 10:06:14.324] [modloading-worker-0/DEBUG] [net.minecraftforge.fml.javafmlmod.AutomaticEventSubscriber/LOADING]: Attempting to inject @EventBusSubscriber classes into the eventbus for geckolib
[25May2026 10:06:14.324] [modloading-worker-0/DEBUG] [net.minecraftforge.fml.javafmlmod.AutomaticEventSubscriber/LOADING]: Auto-subscribing software.bernie.example.GeckoLibMod to FORGE
[25May2026 10:06:14.324] [modloading-worker-0/DEBUG] [net.minecraftforge.fml.javafmlmod.AutomaticEventSubscriber/LOADING]: Auto-subscribing net.minecraftforge.client.model.data.ModelDataManager to FORGE
[25May2026 10:06:14.326] [modloading-worker-0/DEBUG] [net.minecraftforge.fml.javafmlmod.AutomaticEventSubscriber/LOADING]: Auto-subscribing software.bernie.example.CommonListener to MOD
[25May2026 10:06:14.326] [modloading-worker-0/DEBUG] [net.minecraftforge.fml.javafmlmod.AutomaticEventSubscriber/LOADING]: Attempting to inject @EventBusSubscriber classes into the eventbus for bettermobcombat
[25May2026 10:06:14.326] [modloading-worker-0/DEBUG] [net.minecraftforge.fml.javafmlmod.AutomaticEventSubscriber/LOADING]: Auto-subscribing software.bernie.example.ClientListener to MOD
[25May2026 10:06:14.326] [modloading-worker-0/DEBUG] [net.minecraftforge.fml.javafmlmod.AutomaticEventSubscriber/LOADING]: Auto-subscribing com.raiiiden.warborn.client.gui.FaceplateOverlay to FORGE
[25May2026 10:06:14.326] [modloading-worker-0/DEBUG] [net.minecraftforge.fml.javafmlmod.AutomaticEventSubscriber/LOADING]: Auto-subscribing me.Thelnfamous1.bettermobcombat.BetterMobCombatForge to MOD
[25May2026 10:06:14.327] [modloading-worker-0/DEBUG] [net.minecraftforge.fml.javafmlmod.AutomaticEventSubscriber/LOADING]: Auto-subscribing net.minecraftforge.client.ForgeHooksClient$ClientEvents to MOD
[25May2026 10:06:14.327] [modloading-worker-0/DEBUG] [net.minecraftforge.fml.javafmlmod.AutomaticEventSubscriber/LOADING]: Auto-subscribing com.raiiiden.warborn.client.event.PhantomPlateRenderEvent to FORGE
[25May2026 10:06:14.329] [modloading-worker-0/DEBUG] [net.minecraftforge.fml.javafmlmod.AutomaticEventSubscriber/LOADING]: Auto-subscribing com.raiiiden.warborn.client.event.NVGArmAnimationTicker to FORGE
[25May2026 10:06:14.331] [modloading-worker-0/DEBUG] [net.minecraftforge.fml.javafmlmod.AutomaticEventSubscriber/LOADING]: Auto-subscribing com.raiiiden.warborn.client.event.ModKeybindings to MOD
[25May2026 10:06:14.331] [modloading-worker-0/DEBUG] [net.minecraftforge.fml.javafmlmod.AutomaticEventSubscriber/LOADING]: Auto-subscribing com.raiiiden.warborn.client.event.FirstPersonPhantomRenderHandler to FORGE
[25May2026 10:06:14.332] [modloading-worker-0/DEBUG] [net.minecraftforge.fml.javafmlmod.AutomaticEventSubscriber/LOADING]: Auto-subscribing com.raiiiden.warborn.client.event.ClientModEvents to MOD
[25May2026 10:06:14.335] [modloading-worker-0/DEBUG] [net.minecraftforge.fml.javafmlmod.AutomaticEventSubscriber/LOADING]: Auto-subscribing com.raiiiden.warborn.client.event.ClientKeyEvents to FORGE
[25May2026 10:06:14.339] [modloading-worker-0/DEBUG] [net.minecraftforge.fml.javafmlmod.AutomaticEventSubscriber/LOADING]: Auto-subscribing com.raiiiden.warborn.client.event.ClientForgeEvents to FORGE
[25May2026 10:06:14.340] [modloading-worker-0/DEBUG] [net.minecraftforge.fml.javafmlmod.AutomaticEventSubscriber/LOADING]: Auto-subscribing net.minecraftforge.client.ClientForgeMod to MOD
[25May2026 10:06:14.340] [modloading-worker-0/DEBUG] [net.minecraftforge.fml.javafmlmod.AutomaticEventSubscriber/LOADING]: Auto-subscribing com.raiiiden.warborn.client.compat.autohud.WarbornAutoHudCompat to MOD
[25May2026 10:06:14.341] [modloading-worker-0/DEBUG] [net.minecraftforge.fml.javafmlmod.AutomaticEventSubscriber/LOADING]: Auto-subscribing com.raiiiden.warborn.client.WARBORNClient to MOD
[25May2026 10:06:14.354] [modloading-worker-0/DEBUG] [io.netty.buffer.AbstractByteBuf/]: -Dio.netty.buffer.checkAccessible: true
[25May2026 10:06:14.355] [modloading-worker-0/DEBUG] [io.netty.buffer.AbstractByteBuf/]: -Dio.netty.buffer.checkBounds: true
[25May2026 10:06:14.355] [modloading-worker-0/DEBUG] [io.netty.util.ResourceLeakDetectorFactory/]: Loaded default ResourceLeakDetector: io.netty.util.ResourceLeakDetector@467b8901
[25May2026 10:06:14.370] [modloading-worker-0/DEBUG] [net.minecraftforge.fml.javafmlmod.AutomaticEventSubscriber/LOADING]: Attempting to inject @EventBusSubscriber classes into the eventbus for bettercombat
[25May2026 10:06:14.370] [modloading-worker-0/DEBUG] [net.minecraftforge.fml.javafmlmod.AutomaticEventSubscriber/LOADING]: Auto-subscribing net.bettercombat.forge.events.ForgeModEvents to MOD
[25May2026 10:06:14.370] [modloading-worker-0/DEBUG] [net.minecraftforge.fml.javafmlmod.AutomaticEventSubscriber/LOADING]: Auto-subscribing net.bettercombat.forge.events.ForgeEvents to FORGE
[25May2026 10:06:14.374] [modloading-worker-0/DEBUG] [net.minecraftforge.fml.javafmlmod.AutomaticEventSubscriber/LOADING]: Auto-subscribing net.bettercombat.forge.events.ForgeClientModEvents to MOD
[25May2026 10:06:14.374] [modloading-worker-0/DEBUG] [net.minecraftforge.fml.javafmlmod.AutomaticEventSubscriber/LOADING]: Auto-subscribing net.bettercombat.forge.events.ForgeClientEvents to FORGE
[25May2026 10:06:14.387] [modloading-worker-0/DEBUG] [net.minecraftforge.fml.javafmlmod.AutomaticEventSubscriber/LOADING]: Attempting to inject @EventBusSubscriber classes into the eventbus for architectury
[25May2026 10:06:14.387] [modloading-worker-0/DEBUG] [net.minecraftforge.fml.javafmlmod.AutomaticEventSubscriber/LOADING]: Auto-subscribing dev.architectury.registry.level.entity.trade.forge.TradeRegistryImpl to FORGE
[25May2026 10:06:14.388] [modloading-worker-0/DEBUG] [net.minecraftforge.fml.javafmlmod.AutomaticEventSubscriber/LOADING]: Auto-subscribing dev.architectury.registry.forge.ReloadListenerRegistryImpl to FORGE
[25May2026 10:06:14.390] [modloading-worker-0/DEBUG] [net.minecraftforge.fml.javafmlmod.AutomaticEventSubscriber/LOADING]: Auto-subscribing dev.architectury.registry.forge.CreativeTabRegistryImpl to MOD
[25May2026 10:06:14.399] [modloading-worker-0/DEBUG] [net.minecraftforge.fml.javafmlmod.AutomaticEventSubscriber/LOADING]: Auto-subscribing dev.architectury.registry.client.particle.forge.ParticleProviderRegistryImpl to MOD
[25May2026 10:06:14.406] [modloading-worker-0/DEBUG] [net.minecraftforge.fml.javafmlmod.AutomaticEventSubscriber/LOADING]: Auto-subscribing dev.architectury.registry.client.keymappings.forge.KeyMappingRegistryImpl to MOD
[25May2026 10:06:14.406] [modloading-worker-0/DEBUG] [net.minecraftforge.fml.javafmlmod.AutomaticEventSubscriber/LOADING]: Auto-subscribing dev.architectury.networking.forge.NetworkManagerImpl to FORGE
[25May2026 10:06:14.411] [modloading-worker-0/INFO] [dev.architectury.networking.forge.NetworkManagerImpl/]: Registering S2C receiver with id architectury:sync_ids
[25May2026 10:06:14.412] [modloading-worker-0/INFO] [dev.architectury.networking.forge.NetworkManagerImpl/]: Registering C2S receiver with id architectury:sync_ids
[25May2026 10:06:14.422] [modloading-worker-0/DEBUG] [net.minecraftforge.fml.javafmlmod.AutomaticEventSubscriber/LOADING]: Attempting to inject @EventBusSubscriber classes into the eventbus for tacz
[25May2026 10:06:14.423] [modloading-worker-0/DEBUG] [net.minecraftforge.fml.javafmlmod.AutomaticEventSubscriber/LOADING]: Auto-subscribing com.tacz.guns.resource.CommonAssetsManager to FORGE
[25May2026 10:06:14.443] [modloading-worker-0/DEBUG] [net.minecraftforge.fml.javafmlmod.AutomaticEventSubscriber/LOADING]: Auto-subscribing com.tacz.guns.init.ModRecipe to MOD
[25May2026 10:06:14.443] [modloading-worker-0/DEBUG] [net.minecraftforge.fml.javafmlmod.AutomaticEventSubscriber/LOADING]: Auto-subscribing com.tacz.guns.init.ModItems to MOD
[25May2026 10:06:14.444] [modloading-worker-0/DEBUG] [net.minecraftforge.fml.javafmlmod.AutomaticEventSubscriber/LOADING]: Auto-subscribing com.tacz.guns.init.CompatRegistry to MOD
[25May2026 10:06:14.444] [modloading-worker-0/DEBUG] [net.minecraftforge.fml.javafmlmod.AutomaticEventSubscriber/LOADING]: Auto-subscribing com.tacz.guns.init.CommonRegistry to MOD
[25May2026 10:06:14.446] [modloading-worker-0/DEBUG] [net.minecraftforge.fml.javafmlmod.AutomaticEventSubscriber/LOADING]: Auto-subscribing com.tacz.guns.init.CommandRegistry to FORGE
[25May2026 10:06:14.447] [modloading-worker-0/DEBUG] [net.minecraftforge.fml.javafmlmod.AutomaticEventSubscriber/LOADING]: Auto-subscribing com.tacz.guns.init.CapabilityRegistry to MOD
[25May2026 10:06:14.448] [modloading-worker-0/DEBUG] [net.minecraftforge.fml.javafmlmod.AutomaticEventSubscriber/LOADING]: Auto-subscribing com.tacz.guns.event.TravelToDimensionEvent to FORGE
[25May2026 10:06:14.449] [modloading-worker-0/DEBUG] [net.minecraftforge.fml.javafmlmod.AutomaticEventSubscriber/LOADING]: Auto-subscribing com.tacz.guns.event.SyncedEntityDataEvent to FORGE
[25May2026 10:06:14.450] [modloading-worker-0/DEBUG] [net.minecraftforge.fml.javafmlmod.AutomaticEventSubscriber/LOADING]: Auto-subscribing com.tacz.guns.event.SyncBaseTimestamp to FORGE
[25May2026 10:06:14.452] [modloading-worker-0/DEBUG] [net.minecraftforge.fml.javafmlmod.AutomaticEventSubscriber/LOADING]: Auto-subscribing com.tacz.guns.event.ServerTickEvent to FORGE
[25May2026 10:06:14.452] [modloading-worker-0/DEBUG] [net.minecraftforge.fml.javafmlmod.AutomaticEventSubscriber/LOADING]: Auto-subscribing com.tacz.guns.event.PreventGunClick to FORGE
[25May2026 10:06:14.453] [modloading-worker-0/DEBUG] [net.minecraftforge.fml.javafmlmod.AutomaticEventSubscriber/LOADING]: Auto-subscribing com.tacz.guns.event.PlayerRespawnEvent to FORGE
[25May2026 10:06:14.453] [modloading-worker-0/DEBUG] [net.minecraftforge.fml.javafmlmod.AutomaticEventSubscriber/LOADING]: Auto-subscribing com.tacz.guns.event.LoadingConfigEvent to MOD
[25May2026 10:06:14.455] [modloading-worker-0/DEBUG] [net.minecraftforge.fml.javafmlmod.AutomaticEventSubscriber/LOADING]: Auto-subscribing com.tacz.guns.event.KnockbackChange to FORGE
[25May2026 10:06:14.455] [modloading-worker-0/DEBUG] [net.minecraftforge.fml.javafmlmod.AutomaticEventSubscriber/LOADING]: Auto-subscribing com.tacz.guns.event.HitboxHelperEvent to FORGE
[25May2026 10:06:14.457] [modloading-worker-0/DEBUG] [net.minecraftforge.fml.javafmlmod.AutomaticEventSubscriber/LOADING]: Auto-subscribing com.tacz.guns.event.EntityDamageEvent to FORGE
[25May2026 10:06:14.458] [modloading-worker-0/DEBUG] [net.minecraftforge.fml.javafmlmod.AutomaticEventSubscriber/LOADING]: Auto-subscribing com.tacz.guns.event.ammo.DestroyGlassBlock to FORGE
[25May2026 10:06:14.461] [modloading-worker-0/DEBUG] [net.minecraftforge.fml.javafmlmod.AutomaticEventSubscriber/LOADING]: Auto-subscribing com.tacz.guns.event.ammo.BellRing to FORGE
[25May2026 10:06:14.461] [modloading-worker-0/DEBUG] [net.minecraftforge.fml.javafmlmod.AutomaticEventSubscriber/LOADING]: Auto-subscribing com.tacz.guns.client.sound.SoundPlayManager to FORGE
[25May2026 10:06:14.467] [modloading-worker-0/DEBUG] [net.minecraftforge.fml.javafmlmod.AutomaticEventSubscriber/LOADING]: Auto-subscribing com.tacz.guns.client.input.ZoomKey to FORGE
[25May2026 10:06:14.468] [modloading-worker-0/DEBUG] [net.minecraftforge.fml.javafmlmod.AutomaticEventSubscriber/LOADING]: Auto-subscribing com.tacz.guns.client.input.ShootKey to FORGE
[25May2026 10:06:14.468] [modloading-worker-0/DEBUG] [net.minecraftforge.fml.javafmlmod.AutomaticEventSubscriber/LOADING]: Auto-subscribing com.tacz.guns.client.input.ReloadKey to FORGE
[25May2026 10:06:14.469] [modloading-worker-0/DEBUG] [net.minecraftforge.fml.javafmlmod.AutomaticEventSubscriber/LOADING]: Auto-subscribing com.tacz.guns.client.input.RefitKey to FORGE
[25May2026 10:06:14.471] [modloading-worker-0/DEBUG] [net.minecraftforge.fml.javafmlmod.AutomaticEventSubscriber/LOADING]: Auto-subscribing com.tacz.guns.client.input.MeleeKey to FORGE
[25May2026 10:06:14.471] [modloading-worker-0/DEBUG] [net.minecraftforge.fml.javafmlmod.AutomaticEventSubscriber/LOADING]: Auto-subscribing com.tacz.guns.client.input.InteractKey to FORGE
[25May2026 10:06:14.472] [modloading-worker-0/DEBUG] [net.minecraftforge.fml.javafmlmod.AutomaticEventSubscriber/LOADING]: Auto-subscribing com.tacz.guns.client.input.InspectKey to FORGE
[25May2026 10:06:14.474] [modloading-worker-0/DEBUG] [net.minecraftforge.fml.javafmlmod.AutomaticEventSubscriber/LOADING]: Auto-subscribing com.tacz.guns.client.input.FireSelectKey to FORGE
[25May2026 10:06:14.474] [modloading-worker-0/DEBUG] [net.minecraftforge.fml.javafmlmod.AutomaticEventSubscriber/LOADING]: Auto-subscribing com.tacz.guns.client.input.CrawlKey to FORGE
[25May2026 10:06:14.475] [modloading-worker-0/DEBUG] [net.minecraftforge.fml.javafmlmod.AutomaticEventSubscriber/LOADING]: Auto-subscribing com.tacz.guns.client.input.ConfigKey to FORGE
[25May2026 10:06:14.476] [modloading-worker-0/DEBUG] [net.minecraftforge.fml.javafmlmod.AutomaticEventSubscriber/LOADING]: Auto-subscribing com.tacz.guns.client.input.AimKey to FORGE
[25May2026 10:06:14.477] [modloading-worker-0/DEBUG] [net.minecraftforge.fml.javafmlmod.AutomaticEventSubscriber/LOADING]: Auto-subscribing com.tacz.guns.client.init.ParticleFactoryRegistry to MOD
[25May2026 10:06:14.478] [modloading-worker-0/DEBUG] [net.minecraftforge.fml.javafmlmod.AutomaticEventSubscriber/LOADING]: Auto-subscribing com.tacz.guns.client.init.ModEntitiesRender to MOD
[25May2026 10:06:14.479] [modloading-worker-0/DEBUG] [net.minecraftforge.fml.javafmlmod.AutomaticEventSubscriber/LOADING]: Auto-subscribing com.tacz.guns.client.init.ModContainerScreen to MOD
[25May2026 10:06:14.479] [modloading-worker-0/DEBUG] [net.minecraftforge.fml.javafmlmod.AutomaticEventSubscriber/LOADING]: Auto-subscribing com.tacz.guns.client.init.ClientSetupEvent to MOD
[25May2026 10:06:14.482] [modloading-worker-0/DEBUG] [net.minecraftforge.fml.javafmlmod.AutomaticEventSubscriber/LOADING]: Auto-subscribing com.tacz.guns.client.gui.GunRefitScreen to FORGE
[25May2026 10:06:14.484] [modloading-worker-0/DEBUG] [net.minecraftforge.fml.javafmlmod.AutomaticEventSubscriber/LOADING]: Auto-subscribing com.tacz.guns.client.event.TooltipEvent to FORGE
[25May2026 10:06:14.484] [modloading-worker-0/DEBUG] [net.minecraftforge.fml.javafmlmod.AutomaticEventSubscriber/LOADING]: Auto-subscribing com.tacz.guns.client.event.TickAnimationEvent to FORGE
[25May2026 10:06:14.485] [modloading-worker-0/DEBUG] [net.minecraftforge.fml.javafmlmod.AutomaticEventSubscriber/LOADING]: Auto-subscribing com.tacz.guns.client.event.RenderHeadShotAABB to FORGE
[25May2026 10:06:14.486] [modloading-worker-0/DEBUG] [net.minecraftforge.fml.javafmlmod.AutomaticEventSubscriber/LOADING]: Auto-subscribing com.tacz.guns.client.event.RenderCrosshairEvent to FORGE
[25May2026 10:06:14.487] [modloading-worker-0/DEBUG] [net.minecraftforge.fml.javafmlmod.AutomaticEventSubscriber/LOADING]: Auto-subscribing com.tacz.guns.client.event.ReloadResourceEvent to MOD
[25May2026 10:06:14.488] [modloading-worker-0/DEBUG] [net.minecraftforge.fml.javafmlmod.AutomaticEventSubscriber/LOADING]: Auto-subscribing com.tacz.guns.client.event.RefreshClonePlayerDataEvent to FORGE
[25May2026 10:06:14.489] [modloading-worker-0/DEBUG] [net.minecraftforge.fml.javafmlmod.AutomaticEventSubscriber/LOADING]: Auto-subscribing com.tacz.guns.client.event.PreventsHotbarEvent to FORGE
[25May2026 10:06:14.489] [modloading-worker-0/DEBUG] [net.minecraftforge.fml.javafmlmod.AutomaticEventSubscriber/LOADING]: Auto-subscribing com.tacz.guns.client.event.PlayerHurtByGunEvent to FORGE
[25May2026 10:06:14.490] [modloading-worker-0/DEBUG] [net.minecraftforge.fml.javafmlmod.AutomaticEventSubscriber/LOADING]: Auto-subscribing com.tacz.guns.client.event.PlayerEnterWorld to FORGE
[25May2026 10:06:14.492] [modloading-worker-0/DEBUG] [net.minecraftforge.fml.javafmlmod.AutomaticEventSubscriber/LOADING]: Auto-subscribing com.tacz.guns.client.event.InventoryEvent to FORGE
[25May2026 10:06:14.492] [modloading-worker-0/DEBUG] [net.minecraftforge.fml.javafmlmod.AutomaticEventSubscriber/LOADING]: Auto-subscribing com.tacz.guns.client.event.FirstPersonRenderGunEvent to FORGE
[25May2026 10:06:14.499] [modloading-worker-0/DEBUG] [net.minecraftforge.fml.javafmlmod.AutomaticEventSubscriber/LOADING]: Auto-subscribing com.tacz.guns.client.event.FirstPersonRenderEvent to FORGE
[25May2026 10:06:14.499] [modloading-worker-0/DEBUG] [net.minecraftforge.fml.javafmlmod.AutomaticEventSubscriber/LOADING]: Auto-subscribing com.tacz.guns.client.event.CommonNetworkCacheEvent to FORGE
[25May2026 10:06:14.499] [modloading-worker-0/DEBUG] [net.minecraftforge.fml.javafmlmod.AutomaticEventSubscriber/LOADING]: Auto-subscribing com.tacz.guns.client.event.ClientPreventGunClick to FORGE
[25May2026 10:06:14.501] [modloading-worker-0/DEBUG] [net.minecraftforge.fml.javafmlmod.AutomaticEventSubscriber/LOADING]: Auto-subscribing com.tacz.guns.client.event.ClientHitMark to FORGE
[25May2026 10:06:14.502] [modloading-worker-0/DEBUG] [net.minecraftforge.fml.javafmlmod.AutomaticEventSubscriber/LOADING]: Auto-subscribing com.tacz.guns.client.event.CameraSetupEvent to FORGE
[25May2026 10:06:14.505] [modloading-worker-0/DEBUG] [net.minecraftforge.fml.javafmlmod.AutomaticEventSubscriber/LOADING]: Auto-subscribing com.tacz.guns.client.animation.screen.RefitTransform to FORGE
[25May2026 10:06:14.526] [Render thread/DEBUG] [net.minecraftforge.registries.ObjectHolderRegistry/REGISTRIES]: Processing ObjectHolder annotations
[25May2026 10:06:14.546] [Render thread/DEBUG] [net.minecraftforge.registries.ObjectHolderRegistry/REGISTRIES]: Found 4096 ObjectHolder annotations
[25May2026 10:06:14.551] [Render thread/DEBUG] [net.minecraftforge.common.capabilities.CapabilityManager/CAPABILITIES]: Attempting to automatically register: Lnet/minecraftforge/energy/IEnergyStorage;
[25May2026 10:06:14.552] [Render thread/DEBUG] [net.minecraftforge.common.capabilities.CapabilityManager/CAPABILITIES]: Attempting to automatically register: Lnet/minecraftforge/fluids/capability/IFluidHandler;
[25May2026 10:06:14.552] [Render thread/DEBUG] [net.minecraftforge.common.capabilities.CapabilityManager/CAPABILITIES]: Attempting to automatically register: Lnet/minecraftforge/fluids/capability/IFluidHandlerItem;
[25May2026 10:06:14.552] [Render thread/DEBUG] [net.minecraftforge.common.capabilities.CapabilityManager/CAPABILITIES]: Attempting to automatically register: Lnet/minecraftforge/items/IItemHandler;
[25May2026 10:06:14.557] [Render thread/DEBUG] [net.minecraftforge.registries.GameData/REGISTRIES]: Unfreezing vanilla registries
[25May2026 10:06:14.563] [Render thread/DEBUG] [net.minecraftforge.registries.GameData/REGISTRIES]: Applying holder lookups: minecraft:sound_event
[25May2026 10:06:14.566] [Render thread/DEBUG] [net.minecraftforge.registries.GameData/REGISTRIES]: Holder lookups applied: minecraft:sound_event
[25May2026 10:06:14.566] [Render thread/DEBUG] [net.minecraftforge.registries.GameData/REGISTRIES]: Applying holder lookups: minecraft:fluid
[25May2026 10:06:14.568] [Render thread/DEBUG] [net.minecraftforge.registries.GameData/REGISTRIES]: Holder lookups applied: minecraft:fluid
[25May2026 10:06:14.573] [Render thread/DEBUG] [net.minecraftforge.registries.GameData/REGISTRIES]: Applying holder lookups: minecraft:block
[25May2026 10:06:14.574] [Render thread/DEBUG] [net.minecraftforge.registries.GameData/REGISTRIES]: Holder lookups applied: minecraft:block
[25May2026 10:06:14.575] [Render thread/DEBUG] [net.minecraftforge.registries.GameData/REGISTRIES]: Applying holder lookups: minecraft:attribute
[25May2026 10:06:14.576] [Render thread/DEBUG] [net.minecraftforge.registries.GameData/REGISTRIES]: Holder lookups applied: minecraft:attribute
[25May2026 10:06:14.576] [Render thread/DEBUG] [net.minecraftforge.registries.GameData/REGISTRIES]: Applying holder lookups: minecraft:mob_effect
[25May2026 10:06:14.577] [Render thread/DEBUG] [net.minecraftforge.registries.GameData/REGISTRIES]: Holder lookups applied: minecraft:mob_effect
[25May2026 10:06:14.580] [Render thread/DEBUG] [net.minecraftforge.registries.GameData/REGISTRIES]: Applying holder lookups: minecraft:particle_type
[25May2026 10:06:14.581] [Render thread/DEBUG] [net.minecraftforge.registries.GameData/REGISTRIES]: Holder lookups applied: minecraft:particle_type
[25May2026 10:06:14.587] [Render thread/DEBUG] [mixin/]: Mixing BipedEntityModelMixin from playerAnimator-common.mixins.json into net.minecraft.client.model.HumanoidModel
[25May2026 10:06:14.587] [Render thread/DEBUG] [mixin/]: playerAnimator-common.mixins.json:BipedEntityModelMixin: Class version 61 required is higher than the class version supported by the current version of Mixin (JAVA_16 supports class version 60)
[25May2026 10:06:14.589] [Render thread/DEBUG] [mixin/]: Renaming synthetic method lambda$renderToBuffer$3(Lcom/mojang/blaze3d/vertex/PoseStack;Lcom/mojang/blaze3d/vertex/VertexConsumer;IIFFFFLnet/minecraft/client/model/geom/ModelPart;)V to md00b46c$lambda$renderToBuffer$3$0 in playerAnimator-common.mixins.json:BipedEntityModelMixin
[25May2026 10:06:14.589] [Render thread/DEBUG] [mixin/]: Renaming synthetic method lambda$renderToBuffer$2(Lcom/mojang/blaze3d/vertex/PoseStack;Lcom/mojang/blaze3d/vertex/VertexConsumer;IIFFFFLnet/minecraft/client/model/geom/ModelPart;)V to md00b46c$lambda$renderToBuffer$2$1 in playerAnimator-common.mixins.json:BipedEntityModelMixin
[25May2026 10:06:14.589] [Render thread/DEBUG] [mixin/]: Renaming synthetic method lambda$renderToBuffer$1(Lcom/mojang/blaze3d/vertex/PoseStack;Lcom/mojang/blaze3d/vertex/VertexConsumer;IIFFFFLnet/minecraft/client/model/geom/ModelPart;)V to md00b46c$lambda$renderToBuffer$1$2 in playerAnimator-common.mixins.json:BipedEntityModelMixin
[25May2026 10:06:14.589] [Render thread/DEBUG] [mixin/]: Renaming synthetic method lambda$renderToBuffer$0(Lcom/mojang/blaze3d/vertex/PoseStack;Lcom/mojang/blaze3d/vertex/VertexConsumer;IIFFFFLnet/minecraft/client/model/geom/ModelPart;)V to md00b46c$lambda$renderToBuffer$0$3 in playerAnimator-common.mixins.json:BipedEntityModelMixin
[25May2026 10:06:14.592] [Render thread/DEBUG] [mixin/]: Mixing client.HumanoidModelMixin from tacz.mixins.json into net.minecraft.client.model.HumanoidModel
[25May2026 10:06:14.592] [Render thread/DEBUG] [mixin/]: Mixing client.HumanoidModelMixin from mobplayeranimator.mixins.json into net.minecraft.client.model.HumanoidModel
[25May2026 10:06:14.630] [Render thread/DEBUG] [mixin/]: Mixing client.EntityModelMixin from mobplayeranimator.mixins.json into net.minecraft.client.model.EntityModel
[25May2026 10:06:14.700] [Render thread/DEBUG] [software.bernie.geckolib.GeckoLib/]: Registered SyncedAnimatable for class com.raiiiden.warborn.common.item.ArmorPlateItem
[25May2026 10:06:14.700] [Render thread/DEBUG] [software.bernie.geckolib.GeckoLib/]: Registered SyncedAnimatable for class com.raiiiden.warborn.common.item.ArmorPlateItem
[25May2026 10:06:14.700] [Render thread/DEBUG] [software.bernie.geckolib.GeckoLib/]: Registered SyncedAnimatable for class com.raiiiden.warborn.common.item.ArmorPlateItem
[25May2026 10:06:14.700] [Render thread/DEBUG] [software.bernie.geckolib.GeckoLib/]: Registered SyncedAnimatable for class com.raiiiden.warborn.common.item.ArmorPlateItem
[25May2026 10:06:14.700] [Render thread/DEBUG] [software.bernie.geckolib.GeckoLib/]: Registered SyncedAnimatable for class com.raiiiden.warborn.common.item.ArmorPlateItem
[25May2026 10:06:14.703] [Render thread/DEBUG] [software.bernie.geckolib.GeckoLib/]: Registered SyncedAnimatable for class software.bernie.example.item.JackInTheBoxItem
[25May2026 10:06:14.713] [Render thread/DEBUG] [mixin/]: Mixing MixinAbstractRecruitEntity from recruitstacz.mixins.json into com.talhanation.recruits.entities.AbstractRecruitEntity
[25May2026 10:06:14.713] [Render thread/DEBUG] [mixin/]: recruitstacz.mixins.json:MixinAbstractRecruitEntity: Class version 61 required is higher than the class version supported by the current version of Mixin (JAVA_8 supports class version 52)
[25May2026 10:06:14.719] [Render thread/DEBUG] [mixin/]: Mixing compat.recruits.AbstractRecruitEntityMixin from bettermobcombat.forge.mixins.json into com.talhanation.recruits.entities.AbstractRecruitEntity
[25May2026 10:06:14.738] [Render thread/DEBUG] [mixin/]: Mixing MixinAbstractInventoryEntity from recruitstacz.mixins.json into com.talhanation.recruits.entities.AbstractInventoryEntity
[25May2026 10:06:14.739] [Render thread/DEBUG] [mixin/]: recruitstacz.mixins.json:MixinAbstractInventoryEntity: Class version 61 required is higher than the class version supported by the current version of Mixin (JAVA_8 supports class version 52)
[25May2026 10:06:14.748] [Render thread/DEBUG] [net.minecraftforge.registries.GameData/REGISTRIES]: Applying holder lookups: minecraft:item
[25May2026 10:06:14.749] [Render thread/DEBUG] [net.minecraftforge.registries.GameData/REGISTRIES]: Holder lookups applied: minecraft:item
[25May2026 10:06:14.763] [Render thread/DEBUG] [mixin/]: Mixing compat.recruits.RecruitEatGoalMixin from bettermobcombat.forge.mixins.json into com.talhanation.recruits.entities.ai.RecruitEatGoal
[25May2026 10:06:14.781] [Render thread/DEBUG] [mixin/]: Mixing compat.recruits.RecruitMeleeAttackGoalMixin from bettermobcombat.forge.mixins.json into com.talhanation.recruits.entities.ai.RecruitMeleeAttackGoal
[25May2026 10:06:14.781] [Render thread/DEBUG] [mixin/]: Renaming synthetic method lambda$bettermobcombat$wrapGetAttackReachSqr$1(Lcom/llamalad7/mixinextras/injector/wrapoperation/Operation;Lnet/minecraft/world/entity/LivingEntity;)Ljava/lang/Double; to md00b46c$lambda$bettermobcombat$wrapGetAttackReachSqr$1$0 in bettermobcombat.forge.mixins.json:compat.recruits.RecruitMeleeAttackGoalMixin
[25May2026 10:06:14.781] [Render thread/DEBUG] [mixin/]: Renaming synthetic method lambda$bettermobcombat$wrapGetAttackReachSqr$0(Lcom/llamalad7/mixinextras/injector/wrapoperation/Operation;Lnet/minecraft/world/entity/Mob;Lnet/bettercombat/api/WeaponAttributes;)Ljava/lang/Double; to md00b46c$lambda$bettermobcombat$wrapGetAttackReachSqr$0$1 in bettermobcombat.forge.mixins.json:compat.recruits.RecruitMeleeAttackGoalMixin
[25May2026 10:06:14.808] [Render thread/DEBUG] [mixin/]: Mixing compat.recruits.UseShieldMixin from bettermobcombat.forge.mixins.json into com.talhanation.recruits.entities.ai.UseShield
[25May2026 10:06:14.809] [Render thread/DEBUG] [mixin/]: Renaming synthetic method lambda$provideAlternateDistanceCheck$0(Lorg/spongepowered/asm/mixin/injection/callback/CallbackInfoReturnable;Lnet/minecraft/world/entity/Mob;Lnet/bettercombat/api/WeaponAttributes;)V to md00b46c$lambda$provideAlternateDistanceCheck$0$0 in bettermobcombat.forge.mixins.json:compat.recruits.UseShieldMixin
[25May2026 10:06:14.817] [Render thread/DEBUG] [mixin/]: Mixing MixinBowmanEntity from recruitstacz.mixins.json into com.talhanation.recruits.entities.BowmanEntity
[25May2026 10:06:14.817] [Render thread/DEBUG] [mixin/]: recruitstacz.mixins.json:MixinBowmanEntity: Class version 61 required is higher than the class version supported by the current version of Mixin (JAVA_8 supports class version 52)
[25May2026 10:06:14.853] [Render thread/DEBUG] [net.minecraftforge.registries.GameData/REGISTRIES]: Applying holder lookups: minecraft:entity_type
[25May2026 10:06:14.854] [Render thread/DEBUG] [net.minecraftforge.registries.GameData/REGISTRIES]: Holder lookups applied: minecraft:entity_type
[25May2026 10:06:14.854] [Render thread/DEBUG] [net.minecraftforge.registries.GameData/REGISTRIES]: Applying holder lookups: minecraft:sensor_type
[25May2026 10:06:14.854] [Render thread/DEBUG] [net.minecraftforge.registries.GameData/REGISTRIES]: Holder lookups applied: minecraft:sensor_type
[25May2026 10:06:14.854] [Render thread/DEBUG] [net.minecraftforge.registries.GameData/REGISTRIES]: Applying holder lookups: minecraft:memory_module_type
[25May2026 10:06:14.854] [Render thread/DEBUG] [net.minecraftforge.registries.GameData/REGISTRIES]: Holder lookups applied: minecraft:memory_module_type
[25May2026 10:06:14.854] [Render thread/DEBUG] [net.minecraftforge.registries.GameData/REGISTRIES]: Applying holder lookups: minecraft:potion
[25May2026 10:06:14.854] [Render thread/DEBUG] [net.minecraftforge.registries.GameData/REGISTRIES]: Holder lookups applied: minecraft:potion
[25May2026 10:06:14.854] [Render thread/DEBUG] [net.minecraftforge.registries.GameData/REGISTRIES]: Applying holder lookups: minecraft:game_event
[25May2026 10:06:14.855] [Render thread/DEBUG] [net.minecraftforge.registries.GameData/REGISTRIES]: Holder lookups applied: minecraft:game_event
[25May2026 10:06:14.855] [Render thread/DEBUG] [net.minecraftforge.registries.GameData/REGISTRIES]: Applying holder lookups: minecraft:enchantment
[25May2026 10:06:14.855] [Render thread/DEBUG] [net.minecraftforge.registries.GameData/REGISTRIES]: Holder lookups applied: minecraft:enchantment
[25May2026 10:06:14.859] [Render thread/DEBUG] [net.minecraftforge.registries.GameData/REGISTRIES]: Applying holder lookups: minecraft:block_entity_type
[25May2026 10:06:14.859] [Render thread/DEBUG] [net.minecraftforge.registries.GameData/REGISTRIES]: Holder lookups applied: minecraft:block_entity_type
[25May2026 10:06:14.859] [Render thread/DEBUG] [net.minecraftforge.registries.GameData/REGISTRIES]: Applying holder lookups: minecraft:painting_variant
[25May2026 10:06:14.860] [Render thread/DEBUG] [net.minecraftforge.registries.GameData/REGISTRIES]: Holder lookups applied: minecraft:painting_variant
[25May2026 10:06:14.860] [Render thread/DEBUG] [net.minecraftforge.registries.GameData/REGISTRIES]: Applying holder lookups: minecraft:stat_type
[25May2026 10:06:14.860] [Render thread/DEBUG] [net.minecraftforge.registries.GameData/REGISTRIES]: Holder lookups applied: minecraft:stat_type
[25May2026 10:06:14.860] [Render thread/DEBUG] [net.minecraftforge.registries.GameData/REGISTRIES]: Applying holder lookups: minecraft:custom_stat
[25May2026 10:06:14.860] [Render thread/DEBUG] [net.minecraftforge.registries.GameData/REGISTRIES]: Holder lookups applied: minecraft:custom_stat
[25May2026 10:06:14.860] [Render thread/DEBUG] [net.minecraftforge.registries.GameData/REGISTRIES]: Applying holder lookups: minecraft:chunk_status
[25May2026 10:06:14.860] [Render thread/DEBUG] [net.minecraftforge.registries.GameData/REGISTRIES]: Holder lookups applied: minecraft:chunk_status
[25May2026 10:06:14.860] [Render thread/DEBUG] [net.minecraftforge.registries.GameData/REGISTRIES]: Applying holder lookups: minecraft:rule_test
[25May2026 10:06:14.860] [Render thread/DEBUG] [net.minecraftforge.registries.GameData/REGISTRIES]: Holder lookups applied: minecraft:rule_test
[25May2026 10:06:14.860] [Render thread/DEBUG] [net.minecraftforge.registries.GameData/REGISTRIES]: Applying holder lookups: minecraft:rule_block_entity_modifier
[25May2026 10:06:14.860] [Render thread/DEBUG] [net.minecraftforge.registries.GameData/REGISTRIES]: Holder lookups applied: minecraft:rule_block_entity_modifier
[25May2026 10:06:14.860] [Render thread/DEBUG] [net.minecraftforge.registries.GameData/REGISTRIES]: Applying holder lookups: minecraft:pos_rule_test
[25May2026 10:06:14.860] [Render thread/DEBUG] [net.minecraftforge.registries.GameData/REGISTRIES]: Holder lookups applied: minecraft:pos_rule_test
[25May2026 10:06:14.872] [Render thread/DEBUG] [net.minecraftforge.registries.GameData/REGISTRIES]: Applying holder lookups: minecraft:menu
[25May2026 10:06:14.872] [Render thread/DEBUG] [net.minecraftforge.registries.GameData/REGISTRIES]: Holder lookups applied: minecraft:menu
[25May2026 10:06:14.872] [Render thread/DEBUG] [net.minecraftforge.registries.GameData/REGISTRIES]: Applying holder lookups: minecraft:recipe_type
[25May2026 10:06:14.872] [Render thread/DEBUG] [net.minecraftforge.registries.GameData/REGISTRIES]: Holder lookups applied: minecraft:recipe_type
[25May2026 10:06:14.882] [Render thread/DEBUG] [net.minecraftforge.registries.GameData/REGISTRIES]: Applying holder lookups: minecraft:recipe_serializer
[25May2026 10:06:14.882] [Render thread/DEBUG] [net.minecraftforge.registries.GameData/REGISTRIES]: Holder lookups applied: minecraft:recipe_serializer
[25May2026 10:06:14.882] [Render thread/DEBUG] [net.minecraftforge.registries.GameData/REGISTRIES]: Applying holder lookups: minecraft:position_source_type
[25May2026 10:06:14.882] [Render thread/DEBUG] [net.minecraftforge.registries.GameData/REGISTRIES]: Holder lookups applied: minecraft:position_source_type
[25May2026 10:06:14.885] [Render thread/DEBUG] [net.minecraftforge.registries.GameData/REGISTRIES]: Applying holder lookups: minecraft:command_argument_type
[25May2026 10:06:14.885] [Render thread/DEBUG] [net.minecraftforge.registries.GameData/REGISTRIES]: Holder lookups applied: minecraft:command_argument_type
[25May2026 10:06:14.885] [Render thread/DEBUG] [net.minecraftforge.registries.GameData/REGISTRIES]: Applying holder lookups: minecraft:villager_type
[25May2026 10:06:14.885] [Render thread/DEBUG] [net.minecraftforge.registries.GameData/REGISTRIES]: Holder lookups applied: minecraft:villager_type
[25May2026 10:06:14.886] [Render thread/DEBUG] [net.minecraftforge.registries.GameData/REGISTRIES]: Applying holder lookups: minecraft:villager_profession
[25May2026 10:06:14.886] [Render thread/DEBUG] [net.minecraftforge.registries.GameData/REGISTRIES]: Holder lookups applied: minecraft:villager_profession
[25May2026 10:06:14.886] [Render thread/DEBUG] [net.minecraftforge.registries.GameData/REGISTRIES]: Applying holder lookups: minecraft:point_of_interest_type
[25May2026 10:06:14.886] [Render thread/DEBUG] [net.minecraftforge.registries.GameData/REGISTRIES]: Holder lookups applied: minecraft:point_of_interest_type
[25May2026 10:06:14.886] [Render thread/DEBUG] [net.minecraftforge.registries.GameData/REGISTRIES]: Applying holder lookups: minecraft:schedule
[25May2026 10:06:14.886] [Render thread/DEBUG] [net.minecraftforge.registries.GameData/REGISTRIES]: Holder lookups applied: minecraft:schedule
[25May2026 10:06:14.886] [Render thread/DEBUG] [net.minecraftforge.registries.GameData/REGISTRIES]: Applying holder lookups: minecraft:activity
[25May2026 10:06:14.888] [Render thread/DEBUG] [net.minecraftforge.registries.GameData/REGISTRIES]: Holder lookups applied: minecraft:activity
[25May2026 10:06:14.888] [Render thread/DEBUG] [net.minecraftforge.registries.GameData/REGISTRIES]: Applying holder lookups: minecraft:loot_pool_entry_type
[25May2026 10:06:14.888] [Render thread/DEBUG] [net.minecraftforge.registries.GameData/REGISTRIES]: Holder lookups applied: minecraft:loot_pool_entry_type
[25May2026 10:06:14.888] [Render thread/DEBUG] [net.minecraftforge.registries.GameData/REGISTRIES]: Applying holder lookups: minecraft:loot_function_type
[25May2026 10:06:14.888] [Render thread/DEBUG] [net.minecraftforge.registries.GameData/REGISTRIES]: Holder lookups applied: minecraft:loot_function_type
[25May2026 10:06:14.889] [Render thread/DEBUG] [net.minecraftforge.registries.GameData/REGISTRIES]: Applying holder lookups: minecraft:loot_condition_type
[25May2026 10:06:14.891] [Render thread/DEBUG] [net.minecraftforge.registries.GameData/REGISTRIES]: Holder lookups applied: minecraft:loot_condition_type
[25May2026 10:06:14.891] [Render thread/DEBUG] [net.minecraftforge.registries.GameData/REGISTRIES]: Applying holder lookups: minecraft:loot_number_provider_type
[25May2026 10:06:14.891] [Render thread/DEBUG] [net.minecraftforge.registries.GameData/REGISTRIES]: Holder lookups applied: minecraft:loot_number_provider_type
[25May2026 10:06:14.891] [Render thread/DEBUG] [net.minecraftforge.registries.GameData/REGISTRIES]: Applying holder lookups: minecraft:loot_nbt_provider_type
[25May2026 10:06:14.891] [Render thread/DEBUG] [net.minecraftforge.registries.GameData/REGISTRIES]: Holder lookups applied: minecraft:loot_nbt_provider_type
[25May2026 10:06:14.891] [Render thread/DEBUG] [net.minecraftforge.registries.GameData/REGISTRIES]: Applying holder lookups: minecraft:loot_score_provider_type
[25May2026 10:06:14.891] [Render thread/DEBUG] [net.minecraftforge.registries.GameData/REGISTRIES]: Holder lookups applied: minecraft:loot_score_provider_type
[25May2026 10:06:14.891] [Render thread/DEBUG] [net.minecraftforge.registries.GameData/REGISTRIES]: Applying holder lookups: minecraft:float_provider_type
[25May2026 10:06:14.891] [Render thread/DEBUG] [net.minecraftforge.registries.GameData/REGISTRIES]: Holder lookups applied: minecraft:float_provider_type
[25May2026 10:06:14.891] [Render thread/DEBUG] [net.minecraftforge.registries.GameData/REGISTRIES]: Applying holder lookups: minecraft:int_provider_type
[25May2026 10:06:14.892] [Render thread/DEBUG] [net.minecraftforge.registries.GameData/REGISTRIES]: Holder lookups applied: minecraft:int_provider_type
[25May2026 10:06:14.892] [Render thread/DEBUG] [net.minecraftforge.registries.GameData/REGISTRIES]: Applying holder lookups: minecraft:height_provider_type
[25May2026 10:06:14.892] [Render thread/DEBUG] [net.minecraftforge.registries.GameData/REGISTRIES]: Holder lookups applied: minecraft:height_provider_type
[25May2026 10:06:14.892] [Render thread/DEBUG] [net.minecraftforge.registries.GameData/REGISTRIES]: Applying holder lookups: minecraft:block_predicate_type
[25May2026 10:06:14.892] [Render thread/DEBUG] [net.minecraftforge.registries.GameData/REGISTRIES]: Holder lookups applied: minecraft:block_predicate_type
[25May2026 10:06:14.892] [Render thread/DEBUG] [net.minecraftforge.registries.GameData/REGISTRIES]: Applying holder lookups: minecraft:worldgen/carver
[25May2026 10:06:14.892] [Render thread/DEBUG] [net.minecraftforge.registries.GameData/REGISTRIES]: Holder lookups applied: minecraft:worldgen/carver
[25May2026 10:06:14.892] [Render thread/DEBUG] [net.minecraftforge.registries.GameData/REGISTRIES]: Applying holder lookups: minecraft:worldgen/feature
[25May2026 10:06:14.892] [Render thread/DEBUG] [net.minecraftforge.registries.GameData/REGISTRIES]: Holder lookups applied: minecraft:worldgen/feature
[25May2026 10:06:14.892] [Render thread/DEBUG] [net.minecraftforge.registries.GameData/REGISTRIES]: Applying holder lookups: minecraft:worldgen/structure_processor
[25May2026 10:06:14.892] [Render thread/DEBUG] [net.minecraftforge.registries.GameData/REGISTRIES]: Holder lookups applied: minecraft:worldgen/structure_processor
[25May2026 10:06:14.892] [Render thread/DEBUG] [net.minecraftforge.registries.GameData/REGISTRIES]: Applying holder lookups: minecraft:worldgen/structure_placement
[25May2026 10:06:14.892] [Render thread/DEBUG] [net.minecraftforge.registries.GameData/REGISTRIES]: Holder lookups applied: minecraft:worldgen/structure_placement
[25May2026 10:06:14.892] [Render thread/DEBUG] [net.minecraftforge.registries.GameData/REGISTRIES]: Applying holder lookups: minecraft:worldgen/structure_piece
[25May2026 10:06:14.892] [Render thread/DEBUG] [net.minecraftforge.registries.GameData/REGISTRIES]: Holder lookups applied: minecraft:worldgen/structure_piece
[25May2026 10:06:14.892] [Render thread/DEBUG] [net.minecraftforge.registries.GameData/REGISTRIES]: Applying holder lookups: minecraft:worldgen/structure_type
[25May2026 10:06:14.894] [Render thread/DEBUG] [net.minecraftforge.registries.GameData/REGISTRIES]: Holder lookups applied: minecraft:worldgen/structure_type
[25May2026 10:06:14.894] [Render thread/DEBUG] [net.minecraftforge.registries.GameData/REGISTRIES]: Applying holder lookups: minecraft:worldgen/placement_modifier_type
[25May2026 10:06:14.894] [Render thread/DEBUG] [net.minecraftforge.registries.GameData/REGISTRIES]: Holder lookups applied: minecraft:worldgen/placement_modifier_type
[25May2026 10:06:14.894] [Render thread/DEBUG] [net.minecraftforge.registries.GameData/REGISTRIES]: Applying holder lookups: minecraft:worldgen/block_state_provider_type
[25May2026 10:06:14.894] [Render thread/DEBUG] [net.minecraftforge.registries.GameData/REGISTRIES]: Holder lookups applied: minecraft:worldgen/block_state_provider_type
[25May2026 10:06:14.894] [Render thread/DEBUG] [net.minecraftforge.registries.GameData/REGISTRIES]: Applying holder lookups: minecraft:worldgen/foliage_placer_type
[25May2026 10:06:14.894] [Render thread/DEBUG] [net.minecraftforge.registries.GameData/REGISTRIES]: Holder lookups applied: minecraft:worldgen/foliage_placer_type
[25May2026 10:06:14.894] [Render thread/DEBUG] [net.minecraftforge.registries.GameData/REGISTRIES]: Applying holder lookups: minecraft:worldgen/trunk_placer_type
[25May2026 10:06:14.894] [Render thread/DEBUG] [net.minecraftforge.registries.GameData/REGISTRIES]: Holder lookups applied: minecraft:worldgen/trunk_placer_type
[25May2026 10:06:14.894] [Render thread/DEBUG] [net.minecraftforge.registries.GameData/REGISTRIES]: Applying holder lookups: minecraft:worldgen/root_placer_type
[25May2026 10:06:14.894] [Render thread/DEBUG] [net.minecraftforge.registries.GameData/REGISTRIES]: Holder lookups applied: minecraft:worldgen/root_placer_type
[25May2026 10:06:14.894] [Render thread/DEBUG] [net.minecraftforge.registries.GameData/REGISTRIES]: Applying holder lookups: minecraft:worldgen/tree_decorator_type
[25May2026 10:06:14.894] [Render thread/DEBUG] [net.minecraftforge.registries.GameData/REGISTRIES]: Holder lookups applied: minecraft:worldgen/tree_decorator_type
[25May2026 10:06:14.894] [Render thread/DEBUG] [net.minecraftforge.registries.GameData/REGISTRIES]: Applying holder lookups: minecraft:worldgen/feature_size_type
[25May2026 10:06:14.894] [Render thread/DEBUG] [net.minecraftforge.registries.GameData/REGISTRIES]: Holder lookups applied: minecraft:worldgen/feature_size_type
[25May2026 10:06:14.894] [Render thread/DEBUG] [net.minecraftforge.registries.GameData/REGISTRIES]: Applying holder lookups: minecraft:worldgen/biome_source
[25May2026 10:06:14.894] [Render thread/DEBUG] [net.minecraftforge.registries.GameData/REGISTRIES]: Holder lookups applied: minecraft:worldgen/biome_source
[25May2026 10:06:14.895] [Render thread/DEBUG] [net.minecraftforge.registries.GameData/REGISTRIES]: Applying holder lookups: minecraft:worldgen/chunk_generator
[25May2026 10:06:14.895] [Render thread/DEBUG] [net.minecraftforge.registries.GameData/REGISTRIES]: Holder lookups applied: minecraft:worldgen/chunk_generator
[25May2026 10:06:14.895] [Render thread/DEBUG] [net.minecraftforge.registries.GameData/REGISTRIES]: Applying holder lookups: minecraft:worldgen/material_condition
[25May2026 10:06:14.895] [Render thread/DEBUG] [net.minecraftforge.registries.GameData/REGISTRIES]: Holder lookups applied: minecraft:worldgen/material_condition
[25May2026 10:06:14.895] [Render thread/DEBUG] [net.minecraftforge.registries.GameData/REGISTRIES]: Applying holder lookups: minecraft:worldgen/material_rule
[25May2026 10:06:14.895] [Render thread/DEBUG] [net.minecraftforge.registries.GameData/REGISTRIES]: Holder lookups applied: minecraft:worldgen/material_rule
[25May2026 10:06:14.895] [Render thread/DEBUG] [net.minecraftforge.registries.GameData/REGISTRIES]: Applying holder lookups: minecraft:worldgen/density_function_type
[25May2026 10:06:14.895] [Render thread/DEBUG] [net.minecraftforge.registries.GameData/REGISTRIES]: Holder lookups applied: minecraft:worldgen/density_function_type
[25May2026 10:06:14.895] [Render thread/DEBUG] [net.minecraftforge.registries.GameData/REGISTRIES]: Applying holder lookups: minecraft:worldgen/structure_pool_element
[25May2026 10:06:14.895] [Render thread/DEBUG] [net.minecraftforge.registries.GameData/REGISTRIES]: Holder lookups applied: minecraft:worldgen/structure_pool_element
[25May2026 10:06:14.895] [Render thread/DEBUG] [net.minecraftforge.registries.GameData/REGISTRIES]: Applying holder lookups: minecraft:cat_variant
[25May2026 10:06:14.895] [Render thread/DEBUG] [net.minecraftforge.registries.GameData/REGISTRIES]: Holder lookups applied: minecraft:cat_variant
[25May2026 10:06:14.895] [Render thread/DEBUG] [net.minecraftforge.registries.GameData/REGISTRIES]: Applying holder lookups: minecraft:frog_variant
[25May2026 10:06:14.895] [Render thread/DEBUG] [net.minecraftforge.registries.GameData/REGISTRIES]: Holder lookups applied: minecraft:frog_variant
[25May2026 10:06:14.895] [Render thread/DEBUG] [net.minecraftforge.registries.GameData/REGISTRIES]: Applying holder lookups: minecraft:banner_pattern
[25May2026 10:06:14.895] [Render thread/DEBUG] [net.minecraftforge.registries.GameData/REGISTRIES]: Holder lookups applied: minecraft:banner_pattern
[25May2026 10:06:14.895] [Render thread/DEBUG] [net.minecraftforge.registries.GameData/REGISTRIES]: Applying holder lookups: minecraft:instrument
[25May2026 10:06:14.897] [Render thread/DEBUG] [net.minecraftforge.registries.GameData/REGISTRIES]: Holder lookups applied: minecraft:instrument
[25May2026 10:06:14.897] [Render thread/DEBUG] [net.minecraftforge.registries.GameData/REGISTRIES]: Applying holder lookups: minecraft:decorated_pot_patterns
[25May2026 10:06:14.897] [Render thread/DEBUG] [net.minecraftforge.registries.GameData/REGISTRIES]: Holder lookups applied: minecraft:decorated_pot_patterns
[25May2026 10:06:14.902] [Render thread/DEBUG] [net.minecraftforge.registries.GameData/REGISTRIES]: Applying holder lookups: minecraft:creative_mode_tab
[25May2026 10:06:14.902] [Render thread/DEBUG] [net.minecraftforge.registries.GameData/REGISTRIES]: Holder lookups applied: minecraft:creative_mode_tab
[25May2026 10:06:14.909] [Render thread/DEBUG] [net.minecraftforge.registries.GameData/REGISTRIES]: Applying holder lookups: forge:biome_modifier_serializers
[25May2026 10:06:14.909] [Render thread/DEBUG] [net.minecraftforge.registries.GameData/REGISTRIES]: Holder lookups applied: forge:biome_modifier_serializers
[25May2026 10:06:14.909] [Render thread/DEBUG] [net.minecraftforge.registries.GameData/REGISTRIES]: Applying holder lookups: forge:display_contexts
[25May2026 10:06:14.909] [Render thread/DEBUG] [net.minecraftforge.registries.GameData/REGISTRIES]: Holder lookups applied: forge:display_contexts
[25May2026 10:06:14.911] [Render thread/DEBUG] [net.minecraftforge.registries.GameData/REGISTRIES]: Applying holder lookups: forge:entity_data_serializers
[25May2026 10:06:14.911] [Render thread/DEBUG] [net.minecraftforge.registries.GameData/REGISTRIES]: Holder lookups applied: forge:entity_data_serializers
[25May2026 10:06:14.916] [Render thread/DEBUG] [net.minecraftforge.registries.GameData/REGISTRIES]: Applying holder lookups: forge:fluid_type
[25May2026 10:06:14.916] [Render thread/DEBUG] [net.minecraftforge.registries.GameData/REGISTRIES]: Holder lookups applied: forge:fluid_type
[25May2026 10:06:14.919] [Render thread/DEBUG] [net.minecraftforge.registries.GameData/REGISTRIES]: Applying holder lookups: forge:global_loot_modifier_serializers
[25May2026 10:06:14.919] [Render thread/DEBUG] [net.minecraftforge.registries.GameData/REGISTRIES]: Holder lookups applied: forge:global_loot_modifier_serializers
[25May2026 10:06:14.923] [Render thread/DEBUG] [net.minecraftforge.registries.GameData/REGISTRIES]: Applying holder lookups: forge:holder_set_type
[25May2026 10:06:14.923] [Render thread/DEBUG] [net.minecraftforge.registries.GameData/REGISTRIES]: Holder lookups applied: forge:holder_set_type
[25May2026 10:06:14.923] [Render thread/DEBUG] [net.minecraftforge.registries.GameData/REGISTRIES]: Applying holder lookups: forge:structure_modifier_serializers
[25May2026 10:06:14.924] [Render thread/DEBUG] [net.minecraftforge.registries.GameData/REGISTRIES]: Holder lookups applied: forge:structure_modifier_serializers
[25May2026 10:06:14.924] [Render thread/DEBUG] [net.minecraftforge.registries.GameData/REGISTRIES]: Applying holder lookups: minecraft:worldgen/biome
[25May2026 10:06:14.924] [Render thread/DEBUG] [net.minecraftforge.registries.GameData/REGISTRIES]: Holder lookups applied: minecraft:worldgen/biome
[25May2026 10:06:15.005] [Render thread/DEBUG] [net.minecraftforge.client.loading.ClientModLoader/CORE]: Generating PackInfo named mod:mixinextras for mod file 
[25May2026 10:06:15.005] [Render thread/DEBUG] [net.minecraftforge.client.loading.ClientModLoader/CORE]: Generating PackInfo named mod:fracturepoint for mod file C:\Users\cornw\.gradle\caches\forge_gradle\deobf_dependencies\curse\maven\fracture-point-1207137\7215903_mapped_official_1.20.1\fracture-point-1207137-7215903_mapped_official_1.20.1.jar
[25May2026 10:06:15.005] [Render thread/DEBUG] [net.minecraftforge.client.loading.ClientModLoader/CORE]: Generating PackInfo named mod:geckolib for mod file C:\Users\cornw\.gradle\caches\forge_gradle\deobf_dependencies\curse\maven\geckolib-388172\7553267_mapped_official_1.20.1\geckolib-388172-7553267_mapped_official_1.20.1.jar
[25May2026 10:06:15.005] [Render thread/DEBUG] [net.minecraftforge.client.loading.ClientModLoader/CORE]: Generating PackInfo named mod:architectury for mod file C:\Users\cornw\.gradle\caches\forge_gradle\deobf_dependencies\curse\maven\architectury-api-419699\5137938_mapped_official_1.20.1\architectury-api-419699-5137938_mapped_official_1.20.1.jar
[25May2026 10:06:15.006] [Render thread/DEBUG] [net.minecraftforge.client.loading.ClientModLoader/CORE]: Generating PackInfo named mod:playeranimator for mod file C:\Users\cornw\.gradle\caches\forge_gradle\deobf_dependencies\curse\maven\playeranimator-658587\4587214_mapped_official_1.20.1\playeranimator-658587-4587214_mapped_official_1.20.1.jar
[25May2026 10:06:15.006] [Render thread/DEBUG] [net.minecraftforge.client.loading.ClientModLoader/CORE]: Generating PackInfo named mod:tacz for mod file C:\Users\cornw\.gradle\caches\forge_gradle\deobf_dependencies\curse\maven\timeless-and-classics-zero-1028108\8055552_mapped_official_1.20.1\timeless-and-classics-zero-1028108-8055552_mapped_official_1.20.1.jar
[25May2026 10:06:15.007] [Render thread/DEBUG] [net.minecraftforge.client.loading.ClientModLoader/CORE]: Generating PackInfo named mod:recruitstacz for mod file C:\Users\cornw\OneDrive\Documents\Minecraft Modding\Forge\recruitsTACZ\build\resources\main
[25May2026 10:06:15.007] [Render thread/DEBUG] [net.minecraftforge.client.loading.ClientModLoader/CORE]: Generating PackInfo named mod:bmcfix for mod file C:\Users\cornw\.gradle\caches\forge_gradle\deobf_dependencies\curse\maven\better-mob-combat-fix-1481291\7733825_mapped_official_1.20.1\better-mob-combat-fix-1481291-7733825_mapped_official_1.20.1.jar
[25May2026 10:06:15.007] [Render thread/DEBUG] [net.minecraftforge.client.loading.ClientModLoader/CORE]: Generating PackInfo named mod:cloth_config for mod file C:\Users\cornw\.gradle\caches\forge_gradle\deobf_dependencies\curse\maven\cloth-config-348521\5729105_mapped_official_1.20.1\cloth-config-348521-5729105_mapped_official_1.20.1.jar
[25May2026 10:06:15.008] [Render thread/DEBUG] [net.minecraftforge.client.loading.ClientModLoader/CORE]: Generating PackInfo named mod:bettercombat for mod file C:\Users\cornw\.gradle\caches\forge_gradle\deobf_dependencies\curse\maven\better-combat-by-daedelus-639842\7287334_mapped_official_1.20.1\better-combat-by-daedelus-639842-7287334_mapped_official_1.20.1.jar
[25May2026 10:06:15.008] [Render thread/DEBUG] [net.minecraftforge.client.loading.ClientModLoader/CORE]: Generating PackInfo named mod:forge for mod file /
[25May2026 10:06:15.008] [Render thread/DEBUG] [net.minecraftforge.client.loading.ClientModLoader/CORE]: Generating PackInfo named mod:curios for mod file C:\Users\cornw\.gradle\caches\forge_gradle\deobf_dependencies\curse\maven\curios-309927\6418456_mapped_official_1.20.1\curios-309927-6418456_mapped_official_1.20.1.jar
[25May2026 10:06:15.008] [Render thread/DEBUG] [net.minecraftforge.client.loading.ClientModLoader/CORE]: Generating PackInfo named mod:simplebedrockmodel for mod file 
[25May2026 10:06:15.008] [Render thread/DEBUG] [net.minecraftforge.client.loading.ClientModLoader/CORE]: Generating PackInfo named mod:mobplayeranimator for mod file C:\Users\cornw\.gradle\caches\forge_gradle\deobf_dependencies\curse\maven\mob-player-animator-1058791\6125584_mapped_official_1.20.1\mob-player-animator-1058791-6125584_mapped_official_1.20.1.jar
[25May2026 10:06:15.009] [Render thread/DEBUG] [net.minecraftforge.client.loading.ClientModLoader/CORE]: Generating PackInfo named mod:bettermobcombat for mod file C:\Users\cornw\.gradle\caches\forge_gradle\deobf_dependencies\curse\maven\better-mob-combat-recruitsfix-1419655\7411612_mapped_official_1.20.1\better-mob-combat-recruitsfix-1419655-7411612_mapped_official_1.20.1.jar
[25May2026 10:06:15.009] [Render thread/DEBUG] [net.minecraftforge.client.loading.ClientModLoader/CORE]: Generating PackInfo named mod:recruits for mod file C:\Users\cornw\.gradle\caches\forge_gradle\deobf_dependencies\curse\maven\recruits-523860\7906232_mapped_official_1.20.1\recruits-523860-7906232_mapped_official_1.20.1.jar
[25May2026 10:06:15.015] [Render thread/DEBUG] [net.minecraftforge.fml.config.ConfigTracker/CONFIG]: Config file tacz-pre.toml for minecraft tracking
[25May2026 10:06:15.015] [Render thread/DEBUG] [net.minecraftforge.fml.config.ConfigFileTypeHandler/CONFIG]: Built TOML config for C:\Users\cornw\OneDrive\Documents\Minecraft Modding\Forge\recruitsTACZ\run\tacz\tacz-pre.toml
[25May2026 10:06:15.017] [Render thread/DEBUG] [net.minecraftforge.fml.config.ConfigFileTypeHandler/CONFIG]: Loaded TOML config file C:\Users\cornw\OneDrive\Documents\Minecraft Modding\Forge\recruitsTACZ\run\tacz\tacz-pre.toml
[25May2026 10:06:15.021] [Render thread/DEBUG] [net.minecraftforge.fml.config.ConfigFileTypeHandler/CONFIG]: Watching TOML config file C:\Users\cornw\OneDrive\Documents\Minecraft Modding\Forge\recruitsTACZ\run\tacz\tacz-pre.toml for changes
[25May2026 10:06:15.196] [Render thread/DEBUG] [tacz/]: Skipping unchanged exported resource C:\Users\cornw\OneDrive\Documents\Minecraft Modding\Forge\recruitsTACZ\run\tacz\tacz_default_gun
[25May2026 10:06:15.196] [Render thread/INFO] [tacz/GunPackFinder]: Start scanning for gun packs in C:\Users\cornw\OneDrive\Documents\Minecraft Modding\Forge\recruitsTACZ\run\tacz
[25May2026 10:06:15.197] [Render thread/INFO] [tacz/GunPackFinder]: - tacz_default_gun, Main namespace: tacz
[25May2026 10:06:15.198] [Render thread/INFO] [tacz/GunPackFinder]: Found 1 possible gunpack(s) and added them to resource set.
[25May2026 10:06:15.598] [Render thread/DEBUG] [mixin/]: Mixing client.LanguageMixin from tacz.mixins.json into net.minecraft.client.resources.language.ClientLanguage
[25May2026 10:06:15.599] [Render thread/DEBUG] [mixin/]: Mixing client.TextureManagerMixin from geckolib.mixins.json into net.minecraft.client.renderer.texture.TextureManager
[25May2026 10:06:15.696] [Render thread/DEBUG] [mixin/]: Mixing client.EntityRendererDispatcherMixin from mobplayeranimator.mixins.json into net.minecraft.client.renderer.entity.EntityRenderDispatcher
[25May2026 10:06:15.697] [Render thread/DEBUG] [mixin/]: Mixing firstPerson.EntityRenderDispatcherMixin from playerAnimator-common.mixins.json into net.minecraft.client.renderer.entity.EntityRenderDispatcher
[25May2026 10:06:15.697] [Render thread/DEBUG] [mixin/]: playerAnimator-common.mixins.json:firstPerson.EntityRenderDispatcherMixin: Class version 61 required is higher than the class version supported by the current version of Mixin (JAVA_16 supports class version 60)
[25May2026 10:06:15.698] [Render thread/DEBUG] [mixin/]: Mixing client.EntityRenderDispatcherMixin from bettermobcombat.mixins.json into net.minecraft.client.renderer.entity.EntityRenderDispatcher
[25May2026 10:06:15.698] [Render thread/DEBUG] [mixin/]: Renaming synthetic method lambda$renderColliderDebug$0(Lnet/minecraft/world/phys/Vec3;Lnet/minecraft/world/entity/Entity;)Lnet/bettercombat/client/collision/OrientedBoundingBox; to md00b46c$lambda$renderColliderDebug$0$0 in bettermobcombat.mixins.json:client.EntityRenderDispatcherMixin
[25May2026 10:06:15.772] [Render thread/DEBUG] [mixin/]: Mixing firstPerson.ItemInHandRendererMixin from playerAnimator-common.mixins.json into net.minecraft.client.renderer.ItemInHandRenderer
[25May2026 10:06:15.772] [Render thread/DEBUG] [mixin/]: playerAnimator-common.mixins.json:firstPerson.ItemInHandRendererMixin: Class version 61 required is higher than the class version supported by the current version of Mixin (JAVA_16 supports class version 60)
[25May2026 10:06:15.773] [Render thread/DEBUG] [mixin/]: Mixing client.ItemInHandRendererMixin from tacz.mixins.json into net.minecraft.client.renderer.ItemInHandRenderer
[25May2026 10:06:15.773] [Render thread/DEBUG] [mixin/]: Mixing client.ItemInHandRendererMixin from simplebedrockmodel.mixins.json into net.minecraft.client.renderer.ItemInHandRenderer
[25May2026 10:06:15.774] [Render thread/DEBUG] [mixin/]: simplebedrockmodel.mixins.json:client.ItemInHandRendererMixin: Class version 61 required is higher than the class version supported by the current version of Mixin (JAVA_8 supports class version 52)
[25May2026 10:06:15.872] [Render thread/DEBUG] [mixin/]: Mixing client.ColliderDebugRenderer from bettercombat.mixins.json into net.minecraft.client.renderer.debug.DebugRenderer
[25May2026 10:06:15.872] [Render thread/DEBUG] [mixin/]: Renaming synthetic method lambda$renderColliderDebug$0(Lnet/minecraft/world/phys/Vec3;Lnet/minecraft/world/entity/Entity;)Lnet/bettercombat/client/collision/OrientedBoundingBox; to md00b46c$lambda$renderColliderDebug$0$0 in bettercombat.mixins.json:client.ColliderDebugRenderer
[25May2026 10:06:15.913] [Render thread/INFO] [net.minecraftforge.gametest.ForgeGameTestHooks/]: Enabled Gametest Namespaces: [recruitstacz]
[25May2026 10:06:15.936] [Render thread/DEBUG] [mixin/]: Mixing tacz.AccessorPlayerAnimatorAssetManager from recruitstacz.mixins.json into com.tacz.guns.compat.playeranimator.animation.PlayerAnimatorAssetManager
[25May2026 10:06:15.936] [Render thread/DEBUG] [mixin/]: recruitstacz.mixins.json:tacz.AccessorPlayerAnimatorAssetManager: Class version 61 required is higher than the class version supported by the current version of Mixin (JAVA_8 supports class version 52)
[25May2026 10:06:15.948] [Render thread/DEBUG] [mixin/]: Mixing client.MixinRecruitVillagerModel from recruitstacz.mixins.json into com.talhanation.recruits.client.models.RecruitVillagerModel
[25May2026 10:06:15.948] [Render thread/DEBUG] [mixin/]: recruitstacz.mixins.json:client.MixinRecruitVillagerModel: Class version 61 required is higher than the class version supported by the current version of Mixin (JAVA_8 supports class version 52)
[25May2026 10:06:15.955] [Render thread/DEBUG] [mixin/]: Mixing PlayerRendererMixin from playerAnimator-common.mixins.json into net.minecraft.client.renderer.entity.player.PlayerRenderer
[25May2026 10:06:15.955] [Render thread/DEBUG] [mixin/]: playerAnimator-common.mixins.json:PlayerRendererMixin: Class version 61 required is higher than the class version supported by the current version of Mixin (JAVA_16 supports class version 60)
[25May2026 10:06:15.979] [Render thread/DEBUG] [mixin/]: Mixing client.MobRendererMixin from mobplayeranimator.mixins.json into net.minecraft.client.renderer.entity.MobRenderer
[25May2026 10:06:15.984] [Render thread/DEBUG] [mixin/]: Mixing client.HumanoidMobRendererMixin from mobplayeranimator.mixins.json into net.minecraft.client.renderer.entity.HumanoidMobRenderer
[25May2026 10:06:15.987] [Render thread/DEBUG] [mixin/]: Mixing client.HierarchicalModelMixin from mobplayeranimator.mixins.json into net.minecraft.client.model.HierarchicalModel
[25May2026 10:06:15.991] [Render thread/DEBUG] [mixin/]: Mixing HeldItemMixin from playerAnimator-common.mixins.json into net.minecraft.client.renderer.entity.layers.ItemInHandLayer
[25May2026 10:06:15.991] [Render thread/DEBUG] [mixin/]: playerAnimator-common.mixins.json:HeldItemMixin: Class version 61 required is higher than the class version supported by the current version of Mixin (JAVA_16 supports class version 60)
[25May2026 10:06:15.995] [Render thread/DEBUG] [mixin/]: Mixing client.ItemInHandLayerMixin from tacz.mixins.json into net.minecraft.client.renderer.entity.layers.ItemInHandLayer
[25May2026 10:06:16.021] [Render thread/DEBUG] [mixin/]: Mixing ArmorFeatureRendererMixin from playerAnimator-common.mixins.json into net.minecraft.client.renderer.entity.layers.HumanoidArmorLayer
[25May2026 10:06:16.021] [Render thread/DEBUG] [mixin/]: playerAnimator-common.mixins.json:ArmorFeatureRendererMixin: Class version 61 required is higher than the class version supported by the current version of Mixin (JAVA_16 supports class version 60)
[25May2026 10:06:16.039] [Render thread/DEBUG] [mixin/]: Mixing client.AbstractZombieModelMixin from mobplayeranimator.mixins.json into net.minecraft.client.model.AbstractZombieModel
[25May2026 10:06:16.053] [Render thread/DEBUG] [mixin/]: Mixing client.IllagerModelMixin from bettermobcombat.mixins.json into net.minecraft.client.model.IllagerModel
[25May2026 10:06:16.053] [Render thread/DEBUG] [mixin/]: Mixing client.IllagerModelMixin from mobplayeranimator.mixins.json into net.minecraft.client.model.IllagerModel
[25May2026 10:06:16.081] [Render thread/DEBUG] [mixin/]: Mixing client.ItemInHandLayerMixin_EvokerRenderer from bettermobcombat.mixins.json into net.minecraft.client.renderer.entity.EvokerRenderer$1
[25May2026 10:06:16.098] [Render thread/DEBUG] [mixin/]: Mixing client.ItemInHandLayerMixin_IllusionerRenderer from bettermobcombat.mixins.json into net.minecraft.client.renderer.entity.IllusionerRenderer$1
[25May2026 10:06:16.127] [Render thread/DEBUG] [mixin/]: Mixing client.SkeletonModelMixin from mobplayeranimator.mixins.json into net.minecraft.client.model.SkeletonModel
[25May2026 10:06:16.151] [Render thread/DEBUG] [mixin/]: Mixing client.ItemInHandLayerMixin_VindicatorRenderer from bettermobcombat.mixins.json into net.minecraft.client.renderer.entity.VindicatorRenderer$1
[25May2026 10:06:16.169] [Render thread/DEBUG] [mixin/]: Mixing client.ZombieVillagerModelMixin from mobplayeranimator.mixins.json into net.minecraft.client.model.ZombieVillagerModel
[25May2026 10:06:16.171] [Render thread/DEBUG] [net.minecraftforge.coremod.transformer.CoreModBaseTransformer/COREMOD]: Transforming net/minecraft/world/entity/monster/Zombie
[25May2026 10:06:16.231] [Render thread/DEBUG] [mixin/]: Mixing client.MixinRecruitHumanRenderer from recruitstacz.mixins.json into com.talhanation.recruits.client.render.RecruitHumanRenderer
[25May2026 10:06:16.232] [Render thread/DEBUG] [mixin/]: recruitstacz.mixins.json:client.MixinRecruitHumanRenderer: Class version 61 required is higher than the class version supported by the current version of Mixin (JAVA_8 supports class version 52)
[25May2026 10:06:16.251] [Render thread/DEBUG] [mixin/]: Mixing client.GunHudOverlayAccessor from fracturepoint.mixins.json into com.tacz.guns.client.gui.overlay.GunHudOverlay
[25May2026 10:06:16.251] [Render thread/DEBUG] [mixin/]: Renaming @Accessor method getCacheInventoryAmmoCount()I to getCacheInventoryAmmoCount_$md$00b46c$0 in fracturepoint.mixins.json:client.GunHudOverlayAccessor
[25May2026 10:06:16.253] [Render thread/DEBUG] [mixin/]: Renaming @Accessor method setCacheInventoryAmmoCount(I)V to setCacheInventoryAmmoCount_$md$00b46c$1 in fracturepoint.mixins.json:client.GunHudOverlayAccessor
[25May2026 10:06:16.253] [Render thread/DEBUG] [mixin/]: Mixing client.GunHudOverlayMixin from fracturepoint.mixins.json into com.tacz.guns.client.gui.overlay.GunHudOverlay
[25May2026 10:06:16.253] [Render thread/DEBUG] [mixin/]: Renaming synthetic method lambda$addChestplateBundleAmmo$0(Lnet/minecraft/world/item/ItemStack;Lnet/minecraftforge/items/IItemHandler;)V to md00b46c$lambda$addChestplateBundleAmmo$0$2 in fracturepoint.mixins.json:client.GunHudOverlayMixin
[25May2026 10:06:16.322] [Render thread/INFO] [net.minecraft.server.packs.resources.ReloadableResourceManager/]: Reloading ResourceManager: vanilla, tacz_resources, mod_resources
[25May2026 10:06:16.337] [modloading-worker-0/DEBUG] [net.minecraftforge.fml.config.ConfigTracker/CONFIG]: Loading configs type CLIENT
[25May2026 10:06:16.337] [modloading-worker-0/DEBUG] [net.minecraftforge.fml.config.ConfigFileTypeHandler/CONFIG]: Built TOML config for C:\Users\cornw\OneDrive\Documents\Minecraft Modding\Forge\recruitsTACZ\run\config\recruits-client.toml
[25May2026 10:06:16.337] [modloading-worker-0/DEBUG] [net.minecraftforge.fml.config.ConfigFileTypeHandler/CONFIG]: Loaded TOML config file C:\Users\cornw\OneDrive\Documents\Minecraft Modding\Forge\recruitsTACZ\run\config\recruits-client.toml
[25May2026 10:06:16.339] [modloading-worker-0/DEBUG] [net.minecraftforge.fml.config.ConfigFileTypeHandler/CONFIG]: Watching TOML config file C:\Users\cornw\OneDrive\Documents\Minecraft Modding\Forge\recruitsTACZ\run\config\recruits-client.toml for changes
[25May2026 10:06:16.340] [modloading-worker-0/DEBUG] [net.minecraftforge.fml.config.ConfigFileTypeHandler/CONFIG]: Built TOML config for C:\Users\cornw\OneDrive\Documents\Minecraft Modding\Forge\recruitsTACZ\run\config\tacz-client.toml
[25May2026 10:06:16.340] [modloading-worker-0/DEBUG] [net.minecraftforge.fml.config.ConfigFileTypeHandler/CONFIG]: Loaded TOML config file C:\Users\cornw\OneDrive\Documents\Minecraft Modding\Forge\recruitsTACZ\run\config\tacz-client.toml
[25May2026 10:06:16.342] [modloading-worker-0/DEBUG] [net.minecraftforge.fml.config.ConfigFileTypeHandler/CONFIG]: Watching TOML config file C:\Users\cornw\OneDrive\Documents\Minecraft Modding\Forge\recruitsTACZ\run\config\tacz-client.toml for changes
[25May2026 10:06:16.343] [modloading-worker-0/DEBUG] [net.minecraftforge.fml.config.ConfigFileTypeHandler/CONFIG]: Built TOML config for C:\Users\cornw\OneDrive\Documents\Minecraft Modding\Forge\recruitsTACZ\run\config\curios-client.toml
[25May2026 10:06:16.344] [Thread-17/DEBUG] [net.minecraftforge.fml.config.ConfigFileTypeHandler/CONFIG]: Config file recruits-client.toml changed, sending notifies
[25May2026 10:06:16.350] [modloading-worker-0/DEBUG] [net.minecraftforge.fml.config.ConfigFileTypeHandler/CONFIG]: Loaded TOML config file C:\Users\cornw\OneDrive\Documents\Minecraft Modding\Forge\recruitsTACZ\run\config\curios-client.toml
[25May2026 10:06:16.350] [modloading-worker-0/DEBUG] [net.minecraftforge.fml.config.ConfigFileTypeHandler/CONFIG]: Watching TOML config file C:\Users\cornw\OneDrive\Documents\Minecraft Modding\Forge\recruitsTACZ\run\config\curios-client.toml for changes
[25May2026 10:06:16.350] [modloading-worker-0/WARN] [net.minecraftforge.common.ForgeConfigSpec/CORE]: Configuration file C:\Users\cornw\OneDrive\Documents\Minecraft Modding\Forge\recruitsTACZ\run\config\curios-client.toml is not correct. Correcting
[25May2026 10:06:16.351] [modloading-worker-0/WARN] [net.minecraftforge.common.ForgeConfigSpec/CORE]: Incorrect key client was corrected from null to its default, SimpleCommentedConfig:{}. 
[25May2026 10:06:16.352] [modloading-worker-0/WARN] [net.minecraftforge.common.ForgeConfigSpec/CORE]: Incorrect key client.renderCurios was corrected from null to its default, true. 
[25May2026 10:06:16.352] [modloading-worker-0/DEBUG] [net.minecraftforge.common.ForgeConfigSpec/CORE]: The comment on key client.renderCurios does not match the spec. This may create a backup.
[25May2026 10:06:16.352] [modloading-worker-0/WARN] [net.minecraftforge.common.ForgeConfigSpec/CORE]: Incorrect key client.enableButton was corrected from null to its default, true. 
[25May2026 10:06:16.352] [modloading-worker-0/DEBUG] [net.minecraftforge.common.ForgeConfigSpec/CORE]: The comment on key client.enableButton does not match the spec. This may create a backup.
[25May2026 10:06:16.352] [modloading-worker-0/WARN] [net.minecraftforge.common.ForgeConfigSpec/CORE]: Incorrect key client.buttonXOffset was corrected from null to its default, 0. 
[25May2026 10:06:16.352] [modloading-worker-0/DEBUG] [net.minecraftforge.common.ForgeConfigSpec/CORE]: The comment on key client.buttonXOffset does not match the spec. This may create a backup.
[25May2026 10:06:16.352] [modloading-worker-0/WARN] [net.minecraftforge.common.ForgeConfigSpec/CORE]: Incorrect key client.buttonYOffset was corrected from null to its default, 0. 
[25May2026 10:06:16.353] [modloading-worker-0/DEBUG] [net.minecraftforge.common.ForgeConfigSpec/CORE]: The comment on key client.buttonYOffset does not match the spec. This may create a backup.
[25May2026 10:06:16.353] [modloading-worker-0/WARN] [net.minecraftforge.common.ForgeConfigSpec/CORE]: Incorrect key client.creativeButtonXOffset was corrected from null to its default, 0. 
[25May2026 10:06:16.353] [modloading-worker-0/DEBUG] [net.minecraftforge.common.ForgeConfigSpec/CORE]: The comment on key client.creativeButtonXOffset does not match the spec. This may create a backup.
[25May2026 10:06:16.353] [modloading-worker-0/WARN] [net.minecraftforge.common.ForgeConfigSpec/CORE]: Incorrect key client.creativeButtonYOffset was corrected from null to its default, 0. 
[25May2026 10:06:16.353] [modloading-worker-0/DEBUG] [net.minecraftforge.common.ForgeConfigSpec/CORE]: The comment on key client.creativeButtonYOffset does not match the spec. This may create a backup.
[25May2026 10:06:16.353] [modloading-worker-0/WARN] [net.minecraftforge.common.ForgeConfigSpec/CORE]: Incorrect key client.buttonCorner was corrected from null to its default, TOP_LEFT. 
[25May2026 10:06:16.353] [modloading-worker-0/DEBUG] [net.minecraftforge.common.ForgeConfigSpec/CORE]: The comment on key client.buttonCorner does not match the spec. This may create a backup.
[25May2026 10:06:16.353] [modloading-worker-0/DEBUG] [net.minecraftforge.common.ForgeConfigSpec/CORE]: The comment on key client does not match the spec. This may create a backup.
[25May2026 10:06:16.355] [modloading-worker-0/DEBUG] [net.minecraftforge.fml.config.ConfigFileTypeHandler/CONFIG]: Built TOML config for C:\Users\cornw\OneDrive\Documents\Minecraft Modding\Forge\recruitsTACZ\run\config\forge-client.toml
[25May2026 10:06:16.356] [modloading-worker-0/DEBUG] [net.minecraftforge.fml.config.ConfigFileTypeHandler/CONFIG]: Loaded TOML config file C:\Users\cornw\OneDrive\Documents\Minecraft Modding\Forge\recruitsTACZ\run\config\forge-client.toml
[25May2026 10:06:16.357] [modloading-worker-0/DEBUG] [net.minecraftforge.fml.config.ConfigFileTypeHandler/CONFIG]: Watching TOML config file C:\Users\cornw\OneDrive\Documents\Minecraft Modding\Forge\recruitsTACZ\run\config\forge-client.toml for changes
[25May2026 10:06:16.357] [modloading-worker-0/DEBUG] [net.minecraftforge.common.ForgeConfig/FORGEMOD]: Loaded forge config file forge-client.toml
[25May2026 10:06:16.358] [modloading-worker-0/DEBUG] [net.minecraftforge.fml.config.ConfigTracker/CONFIG]: Loading configs type COMMON
[25May2026 10:06:16.358] [modloading-worker-0/DEBUG] [net.minecraftforge.fml.config.ConfigFileTypeHandler/CONFIG]: Built TOML config for C:\Users\cornw\OneDrive\Documents\Minecraft Modding\Forge\recruitsTACZ\run\config\tacz-common.toml
[25May2026 10:06:16.360] [modloading-worker-0/DEBUG] [net.minecraftforge.fml.config.ConfigFileTypeHandler/CONFIG]: Loaded TOML config file C:\Users\cornw\OneDrive\Documents\Minecraft Modding\Forge\recruitsTACZ\run\config\tacz-common.toml
[25May2026 10:06:16.360] [Thread-17/DEBUG] [net.minecraftforge.fml.config.ConfigFileTypeHandler/CONFIG]: Config file forge-client.toml changed, sending notifies
[25May2026 10:06:16.361] [modloading-worker-0/DEBUG] [net.minecraftforge.fml.config.ConfigFileTypeHandler/CONFIG]: Watching TOML config file C:\Users\cornw\OneDrive\Documents\Minecraft Modding\Forge\recruitsTACZ\run\config\tacz-common.toml for changes
[25May2026 10:06:16.361] [Thread-17/DEBUG] [net.minecraftforge.common.ForgeConfig/FORGEMOD]: Forge config just got changed on the file system!
[25May2026 10:06:16.362] [modloading-worker-0/DEBUG] [net.minecraftforge.fml.config.ConfigFileTypeHandler/CONFIG]: Built TOML config for C:\Users\cornw\OneDrive\Documents\Minecraft Modding\Forge\recruitsTACZ\run\config\fracturepoint-common.toml
[25May2026 10:06:16.363] [modloading-worker-0/DEBUG] [net.minecraftforge.fml.config.ConfigFileTypeHandler/CONFIG]: Loaded TOML config file C:\Users\cornw\OneDrive\Documents\Minecraft Modding\Forge\recruitsTACZ\run\config\fracturepoint-common.toml
[25May2026 10:06:16.365] [modloading-worker-0/DEBUG] [net.minecraftforge.fml.config.ConfigFileTypeHandler/CONFIG]: Watching TOML config file C:\Users\cornw\OneDrive\Documents\Minecraft Modding\Forge\recruitsTACZ\run\config\fracturepoint-common.toml for changes
[25May2026 10:06:16.365] [modloading-worker-0/WARN] [net.minecraftforge.common.ForgeConfigSpec/CORE]: Configuration file C:\Users\cornw\OneDrive\Documents\Minecraft Modding\Forge\recruitsTACZ\run\config\fracturepoint-common.toml is not correct. Correcting
[25May2026 10:06:16.365] [modloading-worker-0/DEBUG] [net.minecraftforge.common.ForgeConfigSpec/CORE]: List on key nvg_helmets is deemed to need correction, as it is null or not a list.
[25May2026 10:06:16.365] [Thread-17/DEBUG] [net.minecraftforge.fml.config.ConfigFileTypeHandler/CONFIG]: Config file tacz-common.toml changed, sending notifies
[25May2026 10:06:16.365] [modloading-worker-0/WARN] [net.minecraftforge.common.ForgeConfigSpec/CORE]: Incorrect key nvg_helmets was corrected from null to its default, [warborn:nato_sqad_leader_helmet, warborn:nato_ukr_helmet, warborn:nato_sqad_leader_helmet_woodland, warborn:nato_ukr_helmet_woodland, warborn:beta7_nvg_helmet, warborn:beta7_nvg_helmet_slate, warborn:beta7_nvg_helmet_ash]. 
[25May2026 10:06:16.367] [modloading-worker-0/DEBUG] [net.minecraftforge.common.ForgeConfigSpec/CORE]: The comment on key nvg_helmets does not match the spec. This may create a backup.
[25May2026 10:06:16.368] [modloading-worker-0/WARN] [net.minecraftforge.common.ForgeConfigSpec/CORE]: Incorrect key enable_faceplate_overlay was corrected from null to its default, false. 
[25May2026 10:06:16.368] [modloading-worker-0/DEBUG] [net.minecraftforge.common.ForgeConfigSpec/CORE]: The comment on key enable_faceplate_overlay does not match the spec. This may create a backup.
[25May2026 10:06:16.370] [modloading-worker-0/DEBUG] [net.minecraftforge.fml.config.ConfigFileTypeHandler/CONFIG]: Built TOML config for C:\Users\cornw\OneDrive\Documents\Minecraft Modding\Forge\recruitsTACZ\run\config\warborn-armor.toml
[25May2026 10:06:16.372] [modloading-worker-0/DEBUG] [net.minecraftforge.fml.config.ConfigFileTypeHandler/CONFIG]: Loaded TOML config file C:\Users\cornw\OneDrive\Documents\Minecraft Modding\Forge\recruitsTACZ\run\config\warborn-armor.toml
[25May2026 10:06:16.373] [modloading-worker-0/DEBUG] [net.minecraftforge.fml.config.ConfigFileTypeHandler/CONFIG]: Watching TOML config file C:\Users\cornw\OneDrive\Documents\Minecraft Modding\Forge\recruitsTACZ\run\config\warborn-armor.toml for changes
[25May2026 10:06:16.373] [modloading-worker-0/WARN] [net.minecraftforge.common.ForgeConfigSpec/CORE]: Configuration file C:\Users\cornw\OneDrive\Documents\Minecraft Modding\Forge\recruitsTACZ\run\config\warborn-armor.toml is not correct. Correcting
[25May2026 10:06:16.374] [modloading-worker-0/WARN] [net.minecraftforge.common.ForgeConfigSpec/CORE]: Incorrect key armor_values was corrected from null to its default, SimpleCommentedConfig:{}. 
[25May2026 10:06:16.374] [modloading-worker-0/WARN] [net.minecraftforge.common.ForgeConfigSpec/CORE]: Incorrect key armor_values.helmet was corrected from null to its default, 3. 
[25May2026 10:06:16.374] [modloading-worker-0/DEBUG] [net.minecraftforge.common.ForgeConfigSpec/CORE]: The comment on key armor_values.helmet does not match the spec. This may create a backup.
[25May2026 10:06:16.374] [modloading-worker-0/WARN] [net.minecraftforge.common.ForgeConfigSpec/CORE]: Incorrect key armor_values.chestplate was corrected from null to its default, 8. 
[25May2026 10:06:16.374] [modloading-worker-0/DEBUG] [net.minecraftforge.common.ForgeConfigSpec/CORE]: The comment on key armor_values.chestplate does not match the spec. This may create a backup.
[25May2026 10:06:16.374] [modloading-worker-0/WARN] [net.minecraftforge.common.ForgeConfigSpec/CORE]: Incorrect key armor_values.leggings was corrected from null to its default, 6. 
[25May2026 10:06:16.374] [modloading-worker-0/DEBUG] [net.minecraftforge.common.ForgeConfigSpec/CORE]: The comment on key armor_values.leggings does not match the spec. This may create a backup.
[25May2026 10:06:16.374] [modloading-worker-0/WARN] [net.minecraftforge.common.ForgeConfigSpec/CORE]: Incorrect key armor_values.shoulderpads was corrected from null to its default, 2. 
[25May2026 10:06:16.374] [modloading-worker-0/DEBUG] [net.minecraftforge.common.ForgeConfigSpec/CORE]: The comment on key armor_values.shoulderpads does not match the spec. This may create a backup.
[25May2026 10:06:16.374] [modloading-worker-0/WARN] [net.minecraftforge.common.ForgeConfigSpec/CORE]: Incorrect key armor_values.backpacks was corrected from null to its default, 1. 
[25May2026 10:06:16.374] [modloading-worker-0/DEBUG] [net.minecraftforge.common.ForgeConfigSpec/CORE]: The comment on key armor_values.backpacks does not match the spec. This may create a backup.
[25May2026 10:06:16.376] [modloading-worker-0/DEBUG] [net.minecraftforge.fml.config.ConfigFileTypeHandler/CONFIG]: Built TOML config for C:\Users\cornw\OneDrive\Documents\Minecraft Modding\Forge\recruitsTACZ\run\config\curios-common.toml
[25May2026 10:06:16.377] [modloading-worker-0/DEBUG] [net.minecraftforge.fml.config.ConfigFileTypeHandler/CONFIG]: Loaded TOML config file C:\Users\cornw\OneDrive\Documents\Minecraft Modding\Forge\recruitsTACZ\run\config\curios-common.toml
[25May2026 10:06:16.377] [modloading-worker-0/DEBUG] [net.minecraftforge.fml.config.ConfigFileTypeHandler/CONFIG]: Watching TOML config file C:\Users\cornw\OneDrive\Documents\Minecraft Modding\Forge\recruitsTACZ\run\config\curios-common.toml for changes
[25May2026 10:06:16.377] [modloading-worker-0/WARN] [net.minecraftforge.common.ForgeConfigSpec/CORE]: Configuration file C:\Users\cornw\OneDrive\Documents\Minecraft Modding\Forge\recruitsTACZ\run\config\curios-common.toml is not correct. Correcting
[25May2026 10:06:16.377] [modloading-worker-0/DEBUG] [net.minecraftforge.common.ForgeConfigSpec/CORE]: List on key slots is deemed to need correction. It is null, not a list, or an empty list. Modders, consider defineListAllowEmpty?
[25May2026 10:06:16.379] [modloading-worker-0/WARN] [net.minecraftforge.common.ForgeConfigSpec/CORE]: Incorrect key slots was corrected from null to its default, []. 
[25May2026 10:06:16.379] [modloading-worker-0/DEBUG] [net.minecraftforge.common.ForgeConfigSpec/CORE]: The comment on key slots does not match the spec. This may create a backup.
[25May2026 10:06:16.389] [Thread-17/DEBUG] [net.minecraftforge.fml.config.ConfigFileTypeHandler/CONFIG]: Config file warborn-armor.toml changed, sending notifies
[25May2026 10:06:16.465] [Worker-Main-11/DEBUG] [mixin/]: Mixing client.SoundManagerPreparationsMixin from tacz.mixins.json into net.minecraft.client.sounds.SoundManager$Preparations
[25May2026 10:06:16.501] [Worker-Main-4/DEBUG] [mixin/]: Mixing MixinSlotAttribute from curios.mixins.json into top.theillusivec4.curios.api.SlotAttribute
[25May2026 10:06:16.509] [Worker-Main-4/DEBUG] [mixin/]: Mixing MixinCuriosApi from curios.mixins.json into top.theillusivec4.curios.api.CuriosApi
[25May2026 10:06:16.579] [Forge Version Check/INFO] [net.minecraftforge.fml.VersionChecker/]: [fracturepoint] Starting version check at https://raw.githubusercontent.com/Lothrazar/ForgeTemplate/trunk/1.20/update.json
[25May2026 10:06:16.654] [Worker-Main-9/DEBUG] [mixin/]: Mixing compat.recruits.PillagerMeleeAttackGoalMixin from bettermobcombat.forge.mixins.json into com.talhanation.recruits.entities.ai.pillager.PillagerMeleeAttackGoal
[25May2026 10:06:16.655] [Worker-Main-9/DEBUG] [mixin/]: Renaming synthetic method lambda$bettermobcombat$useBetterCombatAttackCheck$2(Lnet/minecraft/world/entity/LivingEntity;Lnet/minecraft/world/entity/Mob;Lnet/bettercombat/api/WeaponAttributes;)Z to md00b46c$lambda$bettermobcombat$useBetterCombatAttackCheck$2$0 in bettermobcombat.forge.mixins.json:compat.recruits.PillagerMeleeAttackGoalMixin
[25May2026 10:06:16.655] [Worker-Main-9/DEBUG] [mixin/]: Renaming synthetic method lambda$bettermobcombat$useBetterCombatAttackCheck$1(Lnet/minecraft/world/entity/Mob;Lnet/bettercombat/api/WeaponAttributes;)V to md00b46c$lambda$bettermobcombat$useBetterCombatAttackCheck$1$1 in bettermobcombat.forge.mixins.json:compat.recruits.PillagerMeleeAttackGoalMixin
[25May2026 10:06:16.655] [Worker-Main-9/DEBUG] [mixin/]: Renaming synthetic method lambda$pre_getAttackReachSqr_canUse$0(Lorg/spongepowered/asm/mixin/injection/callback/CallbackInfoReturnable;Lnet/minecraft/world/entity/Mob;Lnet/bettercombat/api/WeaponAttributes;)V to md00b46c$lambda$pre_getAttackReachSqr_canUse$0$2 in bettermobcombat.forge.mixins.json:compat.recruits.PillagerMeleeAttackGoalMixin
[25May2026 10:06:16.744] [Worker-Main-3/INFO] [net.minecraft.client.gui.font.providers.UnihexProvider/]: Found unifont_all_no_pua-15.0.06.hex, loading
[25May2026 10:06:17.026] [Worker-Main-12/WARN] [net.minecraft.client.renderer.texture.SpriteLoader/]: Texture fracturepoint:item/beta7_leggings_slate with size 185x306 limits mip level from 4 to 0
[25May2026 10:06:17.100] [Forge Version Check/DEBUG] [net.minecraftforge.fml.VersionChecker/]: [fracturepoint] Received version check data:
{
  "homepage": "https://www.curseforge.com/minecraft/mc-mods/_curseslug_",
  "promos": {
    "1.20.1-latest": "0.0.1"
  },
  "1.20.1": {
    "0.0.1": "Release "
  }
}
[25May2026 10:06:17.101] [Forge Version Check/INFO] [net.minecraftforge.fml.VersionChecker/]: [fracturepoint] Found status: BETA Current: 2.3.11-beta Target: 0.0.1
[25May2026 10:06:17.105] [Forge Version Check/INFO] [net.minecraftforge.fml.VersionChecker/]: [forge] Starting version check at https://files.minecraftforge.net/net/minecraftforge/forge/promotions_slim.json
[25May2026 10:06:17.112] [Render thread/DEBUG] [net.minecraftforge.fml.DeferredWorkQueue/LOADING]: Dispatching synchronous work for work queue COMMON_SETUP: 4 jobs
[25May2026 10:06:17.324] [Render thread/INFO] [tacz/SYNCED_ENTITY_DATA_TAC_COPY]: Registered synced data key tacz:shoot_cool_down for minecraft:living_entity
[25May2026 10:06:17.324] [Render thread/INFO] [tacz/SYNCED_ENTITY_DATA_TAC_COPY]: Registered synced data key tacz:melee_cool_down for minecraft:living_entity
[25May2026 10:06:17.324] [Render thread/INFO] [tacz/SYNCED_ENTITY_DATA_TAC_COPY]: Registered synced data key tacz:reload_state for minecraft:living_entity
[25May2026 10:06:17.324] [Render thread/INFO] [tacz/SYNCED_ENTITY_DATA_TAC_COPY]: Registered synced data key tacz:aiming_progress for minecraft:living_entity
[25May2026 10:06:17.324] [Render thread/INFO] [tacz/SYNCED_ENTITY_DATA_TAC_COPY]: Registered synced data key tacz:draw_cool_down for minecraft:living_entity
[25May2026 10:06:17.324] [Render thread/INFO] [tacz/SYNCED_ENTITY_DATA_TAC_COPY]: Registered synced data key tacz:is_aiming for minecraft:living_entity
[25May2026 10:06:17.324] [Render thread/INFO] [tacz/SYNCED_ENTITY_DATA_TAC_COPY]: Registered synced data key tacz:sprint_time for minecraft:living_entity
[25May2026 10:06:17.325] [Render thread/INFO] [tacz/SYNCED_ENTITY_DATA_TAC_COPY]: Registered synced data key tacz:is_bolting for minecraft:living_entity
[25May2026 10:06:17.325] [Render thread/INFO] [tacz/SYNCED_ENTITY_DATA_TAC_COPY]: Registered synced data key tacz:throwable_using for minecraft:living_entity
[25May2026 10:06:17.333] [Forge Version Check/DEBUG] [net.minecraftforge.fml.VersionChecker/]: [forge] Received version check data:
{
  "homepage": "https://files.minecraftforge.net/net/minecraftforge/forge/",
  "promos": {
    "1.1-latest": "1.3.4.29",
    "1.2.3-latest": "1.4.1.64",
    "1.2.4-latest": "2.0.0.68",
    "1.2.5-latest": "3.4.9.171",
    "1.3.2-latest": "4.3.5.318",
    "1.4.0-latest": "5.0.0.326",
    "1.4.1-latest": "6.0.0.329",
    "1.4.2-latest": "6.0.1.355",
    "1.4.3-latest": "6.2.1.358",
    "1.4.4-latest": "6.3.0.378",
    "1.4.5-latest": "6.4.2.448",
    "1.4.6-latest": "6.5.0.489",
    "1.4.7-latest": "6.6.2.534",
    "1.5-latest": "7.7.0.598",
    "1.5.1-latest": "7.7.2.682",
    "1.5.2-latest": "7.8.1.738",
    "1.5.2-recommended": "7.8.1.738",
    "1.6.1-latest": "8.9.0.775",
    "1.6.2-latest": "9.10.1.871",
    "1.6.2-recommended": "9.10.1.871",
    "1.6.3-latest": "9.11.0.878",
    "1.6.4-latest": "9.11.1.1345",
    "1.6.4-recommended": "9.11.1.1345",
    "1.7.2-latest": "10.12.2.1161",
    "1.7.2-recommended": "10.12.2.1161",
    "1.7.10-latest": "10.13.4.1614",
    "1.7.10-recommended": "10.13.4.1614",
    "1.8-latest": "11.14.4.1577",
    "1.8-recommended": "11.14.4.1563",
    "1.8.8-latest": "11.15.0.1655",
    "1.8.9-latest": "11.15.1.2318",
    "1.8.9-recommended": "11.15.1.2318",
    "1.9-latest": "12.16.1.1938",
    "1.9-recommended": "12.16.1.1887",
    "1.9.4-latest": "12.17.0.2317",
    "1.9.4-recommended": "12.17.0.2317",
    "1.10-latest": "12.18.0.2000",
    "1.10.2-latest": "12.18.3.2511",
    "1.10.2-recommended": "12.18.3.2511",
    "1.11-latest": "13.19.1.2199",
    "1.11-recommended": "13.19.1.2189",
    "1.11.2-latest": "13.20.1.2588",
    "1.11.2-recommended": "13.20.1.2588",
    "1.12-latest": "14.21.1.2443",
    "1.12-recommended": "14.21.1.2387",
    "1.12.1-latest": "14.22.1.2485",
    "1.12.1-recommended": "14.22.1.2478",
    "1.12.2-latest": "14.23.5.2864",
    "1.12.2-recommended": "14.23.5.2859",
    "1.13.2-latest": "25.0.223",
    "1.14.2-latest": "26.0.63",
    "1.14.3-latest": "27.0.60",
    "1.14.4-latest": "28.2.30",
    "1.14.4-recommended": "28.2.26",
    "1.15-latest": "29.0.4",
    "1.15.1-latest": "30.0.51",
    "1.15.2-latest": "31.2.60",
    "1.15.2-recommended": "31.2.57",
    "1.16.1-latest": "32.0.108",
    "1.16.2-latest": "33.0.61",
    "1.16.3-latest": "34.1.42",
    "1.16.3-recommended": "34.1.0",
    "1.16.4-latest": "35.1.37",
    "1.16.4-recommended": "35.1.4",
    "1.16.5-latest": "36.2.42",
    "1.16.5-recommended": "36.2.34",
    "1.17.1-latest": "37.1.1",
    "1.17.1-recommended": "37.1.1",
    "1.18-latest": "38.0.17",
    "1.18.1-latest": "39.1.2",
    "1.18.1-recommended": "39.1.0",
    "1.18.2-recommended": "40.3.0",
    "1.18.2-latest": "40.3.12",
    "1.19-latest": "41.1.0",
    "1.19-recommended": "41.1.0",
    "1.19.1-latest": "42.0.9",
    "1.19.2-recommended": "43.5.0",
    "1.19.2-latest": "43.5.2",
    "1.19.3-latest": "44.1.23",
    "1.19.3-recommended": "44.1.0",
    "1.19.4-recommended": "45.4.0",
    "1.19.4-latest": "45.4.3",
    "1.20-latest": "46.0.14",
    "1.20.1-recommended": "47.4.10",
    "1.20.1-latest": "47.4.20",
    "1.20.2-latest": "48.1.0",
    "1.20.2-recommended": "48.1.0",
    "1.20.3-latest": "49.0.2",
    "1.20.4-latest": "49.2.7",
    "1.20.4-recommended": "49.2.0",
    "1.20.6-latest": "50.2.8",
    "1.20.6-recommended": "50.2.0",
    "1.21-latest": "51.0.33",
    "1.21.1-latest": "52.1.14",
    "1.21.1-recommended": "52.1.0",
    "1.21.3-latest": "53.1.10",
    "1.21.3-recommended": "53.1.0",
    "1.21.4-latest": "54.1.16",
    "1.21.4-recommended": "54.1.14",
    "1.21.5-latest": "55.1.10",
    "1.21.5-recommended": "55.1.0",
    "1.21.6-latest": "56.0.9",
    "1.21.7-latest": "57.0.3",
    "1.21.8-latest": "58.1.18",
    "1.21.8-recommended": "58.1.0",
    "1.21.9-latest": "59.0.5",
    "1.21.10-latest": "60.1.9",
    "1.21.10-recommended": "60.1.0",
    "1.21.11-latest": "61.1.5",
    "1.21.11-recommended": "61.1.0",
    "26.1-latest": "62.0.9",
    "26.1.1-latest": "63.0.2",
    "26.1.2-latest": "64.0.8"
  }
}
[25May2026 10:06:17.333] [Forge Version Check/INFO] [net.minecraftforge.fml.VersionChecker/]: [forge] Found status: AHEAD Current: 47.4.20 Target: null
[25May2026 10:06:17.334] [Forge Version Check/INFO] [net.minecraftforge.fml.VersionChecker/]: [recruits] Starting version check at https://raw.githubusercontent.com/talhanation/recruits/main/update.json
[25May2026 10:06:17.347] [Forge Version Check/DEBUG] [net.minecraftforge.fml.VersionChecker/]: [recruits] Received version check data:
{
  "homepage": "https://www.curseforge.com/minecraft/mc-mods/recruits/files",
  "promos": {
    "1.20.1-recommended": "1.15.0"
  },
  "1.20.1": {
    "1.15.0": "Siege Engineer and Treaties. Performance improvements and bug fixes",
    "1.14.2.3": "Claim and Siege Update: fix crash when siege success, fix hud not shooing attacker faction",
    "1.14.2.2": "Claim and Siege Update: fix cannot recruit from noble villager when needs villager setting is disabled",
    "1.14.2.1": "Claim and Siege Update: fix cannot recruit when no faction",
    "1.14.2": "Claim and Siege Update: Bug fixes and new configs",
    "1.14.1": "Claim and Siege Update: Improved Performance of Worldmap and GUI, fixed crashes",
    "1.14.0": "Claim and Siege Update",
    "1.13.5": "Diplomacy and Performance Update: fixed arrows do not pass through allies, added API stuff",
    "1.13.4": "Diplomacy and Performance Update: improved mutlithreading and target findig, improved command gui",
    "1.13.3": "Diplomacy and Performance Update: improved captain path finding and ship control",
    "1.13.2": "Diplomacy and Performance Update: Fixed messenger, commander and crashes",
    "1.13.1": "Diplomacy and Performance Update: Fixed targeting issue and crashes",
    "1.13.0": "Diplomacy and Performance Update",
    "1.12.2": "added 2 new formations, fixed crashes compatible again with musket mod",
    "1.12.1": "Formation update!, fixed crash and texts",
    "1.12.0": "Formation update!",
    "1.11.5": "fixed compat with small ships and rpgz, fixed arrow flight",
    "1.11.4": "fixed layers not rendering // fixed coprse not spwanng on servers // fixed morale not updating",
    "1.11.3": "fix crashes // improved captain sailor AI",
    "1.11.2": "Companion Part 1 // improved server side performance",
    "1.10.15": "fixed teams related stuff // fixed endermen attack recruits",
    "1.10.14": "fixed hired patrol despawn // fixed team leader can join other teams // fixed performance issues",
    "1.10.13": "fixed crossbowman // fixed team join and leave // fixed melee friendly fire to friendly horses",
    "1.10.12": "fixed crash // fixed recruits disappearing",
    "1.10.11": "major bugfixes // ranged units improvments // config improvments",
    "1.10.10": "fixed recruits get stuck pathfinding // added group disband and group teammate assigning",
    "1.10.9": "added compat to most modded bows // buffed ranged troops // recruits duplication bug when eating // recruit/pillager patrols can spawn in villages // wrong calculation of food nutrition and saturation // ",
    "1.10.8": "fixed recruits are not eating // fixed horse unit recruits pathing // fixed mp bugs // added configs // add indictaions in screens // ",
    "1.10.7.1": "fixed crash in mp // fixed team inspection screen not rendering",
    "1.10.7": "fixed crash in teeam list // fixed log spamm // buffed horse units // added back to mount command // improved recruit follow // "
  }
}
[25May2026 10:06:17.347] [Forge Version Check/INFO] [net.minecraftforge.fml.VersionChecker/]: [recruits] Found status: UP_TO_DATE Current: 1.15.0 Target: null
[25May2026 10:06:17.445] [Render thread/DEBUG] [net.minecraftforge.fml.DeferredWorkQueue/LOADING]: Synchronous work queue completed in 330.5 ms
[25May2026 10:06:17.463] [Worker-Main-15/INFO] [com.raiiiden.warborn.client.compat.autohud.WarbornAutoHudCompat/]: AutoHUD not found — skipping compat.
[25May2026 10:06:17.477] [Worker-Main-8/DEBUG] [Mob Player Animator/]: Loaded me.Thelnfamous1.mobplayeranimator.platform.ForgePlatformHelper@2c7a510d for service interface me.Thelnfamous1.mobplayeranimator.platform.services.IPlatformHelper
[25May2026 10:06:17.568] [Worker-Main-1/DEBUG] [mixin/]: Mixing client.ClientPlayNetworkHandlerMixin from bettercombat.mixins.json into net.minecraft.client.multiplayer.ClientPacketListener
[25May2026 10:06:17.735] [Render thread/DEBUG] [net.minecraftforge.fml.DeferredWorkQueue/LOADING]: Dispatching synchronous work for work queue SIDED_SETUP: 11 jobs
[25May2026 10:06:17.735] [Render thread/INFO] [com.raiiiden.warborn.client.shader.WarbornShaders/]: Registering NVG shader
[25May2026 10:06:17.735] [Render thread/INFO] [com.raiiiden.warborn.client.shader.WarbornShaders/]: Shader ID constants:
[25May2026 10:06:17.737] [Render thread/INFO] [com.raiiiden.warborn.client.shader.WarbornShaders/]:   NVG_SHADER_ID: nvg
[25May2026 10:06:17.737] [Render thread/INFO] [com.raiiiden.warborn.client.shader.WarbornShaders/]:   SIMPLE_NVG_SHADER_ID: snvg
[25May2026 10:06:17.737] [Render thread/INFO] [com.raiiiden.warborn.client.shader.WarbornShaders/]:   DVG_SHADER_ID: dvg
[25May2026 10:06:17.737] [Render thread/INFO] [com.raiiiden.warborn.client.shader.WarbornShaders/]:   TVG_SHADER_ID: tvg
[25May2026 10:06:17.737] [Render thread/INFO] [com.raiiiden.warborn.client.shader.WarbornShaders/]:   GDVG_SHADER_ID: dnvg
[25May2026 10:06:17.746] [Render thread/INFO] [com.raiiiden.warborn.client.shader.WarbornShaders/]: NVG shader registered: true
[25May2026 10:06:17.747] [Render thread/INFO] [com.raiiiden.warborn.client.shader.WarbornShaders/]: Simple NVG shader registered: true
[25May2026 10:06:17.749] [Render thread/INFO] [com.raiiiden.warborn.client.shader.WarbornShaders/]: Digital shader registered: true
[25May2026 10:06:17.751] [Render thread/INFO] [com.raiiiden.warborn.client.shader.WarbornShaders/]: Digital green shader registered: true
[25May2026 10:06:17.751] [Render thread/INFO] [com.raiiiden.warborn.client.shader.WarbornShaders/]: Thermal shader registered: true
[25May2026 10:06:17.751] [Render thread/INFO] [com.raiiiden.warborn.client.shader.WarbornShaders/]: Total registered shaders: 5
[25May2026 10:06:17.751] [Render thread/INFO] [com.raiiiden.warborn.client.shader.WarbornShaders/]: Registered shaders: [dvg, dnvg, tvg, snvg, nvg]
[25May2026 10:06:17.797] [Render thread/INFO] [recruits/]: MenuScreens registered
[25May2026 10:06:17.802] [Render thread/DEBUG] [net.minecraftforge.fml.DeferredWorkQueue/LOADING]: Synchronous work queue completed in 65.60 ms
[25May2026 10:06:18.731] [Worker-Main-7/WARN] [net.minecraft.client.resources.model.ModelManager/]: Missing textures in model fracturepoint:tagilla_molot#inventory:
    minecraft:textures/atlas/blocks.png:minecraft:item/tagilla_molot
[25May2026 10:06:18.839] [Render thread/DEBUG] [net.minecraftforge.fml.DeferredWorkQueue/LOADING]: Dispatching synchronous work for work queue ENQUEUE_IMC: 4 jobs
[25May2026 10:06:18.844] [Render thread/DEBUG] [net.minecraftforge.fml.DeferredWorkQueue/LOADING]: Synchronous work queue completed in 4.073 ms
[25May2026 10:06:18.909] [modloading-worker-0/DEBUG] [net.minecraftforge.registries.GameData/REGISTRIES]: Freezing registries
[25May2026 10:06:18.909] [modloading-worker-0/DEBUG] [net.minecraftforge.registries.ForgeRegistry/REGISTRIES]: Registry minecraft:block Sync: FROZEN -> ACTIVE
[25May2026 10:06:18.917] [modloading-worker-0/DEBUG] [net.minecraftforge.registries.ForgeRegistry/REGISTRIES]: Registry minecraft:fluid Sync: FROZEN -> ACTIVE
[25May2026 10:06:18.917] [modloading-worker-0/DEBUG] [net.minecraftforge.registries.ForgeRegistry/REGISTRIES]: Registry minecraft:item Sync: FROZEN -> ACTIVE
[25May2026 10:06:18.926] [modloading-worker-0/DEBUG] [net.minecraftforge.registries.ForgeRegistry/REGISTRIES]: Registry minecraft:mob_effect Sync: FROZEN -> ACTIVE
[25May2026 10:06:18.926] [modloading-worker-0/DEBUG] [net.minecraftforge.registries.ForgeRegistry/REGISTRIES]: Registry minecraft:sound_event Sync: FROZEN -> ACTIVE
[25May2026 10:06:18.934] [modloading-worker-0/DEBUG] [net.minecraftforge.registries.ForgeRegistry/REGISTRIES]: Registry minecraft:potion Sync: FROZEN -> ACTIVE
[25May2026 10:06:18.934] [modloading-worker-0/DEBUG] [net.minecraftforge.registries.ForgeRegistry/REGISTRIES]: Registry minecraft:enchantment Sync: FROZEN -> ACTIVE
[25May2026 10:06:18.934] [modloading-worker-0/DEBUG] [net.minecraftforge.registries.ForgeRegistry/REGISTRIES]: Registry minecraft:entity_type Sync: FROZEN -> ACTIVE
[25May2026 10:06:18.935] [modloading-worker-0/DEBUG] [net.minecraftforge.registries.ForgeRegistry/REGISTRIES]: Registry minecraft:block_entity_type Sync: FROZEN -> ACTIVE
[25May2026 10:06:18.935] [modloading-worker-0/DEBUG] [net.minecraftforge.registries.ForgeRegistry/REGISTRIES]: Registry minecraft:particle_type Sync: FROZEN -> ACTIVE
[25May2026 10:06:18.936] [modloading-worker-0/DEBUG] [net.minecraftforge.registries.ForgeRegistry/REGISTRIES]: Registry minecraft:menu Sync: FROZEN -> ACTIVE
[25May2026 10:06:18.937] [modloading-worker-0/DEBUG] [net.minecraftforge.registries.ForgeRegistry/REGISTRIES]: Registry minecraft:painting_variant Sync: FROZEN -> ACTIVE
[25May2026 10:06:18.937] [modloading-worker-0/DEBUG] [net.minecraftforge.registries.ForgeRegistry/REGISTRIES]: Registry minecraft:recipe_type Sync: FROZEN -> ACTIVE
[25May2026 10:06:18.937] [modloading-worker-0/DEBUG] [net.minecraftforge.registries.ForgeRegistry/REGISTRIES]: Registry minecraft:recipe_serializer Sync: FROZEN -> ACTIVE
[25May2026 10:06:18.937] [modloading-worker-0/DEBUG] [net.minecraftforge.registries.ForgeRegistry/REGISTRIES]: Registry minecraft:attribute Sync: FROZEN -> ACTIVE
[25May2026 10:06:18.937] [modloading-worker-0/DEBUG] [net.minecraftforge.registries.ForgeRegistry/REGISTRIES]: Registry minecraft:stat_type Sync: FROZEN -> ACTIVE
[25May2026 10:06:18.937] [modloading-worker-0/DEBUG] [net.minecraftforge.registries.ForgeRegistry/REGISTRIES]: Registry minecraft:command_argument_type Sync: FROZEN -> ACTIVE
[25May2026 10:06:18.937] [modloading-worker-0/DEBUG] [net.minecraftforge.registries.ForgeRegistry/REGISTRIES]: Registry minecraft:villager_profession Sync: FROZEN -> ACTIVE
[25May2026 10:06:18.938] [modloading-worker-0/DEBUG] [net.minecraftforge.registries.ForgeRegistry/REGISTRIES]: Registry minecraft:point_of_interest_type Sync: FROZEN -> ACTIVE
[25May2026 10:06:18.939] [modloading-worker-0/DEBUG] [net.minecraftforge.registries.ForgeRegistry/REGISTRIES]: Registry minecraft:memory_module_type Sync: FROZEN -> ACTIVE
[25May2026 10:06:18.939] [modloading-worker-0/DEBUG] [net.minecraftforge.registries.ForgeRegistry/REGISTRIES]: Registry minecraft:sensor_type Sync: FROZEN -> ACTIVE
[25May2026 10:06:18.939] [modloading-worker-0/DEBUG] [net.minecraftforge.registries.ForgeRegistry/REGISTRIES]: Registry minecraft:schedule Sync: FROZEN -> ACTIVE
[25May2026 10:06:18.939] [modloading-worker-0/DEBUG] [net.minecraftforge.registries.ForgeRegistry/REGISTRIES]: Registry minecraft:activity Sync: FROZEN -> ACTIVE
[25May2026 10:06:18.941] [modloading-worker-0/DEBUG] [net.minecraftforge.registries.ForgeRegistry/REGISTRIES]: Registry minecraft:worldgen/carver Sync: FROZEN -> ACTIVE
[25May2026 10:06:18.941] [modloading-worker-0/DEBUG] [net.minecraftforge.registries.ForgeRegistry/REGISTRIES]: Registry minecraft:worldgen/feature Sync: FROZEN -> ACTIVE
[25May2026 10:06:18.941] [modloading-worker-0/DEBUG] [net.minecraftforge.registries.ForgeRegistry/REGISTRIES]: Registry minecraft:chunk_status Sync: FROZEN -> ACTIVE
[25May2026 10:06:18.941] [modloading-worker-0/DEBUG] [net.minecraftforge.registries.ForgeRegistry/REGISTRIES]: Registry minecraft:worldgen/block_state_provider_type Sync: FROZEN -> ACTIVE
[25May2026 10:06:18.941] [modloading-worker-0/DEBUG] [net.minecraftforge.registries.ForgeRegistry/REGISTRIES]: Registry minecraft:worldgen/foliage_placer_type Sync: FROZEN -> ACTIVE
[25May2026 10:06:18.941] [modloading-worker-0/DEBUG] [net.minecraftforge.registries.ForgeRegistry/REGISTRIES]: Registry minecraft:worldgen/tree_decorator_type Sync: FROZEN -> ACTIVE
[25May2026 10:06:18.941] [modloading-worker-0/DEBUG] [net.minecraftforge.registries.ForgeRegistry/REGISTRIES]: Registry minecraft:worldgen/biome Sync: FROZEN -> ACTIVE
[25May2026 10:06:18.941] [modloading-worker-0/DEBUG] [net.minecraftforge.registries.ForgeRegistry/REGISTRIES]: Registry forge:entity_data_serializers Sync: FROZEN -> ACTIVE
[25May2026 10:06:18.941] [modloading-worker-0/DEBUG] [net.minecraftforge.registries.ForgeRegistry/REGISTRIES]: Registry forge:global_loot_modifier_serializers Sync: FROZEN -> ACTIVE
[25May2026 10:06:18.941] [modloading-worker-0/DEBUG] [net.minecraftforge.registries.ForgeRegistry/REGISTRIES]: Registry forge:biome_modifier_serializers Sync: FROZEN -> ACTIVE
[25May2026 10:06:18.942] [modloading-worker-0/DEBUG] [net.minecraftforge.registries.ForgeRegistry/REGISTRIES]: Registry forge:fluid_type Sync: FROZEN -> ACTIVE
[25May2026 10:06:18.942] [modloading-worker-0/DEBUG] [net.minecraftforge.registries.ForgeRegistry/REGISTRIES]: Registry forge:structure_modifier_serializers Sync: FROZEN -> ACTIVE
[25May2026 10:06:18.942] [modloading-worker-0/DEBUG] [net.minecraftforge.registries.ForgeRegistry/REGISTRIES]: Registry forge:holder_set_type Sync: FROZEN -> ACTIVE
[25May2026 10:06:18.942] [modloading-worker-0/DEBUG] [net.minecraftforge.registries.ForgeRegistry/REGISTRIES]: Registry forge:display_contexts Sync: FROZEN -> ACTIVE
[25May2026 10:06:19.630] [modloading-worker-0/DEBUG] [net.minecraftforge.registries.GameData/REGISTRIES]: All registries frozen
[25May2026 10:06:19.673] [Render thread/DEBUG] [net.minecraftforge.common.ForgeI18n/CORE]: Loading I18N data entries: 7868
[25May2026 10:06:19.690] [Render thread/WARN] [net.minecraft.client.sounds.SoundEngine/]: Missing sound for event: minecraft:item.goat_horn.play
[25May2026 10:06:19.690] [Render thread/WARN] [net.minecraft.client.sounds.SoundEngine/]: Missing sound for event: minecraft:entity.goat.screaming.horn_break
[25May2026 10:06:19.771] [Render thread/INFO] [com.mojang.blaze3d.audio.Library/]: OpenAL initialized on device OpenAL Soft on Speakers (Razer Nari Essential)
[25May2026 10:06:19.772] [Render thread/INFO] [net.minecraft.client.sounds.SoundEngine/SOUNDS]: Sound engine started
[25May2026 10:06:19.858] [Render thread/INFO] [net.minecraft.client.renderer.texture.TextureAtlas/]: Created: 4096x4096x4 minecraft:textures/atlas/blocks.png-atlas
[25May2026 10:06:19.952] [Render thread/INFO] [net.minecraft.client.renderer.texture.TextureAtlas/]: Created: 256x256x4 minecraft:textures/atlas/signs.png-atlas
[25May2026 10:06:19.952] [Render thread/INFO] [net.minecraft.client.renderer.texture.TextureAtlas/]: Created: 512x512x4 minecraft:textures/atlas/shield_patterns.png-atlas
[25May2026 10:06:19.953] [Render thread/INFO] [net.minecraft.client.renderer.texture.TextureAtlas/]: Created: 512x512x4 minecraft:textures/atlas/banner_patterns.png-atlas
[25May2026 10:06:19.953] [Render thread/INFO] [net.minecraft.client.renderer.texture.TextureAtlas/]: Created: 1024x1024x4 minecraft:textures/atlas/armor_trims.png-atlas
[25May2026 10:06:19.957] [Render thread/INFO] [net.minecraft.client.renderer.texture.TextureAtlas/]: Created: 256x256x4 minecraft:textures/atlas/chest.png-atlas
[25May2026 10:06:19.960] [Render thread/INFO] [net.minecraft.client.renderer.texture.TextureAtlas/]: Created: 128x64x4 minecraft:textures/atlas/decorated_pot.png-atlas
[25May2026 10:06:19.961] [Render thread/INFO] [net.minecraft.client.renderer.texture.TextureAtlas/]: Created: 512x256x4 minecraft:textures/atlas/shulker_boxes.png-atlas
[25May2026 10:06:19.961] [Render thread/INFO] [net.minecraft.client.renderer.texture.TextureAtlas/]: Created: 512x256x4 minecraft:textures/atlas/beds.png-atlas
[25May2026 10:06:19.970] [Render thread/DEBUG] [mixin/]: Mixing client.PiglinModelMixin from mobplayeranimator.mixins.json into net.minecraft.client.model.PiglinModel
[25May2026 10:06:20.001] [Render thread/DEBUG] [mixin/]: Mixing client.PlayerModelMixin from fracturepoint.mixins.json into net.minecraft.client.model.PlayerModel
[25May2026 10:06:20.003] [Render thread/DEBUG] [mixin/]: Mixing client.PlayerModelMixin from tacz.mixins.json into net.minecraft.client.model.PlayerModel
[25May2026 10:06:20.003] [Render thread/DEBUG] [mixin/]: Mixing client.PlayerModelMixin from simplebedrockmodel.mixins.json into net.minecraft.client.model.PlayerModel
[25May2026 10:06:20.004] [Render thread/DEBUG] [mixin/]: simplebedrockmodel.mixins.json:client.PlayerModelMixin: Class version 61 required is higher than the class version supported by the current version of Mixin (JAVA_8 supports class version 52)
[25May2026 10:06:20.004] [Render thread/DEBUG] [mixin/]: Mixing client.PlayerModelMixin_Mob from mobplayeranimator.mixins.json into net.minecraft.client.model.PlayerModel
[25May2026 10:06:20.004] [Render thread/DEBUG] [mixin/]: Mixing PlayerModelMixin from playerAnimator-common.mixins.json into net.minecraft.client.model.PlayerModel
[25May2026 10:06:20.004] [Render thread/DEBUG] [mixin/]: playerAnimator-common.mixins.json:PlayerModelMixin: Class version 61 required is higher than the class version supported by the current version of Mixin (JAVA_16 supports class version 60)
[25May2026 10:06:20.053] [Render thread/DEBUG] [mixin/]: Mixing ModelPartMixin from playerAnimator-common.mixins.json into net.minecraft.client.model.geom.ModelPart
[25May2026 10:06:20.053] [Render thread/DEBUG] [mixin/]: playerAnimator-common.mixins.json:ModelPartMixin: Class version 61 required is higher than the class version supported by the current version of Mixin (JAVA_16 supports class version 60)
[25May2026 10:06:20.054] [Render thread/DEBUG] [mixin/]: Mixing client.ModelPartAccessor from mobplayeranimator.mixins.json into net.minecraft.client.model.geom.ModelPart
[25May2026 10:06:20.138] [Render thread/WARN] [net.minecraft.client.renderer.ShaderInstance/]: Shader rendertype_entity_translucent_emissive could not find sampler named Sampler2 in the specified shader program.
[25May2026 10:06:20.190] [Render thread/INFO] [net.minecraft.client.renderer.texture.TextureAtlas/]: Created: 256x256x0 minecraft:textures/atlas/particles.png-atlas
[25May2026 10:06:20.192] [Render thread/INFO] [net.minecraft.client.renderer.texture.TextureAtlas/]: Created: 256x256x0 minecraft:textures/atlas/paintings.png-atlas
[25May2026 10:06:20.193] [Render thread/INFO] [net.minecraft.client.renderer.texture.TextureAtlas/]: Created: 128x128x0 minecraft:textures/atlas/mob_effects.png-atlas
[25May2026 10:06:23.030] [Realms Notification Availability checker #1/INFO] [com.mojang.realmsclient.client.RealmsClient/]: Could not authorize you against Realms server: java.lang.RuntimeException: Failed to parse into SignedJWT: 0
[25May2026 10:06:26.050] [Render thread/WARN] [net.minecraftforge.common.ForgeHooks/WP]: The following mods have version differences that were not resolved:
mixinextras (version 0.3.6 -> 0.4.1)
Things may not work well.
[25May2026 10:06:26.059] [Render thread/INFO] [net.minecraftforge.registries.GameData/REGISTRIES]: Injecting existing registry data into this CLIENT instance
[25May2026 10:06:26.072] [Render thread/DEBUG] [net.minecraftforge.registries.ForgeRegistry/REGISTRIES]: Registry minecraft:block: Fixed minecraft:block id mismatch recruits:bowman_block: 1012 (init) -> 1010 (map).
[25May2026 10:06:26.072] [Render thread/DEBUG] [net.minecraftforge.registries.ForgeRegistry/REGISTRIES]: Registry minecraft:block: Fixed minecraft:block id mismatch recruits:crossbowman_block: 1014 (init) -> 1012 (map).
[25May2026 10:06:26.073] [Render thread/DEBUG] [net.minecraftforge.registries.ForgeRegistry/REGISTRIES]: Registry minecraft:block: Fixed minecraft:block id mismatch recruits:horseman_block: 1015 (init) -> 1013 (map).
[25May2026 10:06:26.073] [Render thread/DEBUG] [net.minecraftforge.registries.ForgeRegistry/REGISTRIES]: Registry minecraft:block: Fixed minecraft:block id mismatch recruits:nomad_block: 1013 (init) -> 1011 (map).
[25May2026 10:06:26.073] [Render thread/DEBUG] [net.minecraftforge.registries.ForgeRegistry/REGISTRIES]: Registry minecraft:block: Fixed minecraft:block id mismatch recruits:recruit_block: 1011 (init) -> 1009 (map).
[25May2026 10:06:26.073] [Render thread/DEBUG] [net.minecraftforge.registries.ForgeRegistry/REGISTRIES]: Registry minecraft:block: Fixed minecraft:block id mismatch recruits:recruit_shield_block: 1016 (init) -> 1014 (map).
[25May2026 10:06:26.073] [Render thread/DEBUG] [net.minecraftforge.registries.ForgeRegistry/REGISTRIES]: Registry minecraft:block: Fixed minecraft:block id mismatch tacz:gun_smith_table: 1005 (init) -> 1003 (map).
[25May2026 10:06:26.073] [Render thread/DEBUG] [net.minecraftforge.registries.ForgeRegistry/REGISTRIES]: Registry minecraft:block: Fixed minecraft:block id mismatch tacz:statue: 1010 (init) -> 1008 (map).
[25May2026 10:06:26.073] [Render thread/DEBUG] [net.minecraftforge.registries.ForgeRegistry/REGISTRIES]: Registry minecraft:block: Fixed minecraft:block id mismatch tacz:target: 1009 (init) -> 1007 (map).
[25May2026 10:06:26.073] [Render thread/DEBUG] [net.minecraftforge.registries.ForgeRegistry/REGISTRIES]: Registry minecraft:block: Fixed minecraft:block id mismatch tacz:workbench_a: 1006 (init) -> 1004 (map).
[25May2026 10:06:26.073] [Render thread/DEBUG] [net.minecraftforge.registries.ForgeRegistry/REGISTRIES]: Registry minecraft:block: Fixed minecraft:block id mismatch tacz:workbench_b: 1007 (init) -> 1005 (map).
[25May2026 10:06:26.073] [Render thread/DEBUG] [net.minecraftforge.registries.ForgeRegistry/REGISTRIES]: Registry minecraft:block: Fixed minecraft:block id mismatch tacz:workbench_c: 1008 (init) -> 1006 (map).
[25May2026 10:06:26.073] [Render thread/DEBUG] [net.minecraftforge.registries.ForgeRegistry/REGISTRIES]: Registry minecraft:entity_type: Fixed minecraft:entity_type id mismatch recruits:bowman: 136 (init) -> 128 (map).
[25May2026 10:06:26.073] [Render thread/DEBUG] [net.minecraftforge.registries.ForgeRegistry/REGISTRIES]: Registry minecraft:entity_type: Fixed minecraft:entity_type id mismatch recruits:captain: 143 (init) -> 135 (map).
[25May2026 10:06:26.073] [Render thread/DEBUG] [net.minecraftforge.registries.ForgeRegistry/REGISTRIES]: Registry minecraft:entity_type: Fixed minecraft:entity_type id mismatch recruits:crossbowman: 137 (init) -> 129 (map).
[25May2026 10:06:26.073] [Render thread/DEBUG] [net.minecraftforge.registries.ForgeRegistry/REGISTRIES]: Registry minecraft:entity_type: Fixed minecraft:entity_type id mismatch recruits:horseman: 139 (init) -> 131 (map).
[25May2026 10:06:26.073] [Render thread/DEBUG] [net.minecraftforge.registries.ForgeRegistry/REGISTRIES]: Registry minecraft:entity_type: Fixed minecraft:entity_type id mismatch recruits:messenger: 140 (init) -> 132 (map).
[25May2026 10:06:26.073] [Render thread/DEBUG] [net.minecraftforge.registries.ForgeRegistry/REGISTRIES]: Registry minecraft:entity_type: Fixed minecraft:entity_type id mismatch recruits:nomad: 138 (init) -> 130 (map).
[25May2026 10:06:26.073] [Render thread/DEBUG] [net.minecraftforge.registries.ForgeRegistry/REGISTRIES]: Registry minecraft:entity_type: Fixed minecraft:entity_type id mismatch recruits:patrol_leader: 142 (init) -> 134 (map).
[25May2026 10:06:26.073] [Render thread/DEBUG] [net.minecraftforge.registries.ForgeRegistry/REGISTRIES]: Registry minecraft:entity_type: Fixed minecraft:entity_type id mismatch recruits:recruit: 134 (init) -> 126 (map).
[25May2026 10:06:26.073] [Render thread/DEBUG] [net.minecraftforge.registries.ForgeRegistry/REGISTRIES]: Registry minecraft:entity_type: Fixed minecraft:entity_type id mismatch recruits:recruit_shieldman: 135 (init) -> 127 (map).
[25May2026 10:06:26.073] [Render thread/DEBUG] [net.minecraftforge.registries.ForgeRegistry/REGISTRIES]: Registry minecraft:entity_type: Fixed minecraft:entity_type id mismatch recruits:scout: 141 (init) -> 133 (map).
[25May2026 10:06:26.073] [Render thread/DEBUG] [net.minecraftforge.registries.ForgeRegistry/REGISTRIES]: Registry minecraft:entity_type: Fixed minecraft:entity_type id mismatch recruits:siege_engineer: 145 (init) -> 137 (map).
[25May2026 10:06:26.073] [Render thread/DEBUG] [net.minecraftforge.registries.ForgeRegistry/REGISTRIES]: Registry minecraft:entity_type: Fixed minecraft:entity_type id mismatch recruits:villager_noble: 144 (init) -> 136 (map).
[25May2026 10:06:26.073] [Render thread/DEBUG] [net.minecraftforge.registries.ForgeRegistry/REGISTRIES]: Registry minecraft:entity_type: Fixed minecraft:entity_type id mismatch tacz:bullet: 132 (init) -> 124 (map).
[25May2026 10:06:26.073] [Render thread/DEBUG] [net.minecraftforge.registries.ForgeRegistry/REGISTRIES]: Registry minecraft:entity_type: Fixed minecraft:entity_type id mismatch tacz:target_minecart: 133 (init) -> 125 (map).
[25May2026 10:06:26.079] [Render thread/DEBUG] [net.minecraftforge.registries.ForgeRegistry/REGISTRIES]: Registry minecraft:item: Fixed minecraft:item id mismatch recruits:bowman_block: 1378 (init) -> 1274 (map).
[25May2026 10:06:26.079] [Render thread/DEBUG] [net.minecraftforge.registries.ForgeRegistry/REGISTRIES]: Registry minecraft:item: Fixed minecraft:item id mismatch recruits:bowman_spawn_egg: 1371 (init) -> 1267 (map).
[25May2026 10:06:26.079] [Render thread/DEBUG] [net.minecraftforge.registries.ForgeRegistry/REGISTRIES]: Registry minecraft:item: Fixed minecraft:item id mismatch recruits:crossbowman_block: 1380 (init) -> 1276 (map).
[25May2026 10:06:26.079] [Render thread/DEBUG] [net.minecraftforge.registries.ForgeRegistry/REGISTRIES]: Registry minecraft:item: Fixed minecraft:item id mismatch recruits:crossbowman_spawn_egg: 1375 (init) -> 1271 (map).
[25May2026 10:06:26.079] [Render thread/DEBUG] [net.minecraftforge.registries.ForgeRegistry/REGISTRIES]: Registry minecraft:item: Fixed minecraft:item id mismatch recruits:horseman_block: 1381 (init) -> 1277 (map).
[25May2026 10:06:26.079] [Render thread/DEBUG] [net.minecraftforge.registries.ForgeRegistry/REGISTRIES]: Registry minecraft:item: Fixed minecraft:item id mismatch recruits:horseman_spawn_egg: 1374 (init) -> 1270 (map).
[25May2026 10:06:26.079] [Render thread/DEBUG] [net.minecraftforge.registries.ForgeRegistry/REGISTRIES]: Registry minecraft:item: Fixed minecraft:item id mismatch recruits:nomad_block: 1382 (init) -> 1278 (map).
[25May2026 10:06:26.079] [Render thread/DEBUG] [net.minecraftforge.registries.ForgeRegistry/REGISTRIES]: Registry minecraft:item: Fixed minecraft:item id mismatch recruits:nomad_spawn_egg: 1372 (init) -> 1268 (map).
[25May2026 10:06:26.079] [Render thread/DEBUG] [net.minecraftforge.registries.ForgeRegistry/REGISTRIES]: Registry minecraft:item: Fixed minecraft:item id mismatch recruits:recruit_block: 1377 (init) -> 1273 (map).
[25May2026 10:06:26.079] [Render thread/DEBUG] [net.minecraftforge.registries.ForgeRegistry/REGISTRIES]: Registry minecraft:item: Fixed minecraft:item id mismatch recruits:recruit_shield_block: 1379 (init) -> 1275 (map).
[25May2026 10:06:26.079] [Render thread/DEBUG] [net.minecraftforge.registries.ForgeRegistry/REGISTRIES]: Registry minecraft:item: Fixed minecraft:item id mismatch recruits:recruit_shieldman_spawn_egg: 1373 (init) -> 1269 (map).
[25May2026 10:06:26.079] [Render thread/DEBUG] [net.minecraftforge.registries.ForgeRegistry/REGISTRIES]: Registry minecraft:item: Fixed minecraft:item id mismatch recruits:recruit_spawn_egg: 1370 (init) -> 1266 (map).
[25May2026 10:06:26.079] [Render thread/DEBUG] [net.minecraftforge.registries.ForgeRegistry/REGISTRIES]: Registry minecraft:item: Fixed minecraft:item id mismatch recruits:villager_noble_spawn_egg: 1376 (init) -> 1272 (map).
[25May2026 10:06:26.079] [Render thread/DEBUG] [net.minecraftforge.registries.ForgeRegistry/REGISTRIES]: Registry minecraft:item: Fixed minecraft:item id mismatch tacz:ammo: 1360 (init) -> 1256 (map).
[25May2026 10:06:26.079] [Render thread/DEBUG] [net.minecraftforge.registries.ForgeRegistry/REGISTRIES]: Registry minecraft:item: Fixed minecraft:item id mismatch tacz:ammo_box: 1368 (init) -> 1264 (map).
[25May2026 10:06:26.079] [Render thread/DEBUG] [net.minecraftforge.registries.ForgeRegistry/REGISTRIES]: Registry minecraft:item: Fixed minecraft:item id mismatch tacz:attachment: 1361 (init) -> 1257 (map).
[25May2026 10:06:26.079] [Render thread/DEBUG] [net.minecraftforge.registries.ForgeRegistry/REGISTRIES]: Registry minecraft:item: Fixed minecraft:item id mismatch tacz:gun_smith_table: 1362 (init) -> 1258 (map).
[25May2026 10:06:26.079] [Render thread/DEBUG] [net.minecraftforge.registries.ForgeRegistry/REGISTRIES]: Registry minecraft:item: Fixed minecraft:item id mismatch tacz:modern_kinetic_gun: 1359 (init) -> 1255 (map).
[25May2026 10:06:26.079] [Render thread/DEBUG] [net.minecraftforge.registries.ForgeRegistry/REGISTRIES]: Registry minecraft:item: Fixed minecraft:item id mismatch tacz:statue: 1367 (init) -> 1263 (map).
[25May2026 10:06:26.079] [Render thread/DEBUG] [net.minecraftforge.registries.ForgeRegistry/REGISTRIES]: Registry minecraft:item: Fixed minecraft:item id mismatch tacz:target: 1366 (init) -> 1262 (map).
[25May2026 10:06:26.079] [Render thread/DEBUG] [net.minecraftforge.registries.ForgeRegistry/REGISTRIES]: Registry minecraft:item: Fixed minecraft:item id mismatch tacz:target_minecart: 1369 (init) -> 1265 (map).
[25May2026 10:06:26.079] [Render thread/DEBUG] [net.minecraftforge.registries.ForgeRegistry/REGISTRIES]: Registry minecraft:item: Fixed minecraft:item id mismatch tacz:workbench_a: 1363 (init) -> 1259 (map).
[25May2026 10:06:26.079] [Render thread/DEBUG] [net.minecraftforge.registries.ForgeRegistry/REGISTRIES]: Registry minecraft:item: Fixed minecraft:item id mismatch tacz:workbench_b: 1364 (init) -> 1260 (map).
[25May2026 10:06:26.079] [Render thread/DEBUG] [net.minecraftforge.registries.ForgeRegistry/REGISTRIES]: Registry minecraft:item: Fixed minecraft:item id mismatch tacz:workbench_c: 1365 (init) -> 1261 (map).
[25May2026 10:06:26.081] [Render thread/DEBUG] [net.minecraftforge.registries.ForgeRegistry/REGISTRIES]: Registry minecraft:sound_event: Fixed minecraft:sound_event id mismatch bettercombat:anchor_slam: 1482 (init) -> 1476 (map).
[25May2026 10:06:26.081] [Render thread/DEBUG] [net.minecraftforge.registries.ForgeRegistry/REGISTRIES]: Registry minecraft:sound_event: Fixed minecraft:sound_event id mismatch bettercombat:axe_slash: 1483 (init) -> 1477 (map).
[25May2026 10:06:26.081] [Render thread/DEBUG] [net.minecraftforge.registries.ForgeRegistry/REGISTRIES]: Registry minecraft:sound_event: Fixed minecraft:sound_event id mismatch bettercombat:claymore_slam: 1486 (init) -> 1480 (map).
[25May2026 10:06:26.081] [Render thread/DEBUG] [net.minecraftforge.registries.ForgeRegistry/REGISTRIES]: Registry minecraft:sound_event: Fixed minecraft:sound_event id mismatch bettercombat:claymore_stab: 1485 (init) -> 1479 (map).
[25May2026 10:06:26.081] [Render thread/DEBUG] [net.minecraftforge.registries.ForgeRegistry/REGISTRIES]: Registry minecraft:sound_event: Fixed minecraft:sound_event id mismatch bettercombat:claymore_swing: 1484 (init) -> 1478 (map).
[25May2026 10:06:26.081] [Render thread/DEBUG] [net.minecraftforge.registries.ForgeRegistry/REGISTRIES]: Registry minecraft:sound_event: Fixed minecraft:sound_event id mismatch bettercombat:dagger_slash: 1487 (init) -> 1481 (map).
[25May2026 10:06:26.081] [Render thread/DEBUG] [net.minecraftforge.registries.ForgeRegistry/REGISTRIES]: Registry minecraft:sound_event: Fixed minecraft:sound_event id mismatch bettercombat:double_axe_swing: 1488 (init) -> 1482 (map).
[25May2026 10:06:26.081] [Render thread/DEBUG] [net.minecraftforge.registries.ForgeRegistry/REGISTRIES]: Registry minecraft:sound_event: Fixed minecraft:sound_event id mismatch bettercombat:fist_punch: 1489 (init) -> 1483 (map).
[25May2026 10:06:26.081] [Render thread/DEBUG] [net.minecraftforge.registries.ForgeRegistry/REGISTRIES]: Registry minecraft:sound_event: Fixed minecraft:sound_event id mismatch bettercombat:glaive_slash_quick: 1490 (init) -> 1484 (map).
[25May2026 10:06:26.081] [Render thread/DEBUG] [net.minecraftforge.registries.ForgeRegistry/REGISTRIES]: Registry minecraft:sound_event: Fixed minecraft:sound_event id mismatch bettercombat:glaive_slash_slow: 1491 (init) -> 1485 (map).
[25May2026 10:06:26.081] [Render thread/DEBUG] [net.minecraftforge.registries.ForgeRegistry/REGISTRIES]: Registry minecraft:sound_event: Fixed minecraft:sound_event id mismatch bettercombat:hammer_slam: 1492 (init) -> 1486 (map).
[25May2026 10:06:26.081] [Render thread/DEBUG] [net.minecraftforge.registries.ForgeRegistry/REGISTRIES]: Registry minecraft:sound_event: Fixed minecraft:sound_event id mismatch bettercombat:katana_slash: 1493 (init) -> 1487 (map).
[25May2026 10:06:26.081] [Render thread/DEBUG] [net.minecraftforge.registries.ForgeRegistry/REGISTRIES]: Registry minecraft:sound_event: Fixed minecraft:sound_event id mismatch bettercombat:mace_slam: 1494 (init) -> 1488 (map).
[25May2026 10:06:26.081] [Render thread/DEBUG] [net.minecraftforge.registries.ForgeRegistry/REGISTRIES]: Registry minecraft:sound_event: Fixed minecraft:sound_event id mismatch bettercombat:mace_slash: 1495 (init) -> 1489 (map).
[25May2026 10:06:26.081] [Render thread/DEBUG] [net.minecraftforge.registries.ForgeRegistry/REGISTRIES]: Registry minecraft:sound_event: Fixed minecraft:sound_event id mismatch bettercombat:pickaxe_swing: 1496 (init) -> 1490 (map).
[25May2026 10:06:26.081] [Render thread/DEBUG] [net.minecraftforge.registries.ForgeRegistry/REGISTRIES]: Registry minecraft:sound_event: Fixed minecraft:sound_event id mismatch bettercombat:rapier_slash: 1497 (init) -> 1491 (map).
[25May2026 10:06:26.081] [Render thread/DEBUG] [net.minecraftforge.registries.ForgeRegistry/REGISTRIES]: Registry minecraft:sound_event: Fixed minecraft:sound_event id mismatch bettercombat:rapier_stab: 1498 (init) -> 1492 (map).
[25May2026 10:06:26.081] [Render thread/DEBUG] [net.minecraftforge.registries.ForgeRegistry/REGISTRIES]: Registry minecraft:sound_event: Fixed minecraft:sound_event id mismatch bettercombat:scythe_slash: 1499 (init) -> 1493 (map).
[25May2026 10:06:26.081] [Render thread/DEBUG] [net.minecraftforge.registries.ForgeRegistry/REGISTRIES]: Registry minecraft:sound_event: Fixed minecraft:sound_event id mismatch bettercombat:sickle_slash: 1505 (init) -> 1499 (map).
[25May2026 10:06:26.081] [Render thread/DEBUG] [net.minecraftforge.registries.ForgeRegistry/REGISTRIES]: Registry minecraft:sound_event: Fixed minecraft:sound_event id mismatch bettercombat:spear_stab: 1500 (init) -> 1494 (map).
[25May2026 10:06:26.081] [Render thread/DEBUG] [net.minecraftforge.registries.ForgeRegistry/REGISTRIES]: Registry minecraft:sound_event: Fixed minecraft:sound_event id mismatch bettercombat:staff_slam: 1501 (init) -> 1495 (map).
[25May2026 10:06:26.081] [Render thread/DEBUG] [net.minecraftforge.registries.ForgeRegistry/REGISTRIES]: Registry minecraft:sound_event: Fixed minecraft:sound_event id mismatch bettercombat:staff_slash: 1502 (init) -> 1496 (map).
[25May2026 10:06:26.081] [Render thread/DEBUG] [net.minecraftforge.registries.ForgeRegistry/REGISTRIES]: Registry minecraft:sound_event: Fixed minecraft:sound_event id mismatch bettercombat:staff_spin: 1503 (init) -> 1497 (map).
[25May2026 10:06:26.081] [Render thread/DEBUG] [net.minecraftforge.registries.ForgeRegistry/REGISTRIES]: Registry minecraft:sound_event: Fixed minecraft:sound_event id mismatch bettercombat:staff_stab: 1504 (init) -> 1498 (map).
[25May2026 10:06:26.081] [Render thread/DEBUG] [net.minecraftforge.registries.ForgeRegistry/REGISTRIES]: Registry minecraft:sound_event: Fixed minecraft:sound_event id mismatch bettercombat:sword_slash: 1506 (init) -> 1500 (map).
[25May2026 10:06:26.081] [Render thread/DEBUG] [net.minecraftforge.registries.ForgeRegistry/REGISTRIES]: Registry minecraft:sound_event: Fixed minecraft:sound_event id mismatch bettercombat:wand_swing: 1507 (init) -> 1501 (map).
[25May2026 10:06:26.085] [Render thread/DEBUG] [net.minecraftforge.registries.ForgeRegistry/REGISTRIES]: Registry minecraft:sound_event: Fixed minecraft:sound_event id mismatch tacz:gun: 1480 (init) -> 1474 (map).
[25May2026 10:06:26.085] [Render thread/DEBUG] [net.minecraftforge.registries.ForgeRegistry/REGISTRIES]: Registry minecraft:sound_event: Fixed minecraft:sound_event id mismatch tacz:target_block_hit: 1481 (init) -> 1475 (map).
[25May2026 10:06:26.089] [Render thread/WARN] [net.minecraftforge.registries.ForgeRegistry/REGISTRIES]: Registry minecraft:block: Object did not get ID it asked for. Name: geckolib:gecko_habitat Expected: 1003 Got: 1015
[25May2026 10:06:26.089] [Render thread/WARN] [net.minecraftforge.registries.ForgeRegistry/REGISTRIES]: Registry minecraft:block: Object did not get ID it asked for. Name: geckolib:fertilizer Expected: 1004 Got: 1016
[25May2026 10:06:26.090] [Render thread/WARN] [net.minecraftforge.registries.ForgeRegistry/REGISTRIES]: Registry minecraft:item: Object did not get ID it asked for. Name: fracturepoint:ru_helmet Expected: 1255 Got: 1279
[25May2026 10:06:26.090] [Render thread/WARN] [net.minecraftforge.registries.ForgeRegistry/REGISTRIES]: Registry minecraft:item: Object did not get ID it asked for. Name: fracturepoint:shturmovik_ru_chestplate Expected: 1256 Got: 1280
[25May2026 10:06:26.090] [Render thread/WARN] [net.minecraftforge.registries.ForgeRegistry/REGISTRIES]: Registry minecraft:item: Object did not get ID it asked for. Name: fracturepoint:shturmovikv2_chestplate Expected: 1257 Got: 1281
[25May2026 10:06:26.090] [Render thread/WARN] [net.minecraftforge.registries.ForgeRegistry/REGISTRIES]: Registry minecraft:item: Object did not get ID it asked for. Name: fracturepoint:razvetchik_chestplate Expected: 1258 Got: 1282
[25May2026 10:06:26.090] [Render thread/WARN] [net.minecraftforge.registries.ForgeRegistry/REGISTRIES]: Registry minecraft:item: Object did not get ID it asked for. Name: fracturepoint:mashinegunner_ru_chestplate Expected: 1259 Got: 1283
[25May2026 10:06:26.090] [Render thread/WARN] [net.minecraftforge.registries.ForgeRegistry/REGISTRIES]: Registry minecraft:item: Object did not get ID it asked for. Name: fracturepoint:ru_shoulderpads Expected: 1260 Got: 1284
[25May2026 10:06:26.090] [Render thread/WARN] [net.minecraftforge.registries.ForgeRegistry/REGISTRIES]: Registry minecraft:item: Object did not get ID it asked for. Name: fracturepoint:squad_lider_ru_chestplate Expected: 1261 Got: 1285
[25May2026 10:06:26.090] [Render thread/WARN] [net.minecraftforge.registries.ForgeRegistry/REGISTRIES]: Registry minecraft:item: Object did not get ID it asked for. Name: fracturepoint:squad_lider_ru_backpack Expected: 1262 Got: 1286
[25May2026 10:06:26.090] [Render thread/WARN] [net.minecraftforge.registries.ForgeRegistry/REGISTRIES]: Registry minecraft:item: Object did not get ID it asked for. Name: fracturepoint:shturmovik_ru_backpack Expected: 1263 Got: 1287
[25May2026 10:06:26.090] [Render thread/WARN] [net.minecraftforge.registries.ForgeRegistry/REGISTRIES]: Registry minecraft:item: Object did not get ID it asked for. Name: fracturepoint:nato_sqad_leader_helmet Expected: 1264 Got: 1288
[25May2026 10:06:26.090] [Render thread/WARN] [net.minecraftforge.registries.ForgeRegistry/REGISTRIES]: Registry minecraft:item: Object did not get ID it asked for. Name: fracturepoint:nato_sqad_leader_chestplate Expected: 1265 Got: 1289
[25May2026 10:06:26.090] [Render thread/WARN] [net.minecraftforge.registries.ForgeRegistry/REGISTRIES]: Registry minecraft:item: Object did not get ID it asked for. Name: fracturepoint:nato_sqad_leader_backpack Expected: 1266 Got: 1290
[25May2026 10:06:26.090] [Render thread/WARN] [net.minecraftforge.registries.ForgeRegistry/REGISTRIES]: Registry minecraft:item: Object did not get ID it asked for. Name: fracturepoint:nato_shoulderpads Expected: 1267 Got: 1291
[25May2026 10:06:26.090] [Render thread/WARN] [net.minecraftforge.registries.ForgeRegistry/REGISTRIES]: Registry minecraft:item: Object did not get ID it asked for. Name: fracturepoint:nato_ukr_helmet Expected: 1268 Got: 1292
[25May2026 10:06:26.090] [Render thread/WARN] [net.minecraftforge.registries.ForgeRegistry/REGISTRIES]: Registry minecraft:item: Object did not get ID it asked for. Name: fracturepoint:nato_ukr_chestplate Expected: 1269 Got: 1293
[25May2026 10:06:26.090] [Render thread/WARN] [net.minecraftforge.registries.ForgeRegistry/REGISTRIES]: Registry minecraft:item: Object did not get ID it asked for. Name: fracturepoint:nato_shturmovik2_chestplate Expected: 1270 Got: 1294
[25May2026 10:06:26.090] [Render thread/WARN] [net.minecraftforge.registries.ForgeRegistry/REGISTRIES]: Registry minecraft:item: Object did not get ID it asked for. Name: fracturepoint:nato_helmet Expected: 1271 Got: 1295
[25May2026 10:06:26.090] [Render thread/WARN] [net.minecraftforge.registries.ForgeRegistry/REGISTRIES]: Registry minecraft:item: Object did not get ID it asked for. Name: fracturepoint:nato_shturmovik_chestplate Expected: 1272 Got: 1296
[25May2026 10:06:26.090] [Render thread/WARN] [net.minecraftforge.registries.ForgeRegistry/REGISTRIES]: Registry minecraft:item: Object did not get ID it asked for. Name: fracturepoint:nato_mg_chestplate Expected: 1273 Got: 1297
[25May2026 10:06:26.090] [Render thread/WARN] [net.minecraftforge.registries.ForgeRegistry/REGISTRIES]: Registry minecraft:item: Object did not get ID it asked for. Name: fracturepoint:nato_sqad_leader_helmet_woodland Expected: 1274 Got: 1298
[25May2026 10:06:26.090] [Render thread/WARN] [net.minecraftforge.registries.ForgeRegistry/REGISTRIES]: Registry minecraft:item: Object did not get ID it asked for. Name: fracturepoint:nato_sqad_leader_chestplate_woodland Expected: 1275 Got: 1299
[25May2026 10:06:26.090] [Render thread/WARN] [net.minecraftforge.registries.ForgeRegistry/REGISTRIES]: Registry minecraft:item: Object did not get ID it asked for. Name: fracturepoint:nato_sqad_leader_backpack_woodland Expected: 1276 Got: 1300
[25May2026 10:06:26.090] [Render thread/WARN] [net.minecraftforge.registries.ForgeRegistry/REGISTRIES]: Registry minecraft:item: Object did not get ID it asked for. Name: fracturepoint:nato_shoulderpads_woodland Expected: 1277 Got: 1301
[25May2026 10:06:26.090] [Render thread/WARN] [net.minecraftforge.registries.ForgeRegistry/REGISTRIES]: Registry minecraft:item: Object did not get ID it asked for. Name: fracturepoint:nato_ukr_helmet_woodland Expected: 1278 Got: 1302
[25May2026 10:06:26.090] [Render thread/WARN] [net.minecraftforge.registries.ForgeRegistry/REGISTRIES]: Registry minecraft:item: Object did not get ID it asked for. Name: fracturepoint:nato_ukr_chestplate_woodland Expected: 1279 Got: 1303
[25May2026 10:06:26.090] [Render thread/WARN] [net.minecraftforge.registries.ForgeRegistry/REGISTRIES]: Registry minecraft:item: Object did not get ID it asked for. Name: fracturepoint:nato_shturmovik2_chestplate_woodland Expected: 1280 Got: 1304
[25May2026 10:06:26.090] [Render thread/WARN] [net.minecraftforge.registries.ForgeRegistry/REGISTRIES]: Registry minecraft:item: Object did not get ID it asked for. Name: fracturepoint:nato_helmet_woodland Expected: 1281 Got: 1305
[25May2026 10:06:26.090] [Render thread/WARN] [net.minecraftforge.registries.ForgeRegistry/REGISTRIES]: Registry minecraft:item: Object did not get ID it asked for. Name: fracturepoint:nato_shturmovik_chestplate_woodland Expected: 1282 Got: 1306
[25May2026 10:06:26.090] [Render thread/WARN] [net.minecraftforge.registries.ForgeRegistry/REGISTRIES]: Registry minecraft:item: Object did not get ID it asked for. Name: fracturepoint:nato_mg_chestplate_woodland Expected: 1283 Got: 1307
[25May2026 10:06:26.090] [Render thread/WARN] [net.minecraftforge.registries.ForgeRegistry/REGISTRIES]: Registry minecraft:item: Object did not get ID it asked for. Name: fracturepoint:beta7_nvg_helmet Expected: 1284 Got: 1308
[25May2026 10:06:26.090] [Render thread/WARN] [net.minecraftforge.registries.ForgeRegistry/REGISTRIES]: Registry minecraft:item: Object did not get ID it asked for. Name: fracturepoint:beta7_helmet Expected: 1285 Got: 1309
[25May2026 10:06:26.090] [Render thread/WARN] [net.minecraftforge.registries.ForgeRegistry/REGISTRIES]: Registry minecraft:item: Object did not get ID it asked for. Name: fracturepoint:beta7_chestplate Expected: 1286 Got: 1310
[25May2026 10:06:26.090] [Render thread/WARN] [net.minecraftforge.registries.ForgeRegistry/REGISTRIES]: Registry minecraft:item: Object did not get ID it asked for. Name: fracturepoint:beta7_leggings Expected: 1287 Got: 1311
[25May2026 10:06:26.090] [Render thread/WARN] [net.minecraftforge.registries.ForgeRegistry/REGISTRIES]: Registry minecraft:item: Object did not get ID it asked for. Name: fracturepoint:beta7_shoulderpads Expected: 1288 Got: 1312
[25May2026 10:06:26.090] [Render thread/WARN] [net.minecraftforge.registries.ForgeRegistry/REGISTRIES]: Registry minecraft:item: Object did not get ID it asked for. Name: fracturepoint:beta7_nvg_helmet_slate Expected: 1289 Got: 1313
[25May2026 10:06:26.090] [Render thread/WARN] [net.minecraftforge.registries.ForgeRegistry/REGISTRIES]: Registry minecraft:item: Object did not get ID it asked for. Name: fracturepoint:beta7_helmet_slate Expected: 1290 Got: 1314
[25May2026 10:06:26.090] [Render thread/WARN] [net.minecraftforge.registries.ForgeRegistry/REGISTRIES]: Registry minecraft:item: Object did not get ID it asked for. Name: fracturepoint:beta7_chestplate_slate Expected: 1291 Got: 1315
[25May2026 10:06:26.090] [Render thread/WARN] [net.minecraftforge.registries.ForgeRegistry/REGISTRIES]: Registry minecraft:item: Object did not get ID it asked for. Name: fracturepoint:beta7_leggings_slate Expected: 1292 Got: 1316
[25May2026 10:06:26.091] [Render thread/WARN] [net.minecraftforge.registries.ForgeRegistry/REGISTRIES]: Registry minecraft:item: Object did not get ID it asked for. Name: fracturepoint:beta7_shoulderpads_slate Expected: 1293 Got: 1317
[25May2026 10:06:26.091] [Render thread/WARN] [net.minecraftforge.registries.ForgeRegistry/REGISTRIES]: Registry minecraft:item: Object did not get ID it asked for. Name: fracturepoint:beta7_nvg_helmet_ash Expected: 1294 Got: 1318
[25May2026 10:06:26.091] [Render thread/WARN] [net.minecraftforge.registries.ForgeRegistry/REGISTRIES]: Registry minecraft:item: Object did not get ID it asked for. Name: fracturepoint:beta7_helmet_ash Expected: 1295 Got: 1319
[25May2026 10:06:26.091] [Render thread/WARN] [net.minecraftforge.registries.ForgeRegistry/REGISTRIES]: Registry minecraft:item: Object did not get ID it asked for. Name: fracturepoint:beta7_chestplate_ash Expected: 1296 Got: 1320
[25May2026 10:06:26.091] [Render thread/WARN] [net.minecraftforge.registries.ForgeRegistry/REGISTRIES]: Registry minecraft:item: Object did not get ID it asked for. Name: fracturepoint:beta7_leggings_ash Expected: 1297 Got: 1321
[25May2026 10:06:26.091] [Render thread/WARN] [net.minecraftforge.registries.ForgeRegistry/REGISTRIES]: Registry minecraft:item: Object did not get ID it asked for. Name: fracturepoint:beta7_shoulderpads_ash Expected: 1298 Got: 1322
[25May2026 10:06:26.091] [Render thread/WARN] [net.minecraftforge.registries.ForgeRegistry/REGISTRIES]: Registry minecraft:item: Object did not get ID it asked for. Name: fracturepoint:killa_helmet Expected: 1299 Got: 1323
[25May2026 10:06:26.091] [Render thread/WARN] [net.minecraftforge.registries.ForgeRegistry/REGISTRIES]: Registry minecraft:item: Object did not get ID it asked for. Name: fracturepoint:killa_chestplate Expected: 1300 Got: 1324
[25May2026 10:06:26.091] [Render thread/WARN] [net.minecraftforge.registries.ForgeRegistry/REGISTRIES]: Registry minecraft:item: Object did not get ID it asked for. Name: fracturepoint:tagilla_helmet Expected: 1301 Got: 1325
[25May2026 10:06:26.091] [Render thread/WARN] [net.minecraftforge.registries.ForgeRegistry/REGISTRIES]: Registry minecraft:item: Object did not get ID it asked for. Name: fracturepoint:tagilla_chestplate Expected: 1302 Got: 1326
[25May2026 10:06:26.091] [Render thread/WARN] [net.minecraftforge.registries.ForgeRegistry/REGISTRIES]: Registry minecraft:item: Object did not get ID it asked for. Name: fracturepoint:tagilla_leggings Expected: 1303 Got: 1327
[25May2026 10:06:26.091] [Render thread/WARN] [net.minecraftforge.registries.ForgeRegistry/REGISTRIES]: Registry minecraft:item: Object did not get ID it asked for. Name: fracturepoint:insurgency_commander_helmet Expected: 1304 Got: 1328
[25May2026 10:06:26.091] [Render thread/WARN] [net.minecraftforge.registries.ForgeRegistry/REGISTRIES]: Registry minecraft:item: Object did not get ID it asked for. Name: fracturepoint:insurgency_commander_chestplate Expected: 1305 Got: 1329
[25May2026 10:06:26.091] [Render thread/WARN] [net.minecraftforge.registries.ForgeRegistry/REGISTRIES]: Registry minecraft:item: Object did not get ID it asked for. Name: fracturepoint:insurgency_commander_shoulderpads Expected: 1306 Got: 1330
[25May2026 10:06:26.091] [Render thread/WARN] [net.minecraftforge.registries.ForgeRegistry/REGISTRIES]: Registry minecraft:item: Object did not get ID it asked for. Name: fracturepoint:insurgency_commander_leggings Expected: 1307 Got: 1331
[25May2026 10:06:26.091] [Render thread/WARN] [net.minecraftforge.registries.ForgeRegistry/REGISTRIES]: Registry minecraft:item: Object did not get ID it asked for. Name: fracturepoint:insurgency_shturmovik_helmet Expected: 1308 Got: 1332
[25May2026 10:06:26.091] [Render thread/WARN] [net.minecraftforge.registries.ForgeRegistry/REGISTRIES]: Registry minecraft:item: Object did not get ID it asked for. Name: fracturepoint:insurgency_shturmovik_chestplate Expected: 1309 Got: 1333
[25May2026 10:06:26.092] [Render thread/WARN] [net.minecraftforge.registries.ForgeRegistry/REGISTRIES]: Registry minecraft:item: Object did not get ID it asked for. Name: fracturepoint:insurgency_shturmovik_backpack Expected: 1310 Got: 1334
[25May2026 10:06:26.092] [Render thread/WARN] [net.minecraftforge.registries.ForgeRegistry/REGISTRIES]: Registry minecraft:item: Object did not get ID it asked for. Name: fracturepoint:soviet_soldier_helmet Expected: 1311 Got: 1335
[25May2026 10:06:26.092] [Render thread/WARN] [net.minecraftforge.registries.ForgeRegistry/REGISTRIES]: Registry minecraft:item: Object did not get ID it asked for. Name: fracturepoint:soviet_uniform Expected: 1312 Got: 1336
[25May2026 10:06:26.092] [Render thread/WARN] [net.minecraftforge.registries.ForgeRegistry/REGISTRIES]: Registry minecraft:item: Object did not get ID it asked for. Name: fracturepoint:soviet_soldier_chestplate Expected: 1313 Got: 1337
[25May2026 10:06:26.092] [Render thread/WARN] [net.minecraftforge.registries.ForgeRegistry/REGISTRIES]: Registry minecraft:item: Object did not get ID it asked for. Name: fracturepoint:soviet_leggings Expected: 1314 Got: 1338
[25May2026 10:06:26.092] [Render thread/WARN] [net.minecraftforge.registries.ForgeRegistry/REGISTRIES]: Registry minecraft:item: Object did not get ID it asked for. Name: fracturepoint:soviet_soldier_backpack Expected: 1315 Got: 1339
[25May2026 10:06:26.092] [Render thread/WARN] [net.minecraftforge.registries.ForgeRegistry/REGISTRIES]: Registry minecraft:item: Object did not get ID it asked for. Name: fracturepoint:soviet_officer_helmet Expected: 1316 Got: 1340
[25May2026 10:06:26.092] [Render thread/WARN] [net.minecraftforge.registries.ForgeRegistry/REGISTRIES]: Registry minecraft:item: Object did not get ID it asked for. Name: fracturepoint:soviet_officer_chestplate Expected: 1317 Got: 1341
[25May2026 10:06:26.092] [Render thread/WARN] [net.minecraftforge.registries.ForgeRegistry/REGISTRIES]: Registry minecraft:item: Object did not get ID it asked for. Name: fracturepoint:sso_squad_leader_helmet Expected: 1318 Got: 1342
[25May2026 10:06:26.092] [Render thread/WARN] [net.minecraftforge.registries.ForgeRegistry/REGISTRIES]: Registry minecraft:item: Object did not get ID it asked for. Name: fracturepoint:sso_squad_leader_chestplate Expected: 1319 Got: 1343
[25May2026 10:06:26.092] [Render thread/WARN] [net.minecraftforge.registries.ForgeRegistry/REGISTRIES]: Registry minecraft:item: Object did not get ID it asked for. Name: fracturepoint:sso_squad_leader_leggings Expected: 1320 Got: 1344
[25May2026 10:06:26.092] [Render thread/WARN] [net.minecraftforge.registries.ForgeRegistry/REGISTRIES]: Registry minecraft:item: Object did not get ID it asked for. Name: fracturepoint:sso_soldier_helmet Expected: 1321 Got: 1345
[25May2026 10:06:26.092] [Render thread/WARN] [net.minecraftforge.registries.ForgeRegistry/REGISTRIES]: Registry minecraft:item: Object did not get ID it asked for. Name: fracturepoint:sso_soldier_chestplate Expected: 1322 Got: 1346
[25May2026 10:06:26.092] [Render thread/WARN] [net.minecraftforge.registries.ForgeRegistry/REGISTRIES]: Registry minecraft:item: Object did not get ID it asked for. Name: fracturepoint:sso_soldier_leggings Expected: 1323 Got: 1347
[25May2026 10:06:26.092] [Render thread/WARN] [net.minecraftforge.registries.ForgeRegistry/REGISTRIES]: Registry minecraft:item: Object did not get ID it asked for. Name: fracturepoint:sso_soldier_backpack Expected: 1324 Got: 1348
[25May2026 10:06:26.092] [Render thread/WARN] [net.minecraftforge.registries.ForgeRegistry/REGISTRIES]: Registry minecraft:item: Object did not get ID it asked for. Name: fracturepoint:sso_machine_gunner_helmet Expected: 1325 Got: 1349
[25May2026 10:06:26.092] [Render thread/WARN] [net.minecraftforge.registries.ForgeRegistry/REGISTRIES]: Registry minecraft:item: Object did not get ID it asked for. Name: fracturepoint:sso_machine_gunner_chestplate Expected: 1326 Got: 1350
[25May2026 10:06:26.092] [Render thread/WARN] [net.minecraftforge.registries.ForgeRegistry/REGISTRIES]: Registry minecraft:item: Object did not get ID it asked for. Name: fracturepoint:sso_machine_gunner_leggings Expected: 1327 Got: 1351
[25May2026 10:06:26.092] [Render thread/WARN] [net.minecraftforge.registries.ForgeRegistry/REGISTRIES]: Registry minecraft:item: Object did not get ID it asked for. Name: fracturepoint:sso_machine_gunner_backpack Expected: 1328 Got: 1352
[25May2026 10:06:26.092] [Render thread/WARN] [net.minecraftforge.registries.ForgeRegistry/REGISTRIES]: Registry minecraft:item: Object did not get ID it asked for. Name: fracturepoint:sso_shoulderpads Expected: 1329 Got: 1353
[25May2026 10:06:26.092] [Render thread/WARN] [net.minecraftforge.registries.ForgeRegistry/REGISTRIES]: Registry minecraft:item: Object did not get ID it asked for. Name: fracturepoint:fsb_soldier_helmet Expected: 1330 Got: 1354
[25May2026 10:06:26.092] [Render thread/WARN] [net.minecraftforge.registries.ForgeRegistry/REGISTRIES]: Registry minecraft:item: Object did not get ID it asked for. Name: fracturepoint:fsb_uniform Expected: 1331 Got: 1355
[25May2026 10:06:26.092] [Render thread/WARN] [net.minecraftforge.registries.ForgeRegistry/REGISTRIES]: Registry minecraft:item: Object did not get ID it asked for. Name: fracturepoint:fsb_soldier_chestplate Expected: 1332 Got: 1356
[25May2026 10:06:26.092] [Render thread/WARN] [net.minecraftforge.registries.ForgeRegistry/REGISTRIES]: Registry minecraft:item: Object did not get ID it asked for. Name: fracturepoint:fsb_leggings Expected: 1333 Got: 1357
[25May2026 10:06:26.092] [Render thread/WARN] [net.minecraftforge.registries.ForgeRegistry/REGISTRIES]: Registry minecraft:item: Object did not get ID it asked for. Name: fracturepoint:tagilla_molot Expected: 1334 Got: 1358
[25May2026 10:06:26.092] [Render thread/WARN] [net.minecraftforge.registries.ForgeRegistry/REGISTRIES]: Registry minecraft:item: Object did not get ID it asked for. Name: fracturepoint:steel_plate_level_iii Expected: 1335 Got: 1359
[25May2026 10:06:26.092] [Render thread/WARN] [net.minecraftforge.registries.ForgeRegistry/REGISTRIES]: Registry minecraft:item: Object did not get ID it asked for. Name: fracturepoint:ceramic_plate_level_iv Expected: 1336 Got: 1360
[25May2026 10:06:26.092] [Render thread/WARN] [net.minecraftforge.registries.ForgeRegistry/REGISTRIES]: Registry minecraft:item: Object did not get ID it asked for. Name: fracturepoint:kevlar_plate_level_iiia Expected: 1337 Got: 1361
[25May2026 10:06:26.092] [Render thread/WARN] [net.minecraftforge.registries.ForgeRegistry/REGISTRIES]: Registry minecraft:item: Object did not get ID it asked for. Name: fracturepoint:composite_plate_level_iv Expected: 1338 Got: 1362
[25May2026 10:06:26.092] [Render thread/WARN] [net.minecraftforge.registries.ForgeRegistry/REGISTRIES]: Registry minecraft:item: Object did not get ID it asked for. Name: fracturepoint:polyethylene_plate_level_iii Expected: 1339 Got: 1363
[25May2026 10:06:26.092] [Render thread/WARN] [net.minecraftforge.registries.ForgeRegistry/REGISTRIES]: Registry minecraft:item: Object did not get ID it asked for. Name: geckolib:gecko_habitat Expected: 1340 Got: 1364
[25May2026 10:06:26.093] [Render thread/WARN] [net.minecraftforge.registries.ForgeRegistry/REGISTRIES]: Registry minecraft:item: Object did not get ID it asked for. Name: geckolib:fertilizer Expected: 1341 Got: 1365
[25May2026 10:06:26.093] [Render thread/WARN] [net.minecraftforge.registries.ForgeRegistry/REGISTRIES]: Registry minecraft:item: Object did not get ID it asked for. Name: geckolib:jack_in_the_box Expected: 1342 Got: 1366
[25May2026 10:06:26.093] [Render thread/WARN] [net.minecraftforge.registries.ForgeRegistry/REGISTRIES]: Registry minecraft:item: Object did not get ID it asked for. Name: geckolib:wolf_armor_helmet Expected: 1343 Got: 1367
[25May2026 10:06:26.093] [Render thread/WARN] [net.minecraftforge.registries.ForgeRegistry/REGISTRIES]: Registry minecraft:item: Object did not get ID it asked for. Name: geckolib:wolf_armor_chestplate Expected: 1344 Got: 1368
[25May2026 10:06:26.093] [Render thread/WARN] [net.minecraftforge.registries.ForgeRegistry/REGISTRIES]: Registry minecraft:item: Object did not get ID it asked for. Name: geckolib:wolf_armor_leggings Expected: 1345 Got: 1369
[25May2026 10:06:26.093] [Render thread/WARN] [net.minecraftforge.registries.ForgeRegistry/REGISTRIES]: Registry minecraft:item: Object did not get ID it asked for. Name: geckolib:wolf_armor_boots Expected: 1346 Got: 1370
[25May2026 10:06:26.093] [Render thread/WARN] [net.minecraftforge.registries.ForgeRegistry/REGISTRIES]: Registry minecraft:item: Object did not get ID it asked for. Name: geckolib:gecko_armor_helmet Expected: 1347 Got: 1371
[25May2026 10:06:26.093] [Render thread/WARN] [net.minecraftforge.registries.ForgeRegistry/REGISTRIES]: Registry minecraft:item: Object did not get ID it asked for. Name: geckolib:gecko_armor_chestplate Expected: 1348 Got: 1372
[25May2026 10:06:26.093] [Render thread/WARN] [net.minecraftforge.registries.ForgeRegistry/REGISTRIES]: Registry minecraft:item: Object did not get ID it asked for. Name: geckolib:gecko_armor_leggings Expected: 1349 Got: 1373
[25May2026 10:06:26.093] [Render thread/WARN] [net.minecraftforge.registries.ForgeRegistry/REGISTRIES]: Registry minecraft:item: Object did not get ID it asked for. Name: geckolib:gecko_armor_boots Expected: 1350 Got: 1374
[25May2026 10:06:26.093] [Render thread/WARN] [net.minecraftforge.registries.ForgeRegistry/REGISTRIES]: Registry minecraft:item: Object did not get ID it asked for. Name: geckolib:bat_spawn_egg Expected: 1351 Got: 1375
[25May2026 10:06:26.093] [Render thread/WARN] [net.minecraftforge.registries.ForgeRegistry/REGISTRIES]: Registry minecraft:item: Object did not get ID it asked for. Name: geckolib:bike_spawn_egg Expected: 1352 Got: 1376
[25May2026 10:06:26.093] [Render thread/WARN] [net.minecraftforge.registries.ForgeRegistry/REGISTRIES]: Registry minecraft:item: Object did not get ID it asked for. Name: geckolib:race_car_spawn_egg Expected: 1353 Got: 1377
[25May2026 10:06:26.093] [Render thread/WARN] [net.minecraftforge.registries.ForgeRegistry/REGISTRIES]: Registry minecraft:item: Object did not get ID it asked for. Name: geckolib:parasite_spawn_egg Expected: 1354 Got: 1378
[25May2026 10:06:26.093] [Render thread/WARN] [net.minecraftforge.registries.ForgeRegistry/REGISTRIES]: Registry minecraft:item: Object did not get ID it asked for. Name: geckolib:mutant_zombie_spawn_egg Expected: 1355 Got: 1379
[25May2026 10:06:26.093] [Render thread/WARN] [net.minecraftforge.registries.ForgeRegistry/REGISTRIES]: Registry minecraft:item: Object did not get ID it asked for. Name: geckolib:fake_glass_spawn_egg Expected: 1356 Got: 1380
[25May2026 10:06:26.093] [Render thread/WARN] [net.minecraftforge.registries.ForgeRegistry/REGISTRIES]: Registry minecraft:item: Object did not get ID it asked for. Name: geckolib:cool_kid_spawn_egg Expected: 1357 Got: 1381
[25May2026 10:06:26.093] [Render thread/WARN] [net.minecraftforge.registries.ForgeRegistry/REGISTRIES]: Registry minecraft:item: Object did not get ID it asked for. Name: geckolib:gremlin_spawn_egg Expected: 1358 Got: 1382
[25May2026 10:06:26.093] [Render thread/WARN] [net.minecraftforge.registries.ForgeRegistry/REGISTRIES]: Registry minecraft:sound_event: Object did not get ID it asked for. Name: fracturepoint:item.armor.warborn_equip Expected: 1474 Got: 1502
[25May2026 10:06:26.093] [Render thread/WARN] [net.minecraftforge.registries.ForgeRegistry/REGISTRIES]: Registry minecraft:sound_event: Object did not get ID it asked for. Name: fracturepoint:item.armor.warborn_break Expected: 1475 Got: 1503
[25May2026 10:06:26.093] [Render thread/WARN] [net.minecraftforge.registries.ForgeRegistry/REGISTRIES]: Registry minecraft:sound_event: Object did not get ID it asked for. Name: fracturepoint:item.armor.warborn_nvg_toggle Expected: 1476 Got: 1504
[25May2026 10:06:26.093] [Render thread/WARN] [net.minecraftforge.registries.ForgeRegistry/REGISTRIES]: Registry minecraft:sound_event: Object did not get ID it asked for. Name: fracturepoint:item.armor.warborn_plate_insert Expected: 1477 Got: 1505
[25May2026 10:06:26.093] [Render thread/WARN] [net.minecraftforge.registries.ForgeRegistry/REGISTRIES]: Registry minecraft:sound_event: Object did not get ID it asked for. Name: fracturepoint:item.armor.warborn_plate_remove Expected: 1478 Got: 1506
[25May2026 10:06:26.093] [Render thread/WARN] [net.minecraftforge.registries.ForgeRegistry/REGISTRIES]: Registry minecraft:sound_event: Object did not get ID it asked for. Name: geckolib:jack_in_the_box_music Expected: 1479 Got: 1507
[25May2026 10:06:26.094] [Render thread/WARN] [net.minecraftforge.registries.ForgeRegistry/REGISTRIES]: Registry minecraft:entity_type: Object did not get ID it asked for. Name: geckolib:bat Expected: 124 Got: 138
[25May2026 10:06:26.094] [Render thread/WARN] [net.minecraftforge.registries.ForgeRegistry/REGISTRIES]: Registry minecraft:entity_type: Object did not get ID it asked for. Name: geckolib:bike Expected: 125 Got: 139
[25May2026 10:06:26.094] [Render thread/WARN] [net.minecraftforge.registries.ForgeRegistry/REGISTRIES]: Registry minecraft:entity_type: Object did not get ID it asked for. Name: geckolib:race_car Expected: 126 Got: 140
[25May2026 10:06:26.094] [Render thread/WARN] [net.minecraftforge.registries.ForgeRegistry/REGISTRIES]: Registry minecraft:entity_type: Object did not get ID it asked for. Name: geckolib:parasite Expected: 127 Got: 141
[25May2026 10:06:26.094] [Render thread/WARN] [net.minecraftforge.registries.ForgeRegistry/REGISTRIES]: Registry minecraft:entity_type: Object did not get ID it asked for. Name: geckolib:mutant_zombie Expected: 128 Got: 142
[25May2026 10:06:26.094] [Render thread/WARN] [net.minecraftforge.registries.ForgeRegistry/REGISTRIES]: Registry minecraft:entity_type: Object did not get ID it asked for. Name: geckolib:fake_glass Expected: 129 Got: 143
[25May2026 10:06:26.094] [Render thread/WARN] [net.minecraftforge.registries.ForgeRegistry/REGISTRIES]: Registry minecraft:entity_type: Object did not get ID it asked for. Name: geckolib:cool_kid Expected: 130 Got: 144
[25May2026 10:06:26.094] [Render thread/WARN] [net.minecraftforge.registries.ForgeRegistry/REGISTRIES]: Registry minecraft:entity_type: Object did not get ID it asked for. Name: geckolib:gremlin Expected: 131 Got: 145
[25May2026 10:06:26.100] [Render thread/DEBUG] [net.minecraftforge.registries.ForgeRegistry/REGISTRIES]: Registry minecraft:block Sync: ACTIVE -> STAGING
[25May2026 10:06:26.103] [Render thread/DEBUG] [net.minecraftforge.registries.ForgeRegistry/REGISTRIES]: Registry minecraft:fluid Sync: ACTIVE -> STAGING
[25May2026 10:06:26.103] [Render thread/DEBUG] [net.minecraftforge.registries.ForgeRegistry/REGISTRIES]: Registry minecraft:item Sync: ACTIVE -> STAGING
[25May2026 10:06:26.106] [Render thread/DEBUG] [net.minecraftforge.registries.ForgeRegistry/REGISTRIES]: Registry minecraft:mob_effect Sync: ACTIVE -> STAGING
[25May2026 10:06:26.106] [Render thread/DEBUG] [net.minecraftforge.registries.ForgeRegistry/REGISTRIES]: Registry minecraft:sound_event Sync: ACTIVE -> STAGING
[25May2026 10:06:26.109] [Render thread/DEBUG] [net.minecraftforge.registries.ForgeRegistry/REGISTRIES]: Registry minecraft:potion Sync: ACTIVE -> STAGING
[25May2026 10:06:26.110] [Render thread/DEBUG] [net.minecraftforge.registries.ForgeRegistry/REGISTRIES]: Registry minecraft:enchantment Sync: ACTIVE -> STAGING
[25May2026 10:06:26.110] [Render thread/DEBUG] [net.minecraftforge.registries.ForgeRegistry/REGISTRIES]: Registry minecraft:entity_type Sync: ACTIVE -> STAGING
[25May2026 10:06:26.110] [Render thread/DEBUG] [net.minecraftforge.registries.ForgeRegistry/REGISTRIES]: Registry minecraft:block_entity_type Sync: ACTIVE -> STAGING
[25May2026 10:06:26.110] [Render thread/DEBUG] [net.minecraftforge.registries.ForgeRegistry/REGISTRIES]: Registry minecraft:particle_type Sync: ACTIVE -> STAGING
[25May2026 10:06:26.110] [Render thread/DEBUG] [net.minecraftforge.registries.ForgeRegistry/REGISTRIES]: Registry minecraft:menu Sync: ACTIVE -> STAGING
[25May2026 10:06:26.110] [Render thread/DEBUG] [net.minecraftforge.registries.ForgeRegistry/REGISTRIES]: Registry minecraft:painting_variant Sync: ACTIVE -> STAGING
[25May2026 10:06:26.110] [Render thread/DEBUG] [net.minecraftforge.registries.ForgeRegistry/REGISTRIES]: Registry minecraft:recipe_type Sync: ACTIVE -> STAGING
[25May2026 10:06:26.110] [Render thread/DEBUG] [net.minecraftforge.registries.ForgeRegistry/REGISTRIES]: Registry minecraft:recipe_serializer Sync: ACTIVE -> STAGING
[25May2026 10:06:26.110] [Render thread/DEBUG] [net.minecraftforge.registries.ForgeRegistry/REGISTRIES]: Registry minecraft:attribute Sync: ACTIVE -> STAGING
[25May2026 10:06:26.110] [Render thread/DEBUG] [net.minecraftforge.registries.ForgeRegistry/REGISTRIES]: Registry minecraft:stat_type Sync: ACTIVE -> STAGING
[25May2026 10:06:26.110] [Render thread/DEBUG] [net.minecraftforge.registries.ForgeRegistry/REGISTRIES]: Registry minecraft:command_argument_type Sync: ACTIVE -> STAGING
[25May2026 10:06:26.110] [Render thread/DEBUG] [net.minecraftforge.registries.ForgeRegistry/REGISTRIES]: Registry minecraft:villager_profession Sync: ACTIVE -> STAGING
[25May2026 10:06:26.110] [Render thread/DEBUG] [net.minecraftforge.registries.ForgeRegistry/REGISTRIES]: Registry minecraft:point_of_interest_type Sync: ACTIVE -> STAGING
[25May2026 10:06:26.112] [Render thread/DEBUG] [net.minecraftforge.registries.ForgeRegistry/REGISTRIES]: Registry minecraft:memory_module_type Sync: ACTIVE -> STAGING
[25May2026 10:06:26.112] [Render thread/DEBUG] [net.minecraftforge.registries.ForgeRegistry/REGISTRIES]: Registry minecraft:sensor_type Sync: ACTIVE -> STAGING
[25May2026 10:06:26.112] [Render thread/DEBUG] [net.minecraftforge.registries.ForgeRegistry/REGISTRIES]: Registry minecraft:schedule Sync: ACTIVE -> STAGING
[25May2026 10:06:26.112] [Render thread/DEBUG] [net.minecraftforge.registries.ForgeRegistry/REGISTRIES]: Registry minecraft:activity Sync: ACTIVE -> STAGING
[25May2026 10:06:26.112] [Render thread/DEBUG] [net.minecraftforge.registries.ForgeRegistry/REGISTRIES]: Registry minecraft:worldgen/carver Sync: ACTIVE -> STAGING
[25May2026 10:06:26.112] [Render thread/DEBUG] [net.minecraftforge.registries.ForgeRegistry/REGISTRIES]: Registry minecraft:worldgen/feature Sync: ACTIVE -> STAGING
[25May2026 10:06:26.112] [Render thread/DEBUG] [net.minecraftforge.registries.ForgeRegistry/REGISTRIES]: Registry minecraft:chunk_status Sync: ACTIVE -> STAGING
[25May2026 10:06:26.112] [Render thread/DEBUG] [net.minecraftforge.registries.ForgeRegistry/REGISTRIES]: Registry minecraft:worldgen/block_state_provider_type Sync: ACTIVE -> STAGING
[25May2026 10:06:26.112] [Render thread/DEBUG] [net.minecraftforge.registries.ForgeRegistry/REGISTRIES]: Registry minecraft:worldgen/foliage_placer_type Sync: ACTIVE -> STAGING
[25May2026 10:06:26.112] [Render thread/DEBUG] [net.minecraftforge.registries.ForgeRegistry/REGISTRIES]: Registry minecraft:worldgen/tree_decorator_type Sync: ACTIVE -> STAGING
[25May2026 10:06:26.112] [Render thread/DEBUG] [net.minecraftforge.registries.ForgeRegistry/REGISTRIES]: Registry minecraft:worldgen/biome Sync: ACTIVE -> STAGING
[25May2026 10:06:26.112] [Render thread/DEBUG] [net.minecraftforge.registries.ForgeRegistry/REGISTRIES]: Registry forge:entity_data_serializers Sync: ACTIVE -> STAGING
[25May2026 10:06:26.112] [Render thread/DEBUG] [net.minecraftforge.registries.ForgeRegistry/REGISTRIES]: Registry forge:global_loot_modifier_serializers Sync: ACTIVE -> STAGING
[25May2026 10:06:26.112] [Render thread/DEBUG] [net.minecraftforge.registries.ForgeRegistry/REGISTRIES]: Registry forge:biome_modifier_serializers Sync: ACTIVE -> STAGING
[25May2026 10:06:26.112] [Render thread/DEBUG] [net.minecraftforge.registries.ForgeRegistry/REGISTRIES]: Registry forge:fluid_type Sync: ACTIVE -> STAGING
[25May2026 10:06:26.112] [Render thread/DEBUG] [net.minecraftforge.registries.ForgeRegistry/REGISTRIES]: Registry forge:structure_modifier_serializers Sync: ACTIVE -> STAGING
[25May2026 10:06:26.113] [Render thread/DEBUG] [net.minecraftforge.registries.ForgeRegistry/REGISTRIES]: Registry forge:holder_set_type Sync: ACTIVE -> STAGING
[25May2026 10:06:26.113] [Render thread/DEBUG] [net.minecraftforge.registries.ForgeRegistry/REGISTRIES]: Registry forge:display_contexts Sync: ACTIVE -> STAGING
[25May2026 10:06:26.334] [Render thread/DEBUG] [net.minecraftforge.registries.ObjectHolderRegistry/REGISTRIES]: Applying holder lookups
[25May2026 10:06:26.339] [Render thread/DEBUG] [net.minecraftforge.registries.ObjectHolderRegistry/REGISTRIES]: Holder lookups applied
[25May2026 10:06:26.357] [Render thread/INFO] [tacz/GunPackFinder]: Start scanning for gun packs in C:\Users\cornw\OneDrive\Documents\Minecraft Modding\Forge\recruitsTACZ\run\tacz
[25May2026 10:06:26.358] [Render thread/INFO] [tacz/GunPackFinder]: - tacz_default_gun, Main namespace: tacz
[25May2026 10:06:26.358] [Render thread/INFO] [tacz/GunPackFinder]: Found 1 possible gunpack(s) and added them to resource set.
[25May2026 10:06:26.593] [Render thread/DEBUG] [net.minecraftforge.server.ServerLifecycleHooks/CORE]: Generating PackInfo named mod:mixinextras for mod file 
[25May2026 10:06:26.593] [Render thread/DEBUG] [net.minecraftforge.server.ServerLifecycleHooks/CORE]: Generating PackInfo named mod:fracturepoint for mod file C:\Users\cornw\.gradle\caches\forge_gradle\deobf_dependencies\curse\maven\fracture-point-1207137\7215903_mapped_official_1.20.1\fracture-point-1207137-7215903_mapped_official_1.20.1.jar
[25May2026 10:06:26.593] [Render thread/DEBUG] [net.minecraftforge.server.ServerLifecycleHooks/CORE]: Generating PackInfo named mod:geckolib for mod file C:\Users\cornw\.gradle\caches\forge_gradle\deobf_dependencies\curse\maven\geckolib-388172\7553267_mapped_official_1.20.1\geckolib-388172-7553267_mapped_official_1.20.1.jar
[25May2026 10:06:26.593] [Render thread/DEBUG] [net.minecraftforge.server.ServerLifecycleHooks/CORE]: Generating PackInfo named mod:architectury for mod file C:\Users\cornw\.gradle\caches\forge_gradle\deobf_dependencies\curse\maven\architectury-api-419699\5137938_mapped_official_1.20.1\architectury-api-419699-5137938_mapped_official_1.20.1.jar
[25May2026 10:06:26.593] [Render thread/DEBUG] [net.minecraftforge.server.ServerLifecycleHooks/CORE]: Generating PackInfo named mod:playeranimator for mod file C:\Users\cornw\.gradle\caches\forge_gradle\deobf_dependencies\curse\maven\playeranimator-658587\4587214_mapped_official_1.20.1\playeranimator-658587-4587214_mapped_official_1.20.1.jar
[25May2026 10:06:26.593] [Render thread/DEBUG] [net.minecraftforge.server.ServerLifecycleHooks/CORE]: Generating PackInfo named mod:tacz for mod file C:\Users\cornw\.gradle\caches\forge_gradle\deobf_dependencies\curse\maven\timeless-and-classics-zero-1028108\8055552_mapped_official_1.20.1\timeless-and-classics-zero-1028108-8055552_mapped_official_1.20.1.jar
[25May2026 10:06:26.595] [Render thread/DEBUG] [net.minecraftforge.server.ServerLifecycleHooks/CORE]: Generating PackInfo named mod:recruitstacz for mod file C:\Users\cornw\OneDrive\Documents\Minecraft Modding\Forge\recruitsTACZ\build\resources\main
[25May2026 10:06:26.595] [Render thread/DEBUG] [net.minecraftforge.server.ServerLifecycleHooks/CORE]: Generating PackInfo named mod:bmcfix for mod file C:\Users\cornw\.gradle\caches\forge_gradle\deobf_dependencies\curse\maven\better-mob-combat-fix-1481291\7733825_mapped_official_1.20.1\better-mob-combat-fix-1481291-7733825_mapped_official_1.20.1.jar
[25May2026 10:06:26.595] [Render thread/DEBUG] [net.minecraftforge.server.ServerLifecycleHooks/CORE]: Generating PackInfo named mod:cloth_config for mod file C:\Users\cornw\.gradle\caches\forge_gradle\deobf_dependencies\curse\maven\cloth-config-348521\5729105_mapped_official_1.20.1\cloth-config-348521-5729105_mapped_official_1.20.1.jar
[25May2026 10:06:26.595] [Render thread/DEBUG] [net.minecraftforge.server.ServerLifecycleHooks/CORE]: Generating PackInfo named mod:bettercombat for mod file C:\Users\cornw\.gradle\caches\forge_gradle\deobf_dependencies\curse\maven\better-combat-by-daedelus-639842\7287334_mapped_official_1.20.1\better-combat-by-daedelus-639842-7287334_mapped_official_1.20.1.jar
[25May2026 10:06:26.595] [Render thread/DEBUG] [net.minecraftforge.server.ServerLifecycleHooks/CORE]: Generating PackInfo named mod:forge for mod file /
[25May2026 10:06:26.595] [Render thread/DEBUG] [net.minecraftforge.server.ServerLifecycleHooks/CORE]: Generating PackInfo named mod:curios for mod file C:\Users\cornw\.gradle\caches\forge_gradle\deobf_dependencies\curse\maven\curios-309927\6418456_mapped_official_1.20.1\curios-309927-6418456_mapped_official_1.20.1.jar
[25May2026 10:06:26.595] [Render thread/DEBUG] [net.minecraftforge.server.ServerLifecycleHooks/CORE]: Generating PackInfo named mod:simplebedrockmodel for mod file 
[25May2026 10:06:26.595] [Render thread/DEBUG] [net.minecraftforge.server.ServerLifecycleHooks/CORE]: Generating PackInfo named mod:mobplayeranimator for mod file C:\Users\cornw\.gradle\caches\forge_gradle\deobf_dependencies\curse\maven\mob-player-animator-1058791\6125584_mapped_official_1.20.1\mob-player-animator-1058791-6125584_mapped_official_1.20.1.jar
[25May2026 10:06:26.595] [Render thread/DEBUG] [net.minecraftforge.server.ServerLifecycleHooks/CORE]: Generating PackInfo named mod:bettermobcombat for mod file C:\Users\cornw\.gradle\caches\forge_gradle\deobf_dependencies\curse\maven\better-mob-combat-recruitsfix-1419655\7411612_mapped_official_1.20.1\better-mob-combat-recruitsfix-1419655-7411612_mapped_official_1.20.1.jar
[25May2026 10:06:26.595] [Render thread/DEBUG] [net.minecraftforge.server.ServerLifecycleHooks/CORE]: Generating PackInfo named mod:recruits for mod file C:\Users\cornw\.gradle\caches\forge_gradle\deobf_dependencies\curse\maven\recruits-523860\7906232_mapped_official_1.20.1\recruits-523860-7906232_mapped_official_1.20.1.jar
[25May2026 10:06:26.962] [Render thread/DEBUG] [mixin/]: Mixing MixinLootDataManager from architectury.mixins.json into net.minecraft.world.level.storage.loot.LootDataManager
[25May2026 10:06:26.981] [Render thread/DEBUG] [mixin/]: Mixing client.MixinCommandSourceStack from architectury.mixins.json into net.minecraft.commands.CommandSourceStack
[25May2026 10:06:27.112] [Render thread/DEBUG] [net.minecraftforge.coremod.transformer.CoreModBaseTransformer/COREMOD]: Transforming net/minecraft/server/commands/SummonCommand
[25May2026 10:06:27.255] [Worker-Main-2/ERROR] [net.minecraft.tags.TagLoader/]: Couldn't load tag forge:armors/chestplates as it is missing following references: fracturepoint:nato_ukr_backpack (from fracture-point-1207137-7215903_mapped_official_1.20.1.jar), 
	fracturepoint:nato_mg_backpack (from fracture-point-1207137-7215903_mapped_official_1.20.1.jar)
[25May2026 10:06:27.257] [Worker-Main-2/ERROR] [net.minecraft.tags.TagLoader/]: Couldn't load tag forge:armors/leggings as it is missing following references: warborn:tagilla_leggings (from fracture-point-1207137-7215903_mapped_official_1.20.1.jar)
[25May2026 10:06:27.257] [Worker-Main-2/ERROR] [net.minecraft.tags.TagLoader/]: Couldn't load tag forge:armors as it is missing following references: #forge:armors/chestplates (from ), 
	#forge:armors/leggings (from )
[25May2026 10:06:27.323] [Worker-Main-12/DEBUG] [mixin/]: Mixing MixinNbtPredicate from curios.mixins.json into net.minecraft.advancements.critereon.NbtPredicate
[25May2026 10:06:27.346] [Worker-Main-12/DEBUG] [net.minecraftforge.coremod.transformer.CoreModBaseTransformer/COREMOD]: Transforming net/minecraft/world/entity/raid/Raid
[25May2026 10:06:27.515] [Render thread/INFO] [net.minecraft.world.item.crafting.RecipeManager/]: Loaded 8 recipes
[25May2026 10:06:27.563] [Render thread/INFO] [net.minecraft.advancements.AdvancementList/]: Loaded 1271 advancements
[25May2026 10:06:27.568] [Render thread/INFO] [top.theillusivec4.curios.Curios/]: Loaded 13 curio slots
[25May2026 10:06:27.571] [Render thread/INFO] [top.theillusivec4.curios.Curios/]: Loaded 2 curio entities
[25May2026 10:06:27.947] [Render thread/DEBUG] [net.minecraftforge.common.ForgeHooks/WP]: Gathering id map for writing to world save Testaad
[25May2026 10:06:27.961] [Render thread/DEBUG] [net.minecraftforge.common.ForgeHooks/WP]: ID Map collection complete Testaad
[25May2026 10:06:28.007] [Server thread/INFO] [net.minecraft.client.server.IntegratedServer/]: Starting integrated minecraft server version 1.20.1
[25May2026 10:06:28.007] [Server thread/INFO] [net.minecraft.server.MinecraftServer/]: Generating keypair
[25May2026 10:06:28.036] [Server thread/DEBUG] [net.minecraftforge.fml.config.ConfigTracker/CONFIG]: Loading configs type SERVER
[25May2026 10:06:28.036] [Server thread/DEBUG] [net.minecraftforge.fml.config.ConfigFileTypeHandler/CONFIG]: Built TOML config for .\saves\Testaad\serverconfig\recruit-tacz-server.toml
[25May2026 10:06:28.037] [Server thread/DEBUG] [net.minecraftforge.fml.config.ConfigFileTypeHandler/CONFIG]: Loaded TOML config file .\saves\Testaad\serverconfig\recruit-tacz-server.toml
[25May2026 10:06:28.037] [Server thread/DEBUG] [net.minecraftforge.fml.config.ConfigFileTypeHandler/CONFIG]: Watching TOML config file .\saves\Testaad\serverconfig\recruit-tacz-server.toml for changes
[25May2026 10:06:28.037] [Server thread/WARN] [net.minecraftforge.common.ForgeConfigSpec/CORE]: Configuration file .\saves\Testaad\serverconfig\recruit-tacz-server.toml is not correct. Correcting
[25May2026 10:06:28.037] [Server thread/WARN] [net.minecraftforge.common.ForgeConfigSpec/CORE]: Incorrect key AI Behaviour.RecruitPoseChance was corrected from 0.1 to its default, 0.1. 
[25May2026 10:06:28.040] [Server thread/DEBUG] [net.minecraftforge.fml.config.ConfigFileTypeHandler/CONFIG]: Built TOML config for .\saves\Testaad\serverconfig\recruits-server.toml
[25May2026 10:06:28.050] [Server thread/DEBUG] [net.minecraftforge.fml.config.ConfigFileTypeHandler/CONFIG]: Loaded TOML config file .\saves\Testaad\serverconfig\recruits-server.toml
[25May2026 10:06:28.050] [Server thread/DEBUG] [net.minecraftforge.fml.config.ConfigFileTypeHandler/CONFIG]: Watching TOML config file .\saves\Testaad\serverconfig\recruits-server.toml for changes
[25May2026 10:06:28.052] [Server thread/DEBUG] [net.minecraftforge.fml.config.ConfigFileTypeHandler/CONFIG]: Built TOML config for .\saves\Testaad\serverconfig\tacz-server.toml
[25May2026 10:06:28.054] [Server thread/DEBUG] [net.minecraftforge.fml.config.ConfigFileTypeHandler/CONFIG]: Loaded TOML config file .\saves\Testaad\serverconfig\tacz-server.toml
[25May2026 10:06:28.054] [Server thread/DEBUG] [net.minecraftforge.fml.config.ConfigFileTypeHandler/CONFIG]: Watching TOML config file .\saves\Testaad\serverconfig\tacz-server.toml for changes
[25May2026 10:06:28.057] [Server thread/DEBUG] [net.minecraftforge.fml.config.ConfigFileTypeHandler/CONFIG]: Built TOML config for .\saves\Testaad\serverconfig\curios-server.toml
[25May2026 10:06:28.057] [Server thread/DEBUG] [net.minecraftforge.fml.config.ConfigFileTypeHandler/CONFIG]: Loaded TOML config file .\saves\Testaad\serverconfig\curios-server.toml
[25May2026 10:06:28.057] [Server thread/DEBUG] [net.minecraftforge.fml.config.ConfigFileTypeHandler/CONFIG]: Watching TOML config file .\saves\Testaad\serverconfig\curios-server.toml for changes
[25May2026 10:06:28.057] [Server thread/WARN] [net.minecraftforge.common.ForgeConfigSpec/CORE]: Configuration file .\saves\Testaad\serverconfig\curios-server.toml is not correct. Correcting
[25May2026 10:06:28.058] [Server thread/WARN] [net.minecraftforge.common.ForgeConfigSpec/CORE]: Incorrect key keepCurios was corrected from null to its default, DEFAULT. 
[25May2026 10:06:28.058] [Server thread/DEBUG] [net.minecraftforge.common.ForgeConfigSpec/CORE]: The comment on key keepCurios does not match the spec. This may create a backup.
[25May2026 10:06:28.059] [Server thread/WARN] [net.minecraftforge.common.ForgeConfigSpec/CORE]: Incorrect key menu was corrected from null to its default, SimpleCommentedConfig:{}. 
[25May2026 10:06:28.059] [Server thread/WARN] [net.minecraftforge.common.ForgeConfigSpec/CORE]: Incorrect key menu.enableLegacyMenu was corrected from null to its default, false. 
[25May2026 10:06:28.059] [Server thread/DEBUG] [net.minecraftforge.common.ForgeConfigSpec/CORE]: The comment on key menu.enableLegacyMenu does not match the spec. This may create a backup.
[25May2026 10:06:28.059] [Server thread/WARN] [net.minecraftforge.common.ForgeConfigSpec/CORE]: Incorrect key menu.experimental was corrected from null to its default, SimpleCommentedConfig:{}. 
[25May2026 10:06:28.059] [Server thread/WARN] [net.minecraftforge.common.ForgeConfigSpec/CORE]: Incorrect key menu.experimental.minimumColumns was corrected from null to its default, 1. 
[25May2026 10:06:28.059] [Server thread/DEBUG] [net.minecraftforge.common.ForgeConfigSpec/CORE]: The comment on key menu.experimental.minimumColumns does not match the spec. This may create a backup.
[25May2026 10:06:28.059] [Server thread/WARN] [net.minecraftforge.common.ForgeConfigSpec/CORE]: Incorrect key menu.experimental.maxSlotsPerPage was corrected from null to its default, 48. 
[25May2026 10:06:28.059] [Server thread/DEBUG] [net.minecraftforge.common.ForgeConfigSpec/CORE]: The comment on key menu.experimental.maxSlotsPerPage does not match the spec. This may create a backup.
[25May2026 10:06:28.060] [Server thread/DEBUG] [net.minecraftforge.fml.config.ConfigFileTypeHandler/CONFIG]: Built TOML config for .\saves\Testaad\serverconfig\forge-server.toml
[25May2026 10:06:28.062] [Server thread/DEBUG] [net.minecraftforge.fml.config.ConfigFileTypeHandler/CONFIG]: Loaded TOML config file .\saves\Testaad\serverconfig\forge-server.toml
[25May2026 10:06:28.062] [Server thread/DEBUG] [net.minecraftforge.fml.config.ConfigFileTypeHandler/CONFIG]: Watching TOML config file .\saves\Testaad\serverconfig\forge-server.toml for changes
[25May2026 10:06:28.062] [Server thread/DEBUG] [net.minecraftforge.common.ForgeConfig/FORGEMOD]: Loaded forge config file forge-server.toml
[25May2026 10:06:28.063] [Thread-17/DEBUG] [net.minecraftforge.fml.config.ConfigFileTypeHandler/CONFIG]: Config file recruits-server.toml changed, sending notifies
[25May2026 10:06:28.094] [Server thread/DEBUG] [net.minecraftforge.coremod.transformer.CoreModBaseTransformer/COREMOD]: Transforming net/minecraft/world/level/levelgen/PhantomSpawner
[25May2026 10:06:28.097] [Server thread/DEBUG] [net.minecraftforge.coremod.transformer.CoreModBaseTransformer/COREMOD]: Transforming net/minecraft/world/level/levelgen/PatrolSpawner
[25May2026 10:06:28.100] [Server thread/DEBUG] [net.minecraftforge.coremod.transformer.CoreModBaseTransformer/COREMOD]: Transforming net/minecraft/world/entity/npc/CatSpawner
[25May2026 10:06:28.103] [Server thread/DEBUG] [net.minecraftforge.coremod.transformer.CoreModBaseTransformer/COREMOD]: Transforming net/minecraft/world/entity/ai/village/VillageSiege
[25May2026 10:06:28.842] [Server thread/INFO] [net.minecraft.server.MinecraftServer/]: Preparing start region for dimension minecraft:overworld
[25May2026 10:06:29.331] [Server thread/DEBUG] [mixin/]: Mixing MixinChunkSerializer from architectury.mixins.json into net.minecraft.world.level.chunk.storage.ChunkSerializer
[25May2026 10:06:29.507] [Server thread/DEBUG] [net.minecraftforge.coremod.transformer.CoreModBaseTransformer/COREMOD]: Transforming net/minecraft/world/level/levelgen/structure/templatesystem/StructureTemplate
[25May2026 10:06:30.718] [Render thread/INFO] [net.minecraft.server.level.progress.LoggerChunkProgressListener/]: Preparing spawn area: 0%
[25May2026 10:06:30.718] [Render thread/INFO] [net.minecraft.server.level.progress.LoggerChunkProgressListener/]: Preparing spawn area: 0%
[25May2026 10:06:30.718] [Render thread/INFO] [net.minecraft.server.level.progress.LoggerChunkProgressListener/]: Preparing spawn area: 0%
[25May2026 10:06:30.718] [Render thread/INFO] [net.minecraft.server.level.progress.LoggerChunkProgressListener/]: Preparing spawn area: 0%
[25May2026 10:06:30.849] [Render thread/INFO] [net.minecraft.server.level.progress.LoggerChunkProgressListener/]: Preparing spawn area: 0%
[25May2026 10:06:30.976] [Server thread/DEBUG] [mixin/]: Mixing tacz.MixinLivingEntityAmmoCheck from recruitstacz.mixins.json into com.tacz.guns.entity.shooter.LivingEntityAmmoCheck
[25May2026 10:06:30.977] [Server thread/DEBUG] [mixin/]: recruitstacz.mixins.json:tacz.MixinLivingEntityAmmoCheck: Class version 61 required is higher than the class version supported by the current version of Mixin (JAVA_8 supports class version 52)
[25May2026 10:06:31.009] [Server thread/DEBUG] [mixin/]: Mixing AnimationStackAccessor from mobplayeranimator.mixins.json into dev.kosmx.playerAnim.api.layered.AnimationStack
[25May2026 10:06:31.018] [Server thread/DEBUG] [mixin/]: Mixing WalkNodeEvaluatorMixin from mixins.recruits.json into net.minecraft.world.level.pathfinder.WalkNodeEvaluator
[25May2026 10:06:31.032] [Server thread/DEBUG] [mixin/]: Mixing GoalUtilsMixin from mixins.recruits.json into net.minecraft.world.entity.ai.util.GoalUtils
[25May2026 10:06:31.361] [Server thread/INFO] [net.minecraftforge.server.permission.PermissionAPI/]: Successfully initialized permission handler forge:default_handler
[25May2026 10:06:31.363] [Render thread/INFO] [net.minecraft.server.level.progress.LoggerChunkProgressListener/]: Preparing spawn area: 92%
[25May2026 10:06:31.363] [Render thread/INFO] [net.minecraft.server.level.progress.LoggerChunkProgressListener/]: Time elapsed: 2515 ms
[25May2026 10:06:31.410] [Server thread/INFO] [net.bettercombat.logic.WeaponRegistry/]: Encoded Weapon Attribute registry size: 8234 bytes (uncompressed), 616 bytes (compressed), compression ratio: 92.5% (in 1 string chunks with the size of 10000)
[25May2026 10:06:31.502] [Server thread/DEBUG] [net.minecraftforge.coremod.transformer.CoreModBaseTransformer/COREMOD]: Transforming net/minecraft/world/level/NaturalSpawner
[25May2026 10:06:31.516] [Server thread/DEBUG] [mixin/]: Mixing ClassInstanceMultiMapMixin from mixins.recruits.json into net.minecraft.util.ClassInstanceMultiMap
[25May2026 10:06:31.538] [Server thread/INFO] [net.minecraft.client.server.IntegratedServer/]: Changing view distance to 12, from 10
[25May2026 10:06:31.540] [Server thread/INFO] [net.minecraft.client.server.IntegratedServer/]: Changing simulation distance to 12, from 0
[25May2026 10:06:31.567] [Render thread/DEBUG] [io.netty.channel.MultithreadEventLoopGroup/]: -Dio.netty.eventLoopThreads: 32
[25May2026 10:06:31.586] [Render thread/DEBUG] [io.netty.util.internal.InternalThreadLocalMap/]: -Dio.netty.threadLocalMap.stringBuilder.initialSize: 1024
[25May2026 10:06:31.586] [Render thread/DEBUG] [io.netty.util.internal.InternalThreadLocalMap/]: -Dio.netty.threadLocalMap.stringBuilder.maxSize: 4096
[25May2026 10:06:31.592] [Render thread/DEBUG] [io.netty.channel.nio.NioEventLoop/]: -Dio.netty.noKeySetOptimization: false
[25May2026 10:06:31.592] [Render thread/DEBUG] [io.netty.channel.nio.NioEventLoop/]: -Dio.netty.selectorAutoRebuildThreshold: 512
[25May2026 10:06:31.598] [Render thread/DEBUG] [io.netty.util.internal.PlatformDependent/]: org.jctools-core.MpscChunkedArrayQueue: available
[25May2026 10:06:31.656] [Render thread/DEBUG] [io.netty.channel.DefaultChannelId/]: -Dio.netty.processId: 16076 (auto-detected)
[25May2026 10:06:31.657] [Render thread/WARN] [io.netty.util.internal.SystemPropertyUtil/]: Unable to parse the boolean system property 'java.net.preferIPv6Addresses':system - using the default value: false
[25May2026 10:06:31.657] [Render thread/DEBUG] [io.netty.util.NetUtil/]: -Djava.net.preferIPv4Stack: false
[25May2026 10:06:31.659] [Render thread/DEBUG] [io.netty.util.NetUtil/]: -Djava.net.preferIPv6Addresses: false
[25May2026 10:06:31.674] [Render thread/DEBUG] [io.netty.util.NetUtilInitializations/]: Loopback interface: lo (Software Loopback Interface 1, 127.0.0.1)
[25May2026 10:06:31.677] [Render thread/DEBUG] [io.netty.util.NetUtil/]: Failed to get SOMAXCONN from sysctl and file \proc\sys\net\core\somaxconn. Default: 200
[25May2026 10:06:31.735] [Render thread/DEBUG] [io.netty.channel.DefaultChannelId/]: -Dio.netty.machineId: 00:00:00:00:00:00:00:e0 (auto-detected)
[25May2026 10:06:31.752] [Render thread/DEBUG] [io.netty.buffer.PooledByteBufAllocator/]: -Dio.netty.allocator.numHeapArenas: 32
[25May2026 10:06:31.752] [Render thread/DEBUG] [io.netty.buffer.PooledByteBufAllocator/]: -Dio.netty.allocator.numDirectArenas: 32
[25May2026 10:06:31.752] [Render thread/DEBUG] [io.netty.buffer.PooledByteBufAllocator/]: -Dio.netty.allocator.pageSize: 8192
[25May2026 10:06:31.752] [Render thread/DEBUG] [io.netty.buffer.PooledByteBufAllocator/]: -Dio.netty.allocator.maxOrder: 9
[25May2026 10:06:31.752] [Render thread/DEBUG] [io.netty.buffer.PooledByteBufAllocator/]: -Dio.netty.allocator.chunkSize: 4194304
[25May2026 10:06:31.752] [Render thread/DEBUG] [io.netty.buffer.PooledByteBufAllocator/]: -Dio.netty.allocator.smallCacheSize: 256
[25May2026 10:06:31.752] [Render thread/DEBUG] [io.netty.buffer.PooledByteBufAllocator/]: -Dio.netty.allocator.normalCacheSize: 64
[25May2026 10:06:31.752] [Render thread/DEBUG] [io.netty.buffer.PooledByteBufAllocator/]: -Dio.netty.allocator.maxCachedBufferCapacity: 32768
[25May2026 10:06:31.752] [Render thread/DEBUG] [io.netty.buffer.PooledByteBufAllocator/]: -Dio.netty.allocator.cacheTrimInterval: 8192
[25May2026 10:06:31.752] [Render thread/DEBUG] [io.netty.buffer.PooledByteBufAllocator/]: -Dio.netty.allocator.cacheTrimIntervalMillis: 0
[25May2026 10:06:31.752] [Render thread/DEBUG] [io.netty.buffer.PooledByteBufAllocator/]: -Dio.netty.allocator.useCacheForAllThreads: false
[25May2026 10:06:31.752] [Render thread/DEBUG] [io.netty.buffer.PooledByteBufAllocator/]: -Dio.netty.allocator.maxCachedByteBuffersPerChunk: 1023
[25May2026 10:06:31.761] [Render thread/DEBUG] [io.netty.buffer.ByteBufUtil/]: -Dio.netty.allocator.type: pooled
[25May2026 10:06:31.762] [Render thread/DEBUG] [io.netty.buffer.ByteBufUtil/]: -Dio.netty.threadLocalDirectBufferSize: 0
[25May2026 10:06:31.762] [Render thread/DEBUG] [io.netty.buffer.ByteBufUtil/]: -Dio.netty.maxThreadLocalCharBufferSize: 16384
[25May2026 10:06:31.793] [Netty Local Client IO #0/DEBUG] [net.minecraftforge.network.HandshakeHandler/FMLHANDSHAKE]: Starting local connection.
[25May2026 10:06:31.953] [Netty Local Client IO #0/DEBUG] [io.netty.util.Recycler/]: -Dio.netty.recycler.maxCapacityPerThread: 4096
[25May2026 10:06:31.953] [Netty Local Client IO #0/DEBUG] [io.netty.util.Recycler/]: -Dio.netty.recycler.ratio: 8
[25May2026 10:06:31.953] [Netty Local Client IO #0/DEBUG] [io.netty.util.Recycler/]: -Dio.netty.recycler.chunkSize: 32
[25May2026 10:06:31.953] [Netty Local Client IO #0/DEBUG] [io.netty.util.Recycler/]: -Dio.netty.recycler.blocking: false
[25May2026 10:06:31.976] [Netty Server IO #1/DEBUG] [net.minecraftforge.network.HandshakeHandler/FMLHANDSHAKE]: Starting local connection.
[25May2026 10:06:31.986] [Server thread/DEBUG] [net.minecraftforge.network.HandshakeHandler/FMLHANDSHAKE]: Sending ticking packet info 'net.minecraftforge.network.HandshakeMessages$S2CModData' to 'fml:handshake' sequence 0
[25May2026 10:06:31.996] [Netty Local Client IO #0/DEBUG] [net.minecraftforge.network.LoginWrapper/FMLHANDSHAKE]: Recieved login wrapper packet event for channel fml:handshake with index 0
[25May2026 10:06:32.018] [Server thread/DEBUG] [net.minecraftforge.network.HandshakeHandler/FMLHANDSHAKE]: Sending ticking packet info 'net.minecraftforge.network.HandshakeMessages$S2CModList' to 'fml:handshake' sequence 1
[25May2026 10:06:32.018] [Netty Local Client IO #0/DEBUG] [net.minecraftforge.network.LoginWrapper/FMLHANDSHAKE]: Recieved login wrapper packet event for channel fml:handshake with index 1
[25May2026 10:06:32.019] [Netty Local Client IO #0/DEBUG] [net.minecraftforge.network.HandshakeHandler/FMLHANDSHAKE]: Logging into server with mod list [minecraft, mixinextras, fracturepoint, geckolib, architectury, playeranimator, tacz, recruitstacz, bmcfix, cloth_config, bettercombat, forge, curios, simplebedrockmodel, mobplayeranimator, bettermobcombat, recruits]
[25May2026 10:06:32.022] [Netty Local Client IO #0/DEBUG] [net.minecraftforge.network.NetworkRegistry/NETREGISTRY]: Channel 'fml:loginwrapper' : Version test of 'FML3' from server : ACCEPTED
[25May2026 10:06:32.022] [Netty Local Client IO #0/DEBUG] [net.minecraftforge.network.NetworkRegistry/NETREGISTRY]: Channel 'forge:tier_sorting' : Version test of '1.0' from server : ACCEPTED
[25May2026 10:06:32.022] [Netty Local Client IO #0/DEBUG] [net.minecraftforge.network.NetworkRegistry/NETREGISTRY]: Channel 'bettercombat:network' : Version test of '1.0' from server : ACCEPTED
[25May2026 10:06:32.022] [Netty Local Client IO #0/DEBUG] [net.minecraftforge.network.NetworkRegistry/NETREGISTRY]: Channel 'bettermobcombat:sync_channel' : Version test of '1.0' from server : ACCEPTED
[25May2026 10:06:32.022] [Netty Local Client IO #0/DEBUG] [net.minecraftforge.network.NetworkRegistry/NETREGISTRY]: Channel 'architectury:network' : Version test of '1' from server : ACCEPTED
[25May2026 10:06:32.022] [Netty Local Client IO #0/DEBUG] [net.minecraftforge.network.NetworkRegistry/NETREGISTRY]: Channel 'minecraft:unregister' : Version test of 'FML3' from server : ACCEPTED
[25May2026 10:06:32.022] [Netty Local Client IO #0/DEBUG] [net.minecraftforge.network.NetworkRegistry/NETREGISTRY]: Channel 'fml:play' : Version test of 'FML3' from server : ACCEPTED
[25May2026 10:06:32.022] [Netty Local Client IO #0/DEBUG] [net.minecraftforge.network.NetworkRegistry/NETREGISTRY]: Channel 'fracturepoint:main' : Version test of '1' from server : ACCEPTED
[25May2026 10:06:32.022] [Netty Local Client IO #0/DEBUG] [net.minecraftforge.network.NetworkRegistry/NETREGISTRY]: Channel 'fml:handshake' : Version test of 'FML3' from server : ACCEPTED
[25May2026 10:06:32.022] [Netty Local Client IO #0/DEBUG] [net.minecraftforge.network.NetworkRegistry/NETREGISTRY]: Channel 'tacz:handshake' : Version test of '1.0.5' from server : ACCEPTED
[25May2026 10:06:32.022] [Netty Local Client IO #0/DEBUG] [net.minecraftforge.network.NetworkRegistry/NETREGISTRY]: Channel 'curios:main' : Version test of '1' from server : ACCEPTED
[25May2026 10:06:32.022] [Netty Local Client IO #0/DEBUG] [net.minecraftforge.network.NetworkRegistry/NETREGISTRY]: Channel 'minecraft:register' : Version test of 'FML3' from server : ACCEPTED
[25May2026 10:06:32.022] [Netty Local Client IO #0/DEBUG] [net.minecraftforge.network.NetworkRegistry/NETREGISTRY]: Channel 'forge:split' : Version test of '1.1' from server : ACCEPTED
[25May2026 10:06:32.024] [Netty Local Client IO #0/DEBUG] [net.minecraftforge.network.NetworkRegistry/NETREGISTRY]: Channel 'recruits:default' : Version test of '1.0.0' from server : ACCEPTED
[25May2026 10:06:32.024] [Netty Local Client IO #0/DEBUG] [net.minecraftforge.network.NetworkRegistry/NETREGISTRY]: Channel 'tacz:network' : Version test of '1.0.5' from server : ACCEPTED
[25May2026 10:06:32.024] [Netty Local Client IO #0/DEBUG] [net.minecraftforge.network.NetworkRegistry/NETREGISTRY]: Channel 'geckolib:main' : Version test of '1' from server : ACCEPTED
[25May2026 10:06:32.024] [Netty Local Client IO #0/DEBUG] [net.minecraftforge.network.NetworkRegistry/NETREGISTRY]: Channel 'simplebedrockmodel:network' : Version test of '0.1.0' from server : ACCEPTED
[25May2026 10:06:32.024] [Netty Local Client IO #0/DEBUG] [net.minecraftforge.network.NetworkRegistry/NETREGISTRY]: Accepting channel list from server
[25May2026 10:06:32.025] [Netty Local Client IO #0/DEBUG] [net.minecraftforge.network.LoginWrapper/FMLHANDSHAKE]: Dispatching wrapped packet reply for channel fml:handshake with index 1
[25May2026 10:06:32.027] [Netty Local Client IO #0/DEBUG] [net.minecraftforge.network.HandshakeHandler/FMLHANDSHAKE]: Accepted server connection
[25May2026 10:06:32.027] [Netty Server IO #1/DEBUG] [net.minecraftforge.network.LoginWrapper/FMLHANDSHAKE]: Recieved login wrapper packet event for channel fml:handshake with index 1
[25May2026 10:06:32.027] [Netty Local Client IO #0/DEBUG] [net.minecraftforge.network.HandshakeHandler/REGISTRIES]: Expecting 19 registries: [minecraft:command_argument_type, minecraft:recipe_serializer, minecraft:sound_event, minecraft:particle_type, minecraft:villager_profession, minecraft:item, minecraft:potion, minecraft:painting_variant, forge:fluid_type, minecraft:block_entity_type, forge:display_contexts, minecraft:block, forge:entity_data_serializers, minecraft:mob_effect, minecraft:stat_type, minecraft:menu, minecraft:enchantment, minecraft:fluid, minecraft:entity_type]
[25May2026 10:06:32.027] [Netty Server IO #1/DEBUG] [net.minecraftforge.network.HandshakeHandler/FMLHANDSHAKE]: Received client indexed reply 1 of type net.minecraftforge.network.HandshakeMessages$C2SModListReply
[25May2026 10:06:32.027] [Netty Server IO #1/DEBUG] [net.minecraftforge.network.HandshakeHandler/FMLHANDSHAKE]: Received client connection with modlist [minecraft, mixinextras, fracturepoint, geckolib, architectury, playeranimator, tacz, recruitstacz, bmcfix, cloth_config, bettercombat, forge, curios, simplebedrockmodel, mobplayeranimator, bettermobcombat, recruits]
[25May2026 10:06:32.029] [Netty Server IO #1/DEBUG] [net.minecraftforge.network.NetworkRegistry/NETREGISTRY]: Channel 'fml:loginwrapper' : Version test of 'FML3' from client : ACCEPTED
[25May2026 10:06:32.029] [Netty Server IO #1/DEBUG] [net.minecraftforge.network.NetworkRegistry/NETREGISTRY]: Channel 'forge:tier_sorting' : Version test of '1.0' from client : ACCEPTED
[25May2026 10:06:32.029] [Netty Server IO #1/DEBUG] [net.minecraftforge.network.NetworkRegistry/NETREGISTRY]: Channel 'bettercombat:network' : Version test of '1.0' from client : ACCEPTED
[25May2026 10:06:32.029] [Netty Server IO #1/DEBUG] [net.minecraftforge.network.NetworkRegistry/NETREGISTRY]: Channel 'bettermobcombat:sync_channel' : Version test of '1.0' from client : ACCEPTED
[25May2026 10:06:32.029] [Netty Server IO #1/DEBUG] [net.minecraftforge.network.NetworkRegistry/NETREGISTRY]: Channel 'architectury:network' : Version test of '1' from client : ACCEPTED
[25May2026 10:06:32.029] [Netty Server IO #1/DEBUG] [net.minecraftforge.network.NetworkRegistry/NETREGISTRY]: Channel 'minecraft:unregister' : Version test of 'FML3' from client : ACCEPTED
[25May2026 10:06:32.029] [Netty Server IO #1/DEBUG] [net.minecraftforge.network.NetworkRegistry/NETREGISTRY]: Channel 'fml:play' : Version test of 'FML3' from client : ACCEPTED
[25May2026 10:06:32.029] [Netty Server IO #1/DEBUG] [net.minecraftforge.network.NetworkRegistry/NETREGISTRY]: Channel 'fracturepoint:main' : Version test of '1' from client : ACCEPTED
[25May2026 10:06:32.029] [Netty Server IO #1/DEBUG] [net.minecraftforge.network.NetworkRegistry/NETREGISTRY]: Channel 'fml:handshake' : Version test of 'FML3' from client : ACCEPTED
[25May2026 10:06:32.029] [Netty Server IO #1/DEBUG] [net.minecraftforge.network.NetworkRegistry/NETREGISTRY]: Channel 'tacz:handshake' : Version test of '1.0.5' from client : ACCEPTED
[25May2026 10:06:32.029] [Netty Server IO #1/DEBUG] [net.minecraftforge.network.NetworkRegistry/NETREGISTRY]: Channel 'curios:main' : Version test of '1' from client : ACCEPTED
[25May2026 10:06:32.029] [Netty Server IO #1/DEBUG] [net.minecraftforge.network.NetworkRegistry/NETREGISTRY]: Channel 'minecraft:register' : Version test of 'FML3' from client : ACCEPTED
[25May2026 10:06:32.029] [Netty Server IO #1/DEBUG] [net.minecraftforge.network.NetworkRegistry/NETREGISTRY]: Channel 'forge:split' : Version test of '1.1' from client : ACCEPTED
[25May2026 10:06:32.029] [Netty Server IO #1/DEBUG] [net.minecraftforge.network.NetworkRegistry/NETREGISTRY]: Channel 'recruits:default' : Version test of '1.0.0' from client : ACCEPTED
[25May2026 10:06:32.029] [Netty Server IO #1/DEBUG] [net.minecraftforge.network.NetworkRegistry/NETREGISTRY]: Channel 'tacz:network' : Version test of '1.0.5' from client : ACCEPTED
[25May2026 10:06:32.029] [Netty Server IO #1/DEBUG] [net.minecraftforge.network.NetworkRegistry/NETREGISTRY]: Channel 'geckolib:main' : Version test of '1' from client : ACCEPTED
[25May2026 10:06:32.029] [Netty Server IO #1/DEBUG] [net.minecraftforge.network.NetworkRegistry/NETREGISTRY]: Channel 'simplebedrockmodel:network' : Version test of '0.1.0' from client : ACCEPTED
[25May2026 10:06:32.029] [Netty Server IO #1/DEBUG] [net.minecraftforge.network.NetworkRegistry/NETREGISTRY]: Accepting channel list from client
[25May2026 10:06:32.029] [Netty Server IO #1/DEBUG] [net.minecraftforge.network.HandshakeHandler/FMLHANDSHAKE]: Accepted client connection mod list
[25May2026 10:06:32.042] [Server thread/DEBUG] [net.minecraftforge.network.HandshakeHandler/FMLHANDSHAKE]: Sending ticking packet info 'Config recruit-tacz-server.toml' to 'fml:handshake' sequence 2
[25May2026 10:06:32.044] [Netty Local Client IO #0/DEBUG] [net.minecraftforge.network.LoginWrapper/FMLHANDSHAKE]: Recieved login wrapper packet event for channel fml:handshake with index 2
[25May2026 10:06:32.044] [Netty Local Client IO #0/DEBUG] [net.minecraftforge.network.HandshakeHandler/FMLHANDSHAKE]: Received config sync from server
[25May2026 10:06:32.044] [Netty Local Client IO #0/DEBUG] [net.minecraftforge.network.LoginWrapper/FMLHANDSHAKE]: Dispatching wrapped packet reply for channel fml:handshake with index 2
[25May2026 10:06:32.044] [Netty Server IO #1/DEBUG] [net.minecraftforge.network.LoginWrapper/FMLHANDSHAKE]: Recieved login wrapper packet event for channel fml:handshake with index 2
[25May2026 10:06:32.044] [Netty Server IO #1/DEBUG] [net.minecraftforge.network.HandshakeHandler/FMLHANDSHAKE]: Received client indexed reply 2 of type net.minecraftforge.network.HandshakeMessages$C2SAcknowledge
[25May2026 10:06:32.045] [Netty Server IO #1/DEBUG] [net.minecraftforge.network.HandshakeHandler/FMLHANDSHAKE]: Received acknowledgement from client
[25May2026 10:06:32.064] [Server thread/DEBUG] [net.minecraftforge.network.HandshakeHandler/FMLHANDSHAKE]: Sending ticking packet info 'Config curios-server.toml' to 'fml:handshake' sequence 3
[25May2026 10:06:32.064] [Netty Local Client IO #0/DEBUG] [net.minecraftforge.network.LoginWrapper/FMLHANDSHAKE]: Recieved login wrapper packet event for channel fml:handshake with index 3
[25May2026 10:06:32.065] [Netty Local Client IO #0/DEBUG] [net.minecraftforge.network.HandshakeHandler/FMLHANDSHAKE]: Received config sync from server
[25May2026 10:06:32.065] [Netty Local Client IO #0/DEBUG] [net.minecraftforge.network.LoginWrapper/FMLHANDSHAKE]: Dispatching wrapped packet reply for channel fml:handshake with index 3
[25May2026 10:06:32.065] [Netty Server IO #1/DEBUG] [net.minecraftforge.network.LoginWrapper/FMLHANDSHAKE]: Recieved login wrapper packet event for channel fml:handshake with index 3
[25May2026 10:06:32.065] [Netty Server IO #1/DEBUG] [net.minecraftforge.network.HandshakeHandler/FMLHANDSHAKE]: Received client indexed reply 3 of type net.minecraftforge.network.HandshakeMessages$C2SAcknowledge
[25May2026 10:06:32.065] [Netty Server IO #1/DEBUG] [net.minecraftforge.network.HandshakeHandler/FMLHANDSHAKE]: Received acknowledgement from client
[25May2026 10:06:32.089] [Server thread/DEBUG] [net.minecraftforge.network.HandshakeHandler/FMLHANDSHAKE]: Sending ticking packet info 'Config recruits-server.toml' to 'fml:handshake' sequence 4
[25May2026 10:06:32.089] [Netty Local Client IO #0/DEBUG] [net.minecraftforge.network.LoginWrapper/FMLHANDSHAKE]: Recieved login wrapper packet event for channel fml:handshake with index 4
[25May2026 10:06:32.089] [Netty Local Client IO #0/DEBUG] [net.minecraftforge.network.HandshakeHandler/FMLHANDSHAKE]: Received config sync from server
[25May2026 10:06:32.089] [Netty Local Client IO #0/DEBUG] [net.minecraftforge.network.LoginWrapper/FMLHANDSHAKE]: Dispatching wrapped packet reply for channel fml:handshake with index 4
[25May2026 10:06:32.090] [Netty Server IO #1/DEBUG] [net.minecraftforge.network.LoginWrapper/FMLHANDSHAKE]: Recieved login wrapper packet event for channel fml:handshake with index 4
[25May2026 10:06:32.090] [Netty Server IO #1/DEBUG] [net.minecraftforge.network.HandshakeHandler/FMLHANDSHAKE]: Received client indexed reply 4 of type net.minecraftforge.network.HandshakeMessages$C2SAcknowledge
[25May2026 10:06:32.090] [Netty Server IO #1/DEBUG] [net.minecraftforge.network.HandshakeHandler/FMLHANDSHAKE]: Received acknowledgement from client
[25May2026 10:06:32.107] [Server thread/DEBUG] [net.minecraftforge.network.HandshakeHandler/FMLHANDSHAKE]: Sending ticking packet info 'Config tacz-server.toml' to 'fml:handshake' sequence 5
[25May2026 10:06:32.108] [Netty Local Client IO #0/DEBUG] [net.minecraftforge.network.LoginWrapper/FMLHANDSHAKE]: Recieved login wrapper packet event for channel fml:handshake with index 5
[25May2026 10:06:32.108] [Netty Local Client IO #0/DEBUG] [net.minecraftforge.network.HandshakeHandler/FMLHANDSHAKE]: Received config sync from server
[25May2026 10:06:32.108] [Netty Local Client IO #0/DEBUG] [net.minecraftforge.network.LoginWrapper/FMLHANDSHAKE]: Dispatching wrapped packet reply for channel fml:handshake with index 5
[25May2026 10:06:32.108] [Netty Server IO #1/DEBUG] [net.minecraftforge.network.LoginWrapper/FMLHANDSHAKE]: Recieved login wrapper packet event for channel fml:handshake with index 5
[25May2026 10:06:32.108] [Netty Server IO #1/DEBUG] [net.minecraftforge.network.HandshakeHandler/FMLHANDSHAKE]: Received client indexed reply 5 of type net.minecraftforge.network.HandshakeMessages$C2SAcknowledge
[25May2026 10:06:32.108] [Netty Server IO #1/DEBUG] [net.minecraftforge.network.HandshakeHandler/FMLHANDSHAKE]: Received acknowledgement from client
[25May2026 10:06:32.128] [Server thread/DEBUG] [net.minecraftforge.network.HandshakeHandler/FMLHANDSHAKE]: Sending ticking packet info 'Config forge-server.toml' to 'fml:handshake' sequence 6
[25May2026 10:06:32.128] [Netty Local Client IO #0/DEBUG] [net.minecraftforge.network.LoginWrapper/FMLHANDSHAKE]: Recieved login wrapper packet event for channel fml:handshake with index 6
[25May2026 10:06:32.128] [Netty Local Client IO #0/DEBUG] [net.minecraftforge.network.HandshakeHandler/FMLHANDSHAKE]: Received config sync from server
[25May2026 10:06:32.128] [Netty Local Client IO #0/DEBUG] [net.minecraftforge.network.LoginWrapper/FMLHANDSHAKE]: Dispatching wrapped packet reply for channel fml:handshake with index 6
[25May2026 10:06:32.128] [Netty Server IO #1/DEBUG] [net.minecraftforge.network.LoginWrapper/FMLHANDSHAKE]: Recieved login wrapper packet event for channel fml:handshake with index 6
[25May2026 10:06:32.128] [Netty Server IO #1/DEBUG] [net.minecraftforge.network.HandshakeHandler/FMLHANDSHAKE]: Received client indexed reply 6 of type net.minecraftforge.network.HandshakeMessages$C2SAcknowledge
[25May2026 10:06:32.128] [Netty Server IO #1/DEBUG] [net.minecraftforge.network.HandshakeHandler/FMLHANDSHAKE]: Received acknowledgement from client
[25May2026 10:06:32.147] [Server thread/DEBUG] [net.minecraftforge.network.HandshakeHandler/FMLHANDSHAKE]: Sending ticking packet info 'com.tacz.guns.network.message.handshake.ServerMessageSyncedEntityDataMapping' to 'tacz:handshake' sequence 7
[25May2026 10:06:32.147] [Netty Local Client IO #0/DEBUG] [net.minecraftforge.network.LoginWrapper/FMLHANDSHAKE]: Recieved login wrapper packet event for channel tacz:handshake with index 7
[25May2026 10:06:32.147] [Netty Local Client IO #0/DEBUG] [tacz/TACZ_HANDSHAKE]: Received synced key mappings from server
[25May2026 10:06:32.152] [Netty Local Client IO #0/DEBUG] [net.minecraftforge.network.LoginWrapper/FMLHANDSHAKE]: Dispatching wrapped packet reply for channel tacz:handshake with index 7
[25May2026 10:06:32.152] [Netty Server IO #1/DEBUG] [net.minecraftforge.network.LoginWrapper/FMLHANDSHAKE]: Recieved login wrapper packet event for channel tacz:handshake with index 7
[25May2026 10:06:32.152] [Netty Server IO #1/DEBUG] [net.minecraftforge.network.HandshakeHandler/FMLHANDSHAKE]: Received client indexed reply 7 of type com.tacz.guns.network.message.handshake.Acknowledge
[25May2026 10:06:32.152] [Netty Server IO #1/DEBUG] [tacz/HANDSHAKE_ACKNOWLEDGE]: Received acknowledgement from client
[25May2026 10:06:32.186] [Server thread/DEBUG] [net.minecraftforge.network.HandshakeHandler/FMLHANDSHAKE]: Handshake complete!
[25May2026 10:06:32.232] [Netty Local Client IO #0/INFO] [net.minecraftforge.network.NetworkHooks/]: Connected to a modded server.
[25May2026 10:06:32.277] [Server thread/INFO] [net.minecraft.server.players.PlayerList/]: Dev[local:E:a7eeec92] logged in with entity id 241 at (-1.6880470745827003, 71.0, -11.411837854878002)
[25May2026 10:06:32.345] [Server thread/INFO] [net.minecraft.server.MinecraftServer/]: Dev joined the game
[25May2026 10:06:32.462] [Server thread/DEBUG] [Better Mob Combat/]: Loaded me.Thelnfamous1.bettermobcombat.platform.ForgePlatformHelper@1762a066 for service interface me.Thelnfamous1.bettermobcombat.platform.services.IPlatformHelper
[25May2026 10:06:32.464] [Netty Local Client IO #0/INFO] [net.bettercombat.logic.WeaponRegistry/]: Decoded and decompressed Weapon Attribute registry in 1 string chunks
[25May2026 10:06:32.470] [Server thread/DEBUG] [tacz/SYNC_BASE_TIMESTAMP]: Update server base timestamp: 1779717992354
[25May2026 10:06:32.903] [Render thread/DEBUG] [tacz/SYNC_BASE_TIMESTAMP]: Update client base timestamp: 1779717992353
[25May2026 10:06:33.079] [Render thread/DEBUG] [Better Mob Combat/]: Entered minecraft:fox into the mob blacklist!
[25May2026 10:06:33.079] [Render thread/ERROR] [Better Mob Combat/]: Could not parse mob_relations entry key guardvillagers:guard, not a valid namespaced id
[25May2026 10:06:33.082] [Render thread/ERROR] [Better Mob Combat/]: Could not parse mob_relations entry value recruits:recruit mapped to {"guardvillagers:guard":"NEUTRAL","minecraft:villager":"NEUTRAL","minecraft:iron_golem":"NEUTRAL","recruits:recruit":"NEUTRAL","recruits:bowman":"NEUTRAL","recruits:recruit_shieldman":"NEUTRAL","recruits:nomad":"NEUTRAL","recruits:horseman":"NEUTRAL"}, not a valid map of entity types to target relations
[25May2026 10:06:33.082] [Render thread/ERROR] [Better Mob Combat/]: Could not parse mob_relations entry value recruits:bowman mapped to {"guardvillagers:guard":"NEUTRAL","minecraft:villager":"NEUTRAL","minecraft:iron_golem":"NEUTRAL","recruits:recruit":"NEUTRAL","recruits:bowman":"NEUTRAL","recruits:recruit_shieldman":"NEUTRAL","recruits:nomad":"NEUTRAL","recruits:horseman":"NEUTRAL"}, not a valid map of entity types to target relations
[25May2026 10:06:33.084] [Render thread/ERROR] [Better Mob Combat/]: Could not parse mob_relations entry value recruits:recruit_shieldman mapped to {"guardvillagers:guard":"NEUTRAL","minecraft:villager":"NEUTRAL","minecraft:iron_golem":"NEUTRAL","recruits:recruit":"NEUTRAL","recruits:bowman":"NEUTRAL","recruits:recruit_shieldman":"NEUTRAL","recruits:nomad":"NEUTRAL","recruits:horseman":"NEUTRAL"}, not a valid map of entity types to target relations
[25May2026 10:06:33.084] [Render thread/ERROR] [Better Mob Combat/]: Could not parse mob_relations entry value recruits:nomad mapped to {"guardvillagers:guard":"NEUTRAL","minecraft:villager":"NEUTRAL","minecraft:iron_golem":"NEUTRAL","recruits:recruit":"NEUTRAL","recruits:bowman":"NEUTRAL","recruits:recruit_shieldman":"NEUTRAL","recruits:nomad":"NEUTRAL","recruits:horseman":"NEUTRAL"}, not a valid map of entity types to target relations
[25May2026 10:06:33.084] [Render thread/ERROR] [Better Mob Combat/]: Could not parse mob_relations entry value recruits:horseman mapped to {"guardvillagers:guard":"NEUTRAL","minecraft:villager":"NEUTRAL","minecraft:iron_golem":"NEUTRAL","recruits:recruit":"NEUTRAL","recruits:bowman":"NEUTRAL","recruits:recruit_shieldman":"NEUTRAL","recruits:nomad":"NEUTRAL","recruits:horseman":"NEUTRAL"}, not a valid map of entity types to target relations
[25May2026 10:06:33.084] [Render thread/DEBUG] [Better Mob Combat/]: Entered minecraft:piglin:{"minecraft:piglin":"NEUTRAL","minecraft:piglin_brute":"NEUTRAL"} into the mob_relations map!
[25May2026 10:06:33.084] [Render thread/DEBUG] [Better Mob Combat/]: Entered minecraft:piglin_brute:{"minecraft:piglin":"NEUTRAL","minecraft:piglin_brute":"NEUTRAL"} into the mob_relations map!
[25May2026 10:06:33.084] [Render thread/INFO] [Better Mob Combat/]: Server config updated! {"mob_additional_attack_cooldown":7,"mob_begin_attack_delay":10,"mob_additional_upswing_multiplier":0.0,"mob_begin_attack_range_multiplier":1.0,"mob_blacklist":["minecraft:fox"],"mob_blacklist_as_whitelist":false,"geckolib_mobs_blacklisted":true,"team_mobs_only_respect_teams":false,"mobs_check_for_vanilla_allies":true,"mobs_check_for_same_entity_type":true,"mobs_check_for_same_mob_type":true,"mob_relations":{"guardvillagers:guard":"{\"guardvillagers:guard\":\"NEUTRAL\",\"minecraft:villager\":\"NEUTRAL\",\"minecraft:iron_golem\":\"NEUTRAL\",\"recruits:recruit\":\"NEUTRAL\",\"recruits:bowman\":\"NEUTRAL\",\"recruits:recruit_shieldman\":\"NEUTRAL\",\"recruits:nomad\":\"NEUTRAL\",\"recruits:horseman\":\"NEUTRAL\"}","recruits:recruit":"{\"guardvillagers:guard\":\"NEUTRAL\",\"minecraft:villager\":\"NEUTRAL\",\"minecraft:iron_golem\":\"NEUTRAL\",\"recruits:recruit\":\"NEUTRAL\",\"recruits:bowman\":\"NEUTRAL\",\"recruits:recruit_shieldman\":\"NEUTRAL\",\"recruits:nomad\":\"NEUTRAL\",\"recruits:horseman\":\"NEUTRAL\"}","recruits:bowman":"{\"guardvillagers:guard\":\"NEUTRAL\",\"minecraft:villager\":\"NEUTRAL\",\"minecraft:iron_golem\":\"NEUTRAL\",\"recruits:recruit\":\"NEUTRAL\",\"recruits:bowman\":\"NEUTRAL\",\"recruits:recruit_shieldman\":\"NEUTRAL\",\"recruits:nomad\":\"NEUTRAL\",\"recruits:horseman\":\"NEUTRAL\"}","recruits:recruit_shieldman":"{\"guardvillagers:guard\":\"NEUTRAL\",\"minecraft:villager\":\"NEUTRAL\",\"minecraft:iron_golem\":\"NEUTRAL\",\"recruits:recruit\":\"NEUTRAL\",\"recruits:bowman\":\"NEUTRAL\",\"recruits:recruit_shieldman\":\"NEUTRAL\",\"recruits:nomad\":\"NEUTRAL\",\"recruits:horseman\":\"NEUTRAL\"}","recruits:nomad":"{\"guardvillagers:guard\":\"NEUTRAL\",\"minecraft:villager\":\"NEUTRAL\",\"minecraft:iron_golem\":\"NEUTRAL\",\"recruits:recruit\":\"NEUTRAL\",\"recruits:bowman\":\"NEUTRAL\",\"recruits:recruit_shieldman\":\"NEUTRAL\",\"recruits:nomad\":\"NEUTRAL\",\"recruits:horseman\":\"NEUTRAL\"}","recruits:horseman":"{\"guardvillagers:guard\":\"NEUTRAL\",\"minecraft:villager\":\"NEUTRAL\",\"minecraft:iron_golem\":\"NEUTRAL\",\"recruits:recruit\":\"NEUTRAL\",\"recruits:bowman\":\"NEUTRAL\",\"recruits:recruit_shieldman\":\"NEUTRAL\",\"recruits:nomad\":\"NEUTRAL\",\"recruits:horseman\":\"NEUTRAL\"}","minecraft:piglin":"{\"minecraft:piglin\":\"NEUTRAL\",\"minecraft:piglin_brute\":\"NEUTRAL\"}","minecraft:piglin_brute":"{\"minecraft:piglin\":\"NEUTRAL\",\"minecraft:piglin_brute\":\"NEUTRAL\"}"},"mob_relations_to_passives":{},"mob_relations_to_hostiles":{},"mob_relations_to_other":{}}
[25May2026 10:06:33.085] [Render thread/INFO] [net.minecraft.advancements.AdvancementList/]: Loaded 30 advancements
[25May2026 10:06:33.185] [Render thread/DEBUG] [mixin/]: Mixing client.ChestplateClientStateMachineMixin from fracturepoint.mixins.json into com.tacz.guns.client.animation.statemachine.GunAnimationStateContext
[25May2026 10:06:33.187] [Render thread/DEBUG] [mixin/]: Renaming synthetic method lambda$warborn$clientHasChestplateAmmo$0(Lnet/minecraftforge/items/IItemHandler;)Ljava/lang/Boolean; to md00b46c$lambda$warborn$clientHasChestplateAmmo$0$0 in fracturepoint.mixins.json:client.ChestplateClientStateMachineMixin
[25May2026 10:06:34.959] [Render thread/DEBUG] [mixin/]: Mixing tacz.MixinInnerThirdPersonManager from recruitstacz.mixins.json into com.tacz.guns.client.animation.third.InnerThirdPersonManager
[25May2026 10:06:34.959] [Render thread/DEBUG] [mixin/]: recruitstacz.mixins.json:tacz.MixinInnerThirdPersonManager: Class version 61 required is higher than the class version supported by the current version of Mixin (JAVA_8 supports class version 52)
[25May2026 10:06:34.960] [Render thread/DEBUG] [mixin/]: Renaming synthetic method lambda$setRotationAnglesHead$0(Lnet/minecraft/world/entity/LivingEntity;FLnet/minecraft/client/model/geom/ModelPart;Lnet/minecraft/client/model/geom/ModelPart;Lnet/minecraft/client/model/geom/ModelPart;Lnet/minecraft/client/model/geom/ModelPart;Lcom/tacz/guns/api/entity/IGunOperator;Lcom/tacz/guns/client/resource/GunDisplayInstance;)V to md00b46c$lambda$setRotationAnglesHead$0$0 in recruitstacz.mixins.json:tacz.MixinInnerThirdPersonManager
[25May2026 10:06:35.597] [Render thread/DEBUG] [mixin/]: Mixing ModernKineticGunScriptAPIAccessor from fracturepoint.mixins.json into com.tacz.guns.item.ModernKineticGunScriptAPI
[25May2026 10:06:35.610] [Render thread/DEBUG] [mixin/]: Mixing ChestplateScriptAPIMixin from fracturepoint.mixins.json into com.tacz.guns.item.ModernKineticGunScriptAPI
[25May2026 10:06:35.611] [Render thread/DEBUG] [mixin/]: Renaming synthetic method lambda$warborn$extractFromChestplate$1(IILnet/minecraft/world/item/ItemStack;Lnet/minecraft/world/item/ItemStack;Lnet/minecraftforge/items/IItemHandler;)Ljava/lang/Integer; to md00b46c$lambda$warborn$extractFromChestplate$1$0 in fracturepoint.mixins.json:ChestplateScriptAPIMixin
[25May2026 10:06:35.611] [Render thread/DEBUG] [mixin/]: Renaming synthetic method lambda$warborn$hasAmmoInChestplate$0(Lnet/minecraft/world/item/ItemStack;Lnet/minecraftforge/items/IItemHandler;)Ljava/lang/Boolean; to md00b46c$lambda$warborn$hasAmmoInChestplate$0$1 in fracturepoint.mixins.json:ChestplateScriptAPIMixin
[25May2026 10:06:35.697] [Render thread/WARN] [tacz/]: [TACZ Sound] Missing gun sound resource, skipped. sound=minecraft:m4a1_raise_v2, path=minecraft:tacz_sounds/m4a1_raise_v2.ogg
[25May2026 10:06:36.624] [Server thread/DEBUG] [io.netty.util.internal.ThreadLocalRandom/]: -Dio.netty.initialSeedUniquifier: 0x67ec7789e277b301
[25May2026 10:06:36.897] [Render thread/WARN] [tacz/]: [TACZ Sound] Missing gun sound resource, skipped. sound=minecraft:p01_ar_mike4_drop, path=minecraft:tacz_sounds/p01_ar_mike4_drop.ogg
[25May2026 10:07:48.581] [Render thread/INFO] [recruits/]: Dev is opening hire container for c51e8c42-db59-4a06-8f75-15917f6bf51e
[25May2026 10:07:48.581] [Render thread/INFO] [recruits/]: Player is LocalPlayer['Dev'/241, l='ClientLevel', x=-4.78, y=71.00, z=-3.62]
[25May2026 10:07:48.586] [Render thread/INFO] [net.minecraft.client.gui.components.ChatComponent/]: [System] [CHAT] Crossbowman: What is it?
[25May2026 10:07:48.589] [Render thread/INFO] [recruits/]: Dev is opening hire container for c51e8c42-db59-4a06-8f75-15917f6bf51e
[25May2026 10:07:48.589] [Render thread/INFO] [recruits/]: Player is LocalPlayer['Dev'/241, l='ClientLevel', x=-4.78, y=71.00, z=-3.62]
[25May2026 10:07:48.589] [Render thread/INFO] [net.minecraft.client.gui.components.ChatComponent/]: [System] [CHAT] Crossbowman: Hello my friend.
[25May2026 10:07:49.081] [Render thread/INFO] [net.minecraft.client.gui.components.ChatComponent/]: [System] [CHAT] Crossbowman: : That's an honorable path you're on.
[25May2026 10:07:49.883] [Render thread/INFO] [recruits/]: Dev is opening hire container for c51e8c42-db59-4a06-8f75-15917f6bf51e
[25May2026 10:07:49.883] [Render thread/INFO] [recruits/]: Recruit is CrossBowmanEntity['Crossbowman'/691, l='ClientLevel', x=-3.50, y=71.00, z=-1.50]
[25May2026 10:07:50.618] [Render thread/WARN] [net.minecraft.client.renderer.texture.TextureManager/]: Failed to load texture: fracturepoint:textures/models/armor/fracturepoint_layer_1.png
java.io.FileNotFoundException: fracturepoint:textures/models/armor/fracturepoint_layer_1.png
	at net.minecraft.server.packs.resources.ResourceProvider.lambda$getResourceOrThrow$0(ResourceProvider.java:17) ~[forge-1.20.1-47.4.20_mapped_official_1.20.1-recomp.jar:?]
	at java.util.Optional.orElseThrow(Optional.java:403) ~[?:?]
	at net.minecraft.server.packs.resources.ResourceProvider.getResourceOrThrow(ResourceProvider.java:16) ~[forge-1.20.1-47.4.20_mapped_official_1.20.1-recomp.jar:?]
	at software.bernie.geckolib.cache.texture.AnimatableTexture.load(AnimatableTexture.java:40) ~[geckolib-388172-7553267_mapped_official_1.20.1.jar:4.8.3]
	at net.minecraft.client.renderer.texture.TextureManager.loadTexture(TextureManager.java:96) ~[forge-1.20.1-47.4.20_mapped_official_1.20.1-recomp.jar:?]
	at net.minecraft.client.renderer.texture.TextureManager.register(TextureManager.java:66) ~[forge-1.20.1-47.4.20_mapped_official_1.20.1-recomp.jar:?]
	at net.minecraft.client.renderer.texture.TextureManager.handler$zzp000$wrapAnimatableTexture(TextureManager.java:529) ~[forge-1.20.1-47.4.20_mapped_official_1.20.1-recomp.jar:?]
	at net.minecraft.client.renderer.texture.TextureManager.getTexture(TextureManager.java) ~[forge-1.20.1-47.4.20_mapped_official_1.20.1-recomp.jar:?]
	at net.minecraft.client.renderer.RenderStateShard$TextureStateShard.lambda$new$0(RenderStateShard.java:520) ~[forge-1.20.1-47.4.20_mapped_official_1.20.1-recomp.jar:?]
	at net.minecraft.client.renderer.RenderStateShard.setupRenderState(RenderStateShard.java:254) ~[forge-1.20.1-47.4.20_mapped_official_1.20.1-recomp.jar:?]
	at com.google.common.collect.ImmutableList.forEach(ImmutableList.java:422) ~[guava-31.1-jre.jar:?]
	at net.minecraft.client.renderer.RenderType$CompositeRenderType.lambda$new$1(RenderType.java:490) ~[forge-1.20.1-47.4.20_mapped_official_1.20.1-recomp.jar:?]
	at net.minecraft.client.renderer.RenderStateShard.setupRenderState(RenderStateShard.java:254) ~[forge-1.20.1-47.4.20_mapped_official_1.20.1-recomp.jar:?]
	at net.minecraft.client.renderer.RenderType.end(RenderType.java:433) ~[forge-1.20.1-47.4.20_mapped_official_1.20.1-recomp.jar:?]
	at net.minecraft.client.renderer.MultiBufferSource$BufferSource.endBatch(MultiBufferSource.java:96) ~[forge-1.20.1-47.4.20_mapped_official_1.20.1-recomp.jar:?]
	at net.minecraft.client.renderer.MultiBufferSource$BufferSource.getBuffer(MultiBufferSource.java:46) ~[forge-1.20.1-47.4.20_mapped_official_1.20.1-recomp.jar:?]
	at net.minecraft.client.renderer.entity.ItemRenderer.getArmorFoilBuffer(ItemRenderer.java:163) ~[forge-1.20.1-47.4.20_mapped_official_1.20.1-recomp.jar:?]
	at software.bernie.geckolib.renderer.GeoArmorRenderer.renderToBuffer(GeoArmorRenderer.java:298) ~[geckolib-388172-7553267_mapped_official_1.20.1.jar:4.8.3]
	at net.minecraft.client.renderer.entity.layers.HumanoidArmorLayer.renderModel(HumanoidArmorLayer.java:110) ~[forge-1.20.1-47.4.20_mapped_official_1.20.1-recomp.jar:?]
	at net.minecraft.client.renderer.entity.layers.HumanoidArmorLayer.renderArmorPiece(HumanoidArmorLayer.java:67) ~[forge-1.20.1-47.4.20_mapped_official_1.20.1-recomp.jar:?]
	at net.minecraft.client.renderer.entity.layers.HumanoidArmorLayer.render(HumanoidArmorLayer.java:47) ~[forge-1.20.1-47.4.20_mapped_official_1.20.1-recomp.jar:?]
	at net.minecraft.client.renderer.entity.layers.HumanoidArmorLayer.render(HumanoidArmorLayer.java:29) ~[forge-1.20.1-47.4.20_mapped_official_1.20.1-recomp.jar:?]
	at net.minecraft.client.renderer.entity.LivingEntityRenderer.render(LivingEntityRenderer.java:131) ~[forge-1.20.1-47.4.20_mapped_official_1.20.1-recomp.jar:?]
	at net.minecraft.client.renderer.entity.MobRenderer.render(MobRenderer.java:42) ~[forge-1.20.1-47.4.20_mapped_official_1.20.1-recomp.jar:?]
	at com.talhanation.recruits.client.render.RecruitHumanRenderer.render(RecruitHumanRenderer.java:68) ~[recruits-523860-7906232_mapped_official_1.20.1.jar:?]
	at com.talhanation.recruits.client.render.RecruitHumanRenderer.render(RecruitHumanRenderer.java:24) ~[recruits-523860-7906232_mapped_official_1.20.1.jar:?]
	at net.minecraft.client.renderer.entity.EntityRenderDispatcher.render(EntityRenderDispatcher.java:140) ~[forge-1.20.1-47.4.20_mapped_official_1.20.1-recomp.jar:?]
	at net.minecraft.client.renderer.LevelRenderer.renderEntity(LevelRenderer.java:1440) ~[forge-1.20.1-47.4.20_mapped_official_1.20.1-recomp.jar:?]
	at net.minecraft.client.renderer.LevelRenderer.renderLevel(LevelRenderer.java:1223) ~[forge-1.20.1-47.4.20_mapped_official_1.20.1-recomp.jar:?]
	at net.minecraft.client.renderer.GameRenderer.renderLevel(GameRenderer.java:1126) ~[forge-1.20.1-47.4.20_mapped_official_1.20.1-recomp.jar:?]
	at net.minecraft.client.renderer.GameRenderer.render(GameRenderer.java:909) ~[forge-1.20.1-47.4.20_mapped_official_1.20.1-recomp.jar:?]
	at net.minecraft.client.Minecraft.runTick(Minecraft.java:1146) ~[forge-1.20.1-47.4.20_mapped_official_1.20.1-recomp.jar:?]
	at net.minecraft.client.Minecraft.run(Minecraft.java:718) ~[forge-1.20.1-47.4.20_mapped_official_1.20.1-recomp.jar:?]
	at net.minecraft.client.main.Main.main(Main.java:218) ~[forge-1.20.1-47.4.20_mapped_official_1.20.1-recomp.jar:?]
	at jdk.internal.reflect.NativeMethodAccessorImpl.invoke0(Native Method) ~[?:?]
	at jdk.internal.reflect.NativeMethodAccessorImpl.invoke(NativeMethodAccessorImpl.java:77) ~[?:?]
	at jdk.internal.reflect.DelegatingMethodAccessorImpl.invoke(DelegatingMethodAccessorImpl.java:43) ~[?:?]
	at java.lang.reflect.Method.invoke(Method.java:569) ~[?:?]
	at net.minecraftforge.fml.loading.targets.CommonLaunchHandler.runTarget(CommonLaunchHandler.java:111) ~[fmlloader-1.20.1-47.4.20.jar:?]
	at net.minecraftforge.fml.loading.targets.CommonLaunchHandler.clientService(CommonLaunchHandler.java:99) ~[fmlloader-1.20.1-47.4.20.jar:?]
	at net.minecraftforge.fml.loading.targets.ForgeClientUserdevLaunchHandler.devService(ForgeClientUserdevLaunchHandler.java:19) ~[fmlloader-1.20.1-47.4.20.jar:?]
	at net.minecraftforge.fml.loading.targets.CommonDevLaunchHandler.lambda$makeService$7(CommonDevLaunchHandler.java:135) ~[fmlloader-1.20.1-47.4.20.jar:?]
	at cpw.mods.modlauncher.LaunchServiceHandlerDecorator.launch(LaunchServiceHandlerDecorator.java:30) ~[modlauncher-10.0.9.jar:?]
	at cpw.mods.modlauncher.LaunchServiceHandler.launch(LaunchServiceHandler.java:53) ~[modlauncher-10.0.9.jar:?]
	at cpw.mods.modlauncher.LaunchServiceHandler.launch(LaunchServiceHandler.java:71) ~[modlauncher-10.0.9.jar:?]
	at cpw.mods.modlauncher.Launcher.run(Launcher.java:108) ~[modlauncher-10.0.9.jar:?]
	at cpw.mods.modlauncher.Launcher.main(Launcher.java:78) ~[modlauncher-10.0.9.jar:?]
	at cpw.mods.modlauncher.BootstrapLaunchConsumer.accept(BootstrapLaunchConsumer.java:26) ~[modlauncher-10.0.9.jar:?]
	at cpw.mods.modlauncher.BootstrapLaunchConsumer.accept(BootstrapLaunchConsumer.java:23) ~[modlauncher-10.0.9.jar:?]
	at cpw.mods.bootstraplauncher.BootstrapLauncher.main(BootstrapLauncher.java:141) ~[bootstraplauncher-1.1.2.jar:?]
[25May2026 10:07:50.640] [Render thread/WARN] [net.minecraft.client.renderer.texture.TextureManager/]: Failed to load texture: fracturepoint:textures/models/armor/fracturepoint_layer_1.png
java.io.FileNotFoundException: fracturepoint:textures/models/armor/fracturepoint_layer_1.png
	at net.minecraft.server.packs.resources.ResourceProvider.lambda$getResourceOrThrow$0(ResourceProvider.java:17) ~[forge-1.20.1-47.4.20_mapped_official_1.20.1-recomp.jar:?]
	at java.util.Optional.orElseThrow(Optional.java:403) ~[?:?]
	at net.minecraft.server.packs.resources.ResourceProvider.getResourceOrThrow(ResourceProvider.java:16) ~[forge-1.20.1-47.4.20_mapped_official_1.20.1-recomp.jar:?]
	at net.minecraft.client.renderer.texture.SimpleTexture$TextureImage.load(SimpleTexture.java:85) ~[forge-1.20.1-47.4.20_mapped_official_1.20.1-recomp.jar:?]
	at net.minecraft.client.renderer.texture.SimpleTexture.getTextureImage(SimpleTexture.java:59) ~[forge-1.20.1-47.4.20_mapped_official_1.20.1-recomp.jar:?]
	at net.minecraft.client.renderer.texture.SimpleTexture.load(SimpleTexture.java:29) ~[forge-1.20.1-47.4.20_mapped_official_1.20.1-recomp.jar:?]
	at net.minecraft.client.renderer.texture.TextureManager.loadTexture(TextureManager.java:96) ~[forge-1.20.1-47.4.20_mapped_official_1.20.1-recomp.jar:?]
	at net.minecraft.client.renderer.texture.TextureManager.register(TextureManager.java:66) ~[forge-1.20.1-47.4.20_mapped_official_1.20.1-recomp.jar:?]
	at net.minecraft.client.renderer.texture.TextureManager.getTexture(TextureManager.java:119) ~[forge-1.20.1-47.4.20_mapped_official_1.20.1-recomp.jar:?]
	at net.minecraft.client.renderer.RenderStateShard$TextureStateShard.lambda$new$0(RenderStateShard.java:520) ~[forge-1.20.1-47.4.20_mapped_official_1.20.1-recomp.jar:?]
	at net.minecraft.client.renderer.RenderStateShard.setupRenderState(RenderStateShard.java:254) ~[forge-1.20.1-47.4.20_mapped_official_1.20.1-recomp.jar:?]
	at com.google.common.collect.ImmutableList.forEach(ImmutableList.java:422) ~[guava-31.1-jre.jar:?]
	at net.minecraft.client.renderer.RenderType$CompositeRenderType.lambda$new$1(RenderType.java:490) ~[forge-1.20.1-47.4.20_mapped_official_1.20.1-recomp.jar:?]
	at net.minecraft.client.renderer.RenderStateShard.setupRenderState(RenderStateShard.java:254) ~[forge-1.20.1-47.4.20_mapped_official_1.20.1-recomp.jar:?]
	at net.minecraft.client.renderer.RenderType.end(RenderType.java:433) ~[forge-1.20.1-47.4.20_mapped_official_1.20.1-recomp.jar:?]
	at net.minecraft.client.renderer.MultiBufferSource$BufferSource.endBatch(MultiBufferSource.java:96) ~[forge-1.20.1-47.4.20_mapped_official_1.20.1-recomp.jar:?]
	at net.minecraft.client.renderer.MultiBufferSource$BufferSource.getBuffer(MultiBufferSource.java:46) ~[forge-1.20.1-47.4.20_mapped_official_1.20.1-recomp.jar:?]
	at net.minecraft.client.renderer.entity.ItemRenderer.getArmorFoilBuffer(ItemRenderer.java:163) ~[forge-1.20.1-47.4.20_mapped_official_1.20.1-recomp.jar:?]
	at software.bernie.geckolib.renderer.GeoArmorRenderer.renderToBuffer(GeoArmorRenderer.java:298) ~[geckolib-388172-7553267_mapped_official_1.20.1.jar:4.8.3]
	at net.minecraft.client.renderer.entity.layers.HumanoidArmorLayer.renderModel(HumanoidArmorLayer.java:110) ~[forge-1.20.1-47.4.20_mapped_official_1.20.1-recomp.jar:?]
	at net.minecraft.client.renderer.entity.layers.HumanoidArmorLayer.renderArmorPiece(HumanoidArmorLayer.java:67) ~[forge-1.20.1-47.4.20_mapped_official_1.20.1-recomp.jar:?]
	at net.minecraft.client.renderer.entity.layers.HumanoidArmorLayer.render(HumanoidArmorLayer.java:47) ~[forge-1.20.1-47.4.20_mapped_official_1.20.1-recomp.jar:?]
	at net.minecraft.client.renderer.entity.layers.HumanoidArmorLayer.render(HumanoidArmorLayer.java:29) ~[forge-1.20.1-47.4.20_mapped_official_1.20.1-recomp.jar:?]
	at net.minecraft.client.renderer.entity.LivingEntityRenderer.render(LivingEntityRenderer.java:131) ~[forge-1.20.1-47.4.20_mapped_official_1.20.1-recomp.jar:?]
	at net.minecraft.client.renderer.entity.MobRenderer.render(MobRenderer.java:42) ~[forge-1.20.1-47.4.20_mapped_official_1.20.1-recomp.jar:?]
	at com.talhanation.recruits.client.render.RecruitHumanRenderer.render(RecruitHumanRenderer.java:68) ~[recruits-523860-7906232_mapped_official_1.20.1.jar:?]
	at com.talhanation.recruits.client.render.RecruitHumanRenderer.render(RecruitHumanRenderer.java:24) ~[recruits-523860-7906232_mapped_official_1.20.1.jar:?]
	at net.minecraft.client.renderer.entity.EntityRenderDispatcher.render(EntityRenderDispatcher.java:140) ~[forge-1.20.1-47.4.20_mapped_official_1.20.1-recomp.jar:?]
	at net.minecraft.client.renderer.LevelRenderer.renderEntity(LevelRenderer.java:1440) ~[forge-1.20.1-47.4.20_mapped_official_1.20.1-recomp.jar:?]
	at net.minecraft.client.renderer.LevelRenderer.renderLevel(LevelRenderer.java:1223) ~[forge-1.20.1-47.4.20_mapped_official_1.20.1-recomp.jar:?]
	at net.minecraft.client.renderer.GameRenderer.renderLevel(GameRenderer.java:1126) ~[forge-1.20.1-47.4.20_mapped_official_1.20.1-recomp.jar:?]
	at net.minecraft.client.renderer.GameRenderer.render(GameRenderer.java:909) ~[forge-1.20.1-47.4.20_mapped_official_1.20.1-recomp.jar:?]
	at net.minecraft.client.Minecraft.runTick(Minecraft.java:1146) ~[forge-1.20.1-47.4.20_mapped_official_1.20.1-recomp.jar:?]
	at net.minecraft.client.Minecraft.run(Minecraft.java:718) ~[forge-1.20.1-47.4.20_mapped_official_1.20.1-recomp.jar:?]
	at net.minecraft.client.main.Main.main(Main.java:218) ~[forge-1.20.1-47.4.20_mapped_official_1.20.1-recomp.jar:?]
	at jdk.internal.reflect.NativeMethodAccessorImpl.invoke0(Native Method) ~[?:?]
	at jdk.internal.reflect.NativeMethodAccessorImpl.invoke(NativeMethodAccessorImpl.java:77) ~[?:?]
	at jdk.internal.reflect.DelegatingMethodAccessorImpl.invoke(DelegatingMethodAccessorImpl.java:43) ~[?:?]
	at java.lang.reflect.Method.invoke(Method.java:569) ~[?:?]
	at net.minecraftforge.fml.loading.targets.CommonLaunchHandler.runTarget(CommonLaunchHandler.java:111) ~[fmlloader-1.20.1-47.4.20.jar:?]
	at net.minecraftforge.fml.loading.targets.CommonLaunchHandler.clientService(CommonLaunchHandler.java:99) ~[fmlloader-1.20.1-47.4.20.jar:?]
	at net.minecraftforge.fml.loading.targets.ForgeClientUserdevLaunchHandler.devService(ForgeClientUserdevLaunchHandler.java:19) ~[fmlloader-1.20.1-47.4.20.jar:?]
	at net.minecraftforge.fml.loading.targets.CommonDevLaunchHandler.lambda$makeService$7(CommonDevLaunchHandler.java:135) ~[fmlloader-1.20.1-47.4.20.jar:?]
	at cpw.mods.modlauncher.LaunchServiceHandlerDecorator.launch(LaunchServiceHandlerDecorator.java:30) ~[modlauncher-10.0.9.jar:?]
	at cpw.mods.modlauncher.LaunchServiceHandler.launch(LaunchServiceHandler.java:53) ~[modlauncher-10.0.9.jar:?]
	at cpw.mods.modlauncher.LaunchServiceHandler.launch(LaunchServiceHandler.java:71) ~[modlauncher-10.0.9.jar:?]
	at cpw.mods.modlauncher.Launcher.run(Launcher.java:108) ~[modlauncher-10.0.9.jar:?]
	at cpw.mods.modlauncher.Launcher.main(Launcher.java:78) ~[modlauncher-10.0.9.jar:?]
	at cpw.mods.modlauncher.BootstrapLaunchConsumer.accept(BootstrapLaunchConsumer.java:26) ~[modlauncher-10.0.9.jar:?]
	at cpw.mods.modlauncher.BootstrapLaunchConsumer.accept(BootstrapLaunchConsumer.java:23) ~[modlauncher-10.0.9.jar:?]
	at cpw.mods.bootstraplauncher.BootstrapLauncher.main(BootstrapLauncher.java:141) ~[bootstraplauncher-1.1.2.jar:?]
[25May2026 10:07:50.970] [Render thread/WARN] [net.minecraft.client.renderer.texture.TextureManager/]: Failed to load texture: fracturepoint:textures/models/armor/fracturepoint_layer_2.png
java.io.FileNotFoundException: fracturepoint:textures/models/armor/fracturepoint_layer_2.png
	at net.minecraft.server.packs.resources.ResourceProvider.lambda$getResourceOrThrow$0(ResourceProvider.java:17) ~[forge-1.20.1-47.4.20_mapped_official_1.20.1-recomp.jar:?]
	at java.util.Optional.orElseThrow(Optional.java:403) ~[?:?]
	at net.minecraft.server.packs.resources.ResourceProvider.getResourceOrThrow(ResourceProvider.java:16) ~[forge-1.20.1-47.4.20_mapped_official_1.20.1-recomp.jar:?]
	at software.bernie.geckolib.cache.texture.AnimatableTexture.load(AnimatableTexture.java:40) ~[geckolib-388172-7553267_mapped_official_1.20.1.jar:4.8.3]
	at net.minecraft.client.renderer.texture.TextureManager.loadTexture(TextureManager.java:96) ~[forge-1.20.1-47.4.20_mapped_official_1.20.1-recomp.jar:?]
	at net.minecraft.client.renderer.texture.TextureManager.register(TextureManager.java:66) ~[forge-1.20.1-47.4.20_mapped_official_1.20.1-recomp.jar:?]
	at net.minecraft.client.renderer.texture.TextureManager.handler$zzp000$wrapAnimatableTexture(TextureManager.java:529) ~[forge-1.20.1-47.4.20_mapped_official_1.20.1-recomp.jar:?]
	at net.minecraft.client.renderer.texture.TextureManager.getTexture(TextureManager.java) ~[forge-1.20.1-47.4.20_mapped_official_1.20.1-recomp.jar:?]
	at net.minecraft.client.renderer.RenderStateShard$TextureStateShard.lambda$new$0(RenderStateShard.java:520) ~[forge-1.20.1-47.4.20_mapped_official_1.20.1-recomp.jar:?]
	at net.minecraft.client.renderer.RenderStateShard.setupRenderState(RenderStateShard.java:254) ~[forge-1.20.1-47.4.20_mapped_official_1.20.1-recomp.jar:?]
	at com.google.common.collect.ImmutableList.forEach(ImmutableList.java:422) ~[guava-31.1-jre.jar:?]
	at net.minecraft.client.renderer.RenderType$CompositeRenderType.lambda$new$1(RenderType.java:490) ~[forge-1.20.1-47.4.20_mapped_official_1.20.1-recomp.jar:?]
	at net.minecraft.client.renderer.RenderStateShard.setupRenderState(RenderStateShard.java:254) ~[forge-1.20.1-47.4.20_mapped_official_1.20.1-recomp.jar:?]
	at net.minecraft.client.renderer.RenderType.end(RenderType.java:433) ~[forge-1.20.1-47.4.20_mapped_official_1.20.1-recomp.jar:?]
	at net.minecraft.client.renderer.MultiBufferSource$BufferSource.endBatch(MultiBufferSource.java:96) ~[forge-1.20.1-47.4.20_mapped_official_1.20.1-recomp.jar:?]
	at net.minecraft.client.renderer.MultiBufferSource$BufferSource.getBuffer(MultiBufferSource.java:46) ~[forge-1.20.1-47.4.20_mapped_official_1.20.1-recomp.jar:?]
	at net.minecraft.client.renderer.entity.ItemRenderer.getArmorFoilBuffer(ItemRenderer.java:163) ~[forge-1.20.1-47.4.20_mapped_official_1.20.1-recomp.jar:?]
	at software.bernie.geckolib.renderer.GeoArmorRenderer.renderToBuffer(GeoArmorRenderer.java:298) ~[geckolib-388172-7553267_mapped_official_1.20.1.jar:4.8.3]
	at net.minecraft.client.renderer.entity.layers.HumanoidArmorLayer.renderModel(HumanoidArmorLayer.java:110) ~[forge-1.20.1-47.4.20_mapped_official_1.20.1-recomp.jar:?]
	at net.minecraft.client.renderer.entity.layers.HumanoidArmorLayer.renderArmorPiece(HumanoidArmorLayer.java:67) ~[forge-1.20.1-47.4.20_mapped_official_1.20.1-recomp.jar:?]
	at net.minecraft.client.renderer.entity.layers.HumanoidArmorLayer.render(HumanoidArmorLayer.java:45) ~[forge-1.20.1-47.4.20_mapped_official_1.20.1-recomp.jar:?]
	at net.minecraft.client.renderer.entity.layers.HumanoidArmorLayer.render(HumanoidArmorLayer.java:29) ~[forge-1.20.1-47.4.20_mapped_official_1.20.1-recomp.jar:?]
	at net.minecraft.client.renderer.entity.LivingEntityRenderer.render(LivingEntityRenderer.java:131) ~[forge-1.20.1-47.4.20_mapped_official_1.20.1-recomp.jar:?]
	at net.minecraft.client.renderer.entity.MobRenderer.render(MobRenderer.java:42) ~[forge-1.20.1-47.4.20_mapped_official_1.20.1-recomp.jar:?]
	at com.talhanation.recruits.client.render.RecruitHumanRenderer.render(RecruitHumanRenderer.java:68) ~[recruits-523860-7906232_mapped_official_1.20.1.jar:?]
	at com.talhanation.recruits.client.render.RecruitHumanRenderer.render(RecruitHumanRenderer.java:24) ~[recruits-523860-7906232_mapped_official_1.20.1.jar:?]
	at net.minecraft.client.renderer.entity.EntityRenderDispatcher.render(EntityRenderDispatcher.java:140) ~[forge-1.20.1-47.4.20_mapped_official_1.20.1-recomp.jar:?]
	at net.minecraft.client.renderer.LevelRenderer.renderEntity(LevelRenderer.java:1440) ~[forge-1.20.1-47.4.20_mapped_official_1.20.1-recomp.jar:?]
	at net.minecraft.client.renderer.LevelRenderer.renderLevel(LevelRenderer.java:1223) ~[forge-1.20.1-47.4.20_mapped_official_1.20.1-recomp.jar:?]
	at net.minecraft.client.renderer.GameRenderer.renderLevel(GameRenderer.java:1126) ~[forge-1.20.1-47.4.20_mapped_official_1.20.1-recomp.jar:?]
	at net.minecraft.client.renderer.GameRenderer.render(GameRenderer.java:909) ~[forge-1.20.1-47.4.20_mapped_official_1.20.1-recomp.jar:?]
	at net.minecraft.client.Minecraft.runTick(Minecraft.java:1146) ~[forge-1.20.1-47.4.20_mapped_official_1.20.1-recomp.jar:?]
	at net.minecraft.client.Minecraft.run(Minecraft.java:718) ~[forge-1.20.1-47.4.20_mapped_official_1.20.1-recomp.jar:?]
	at net.minecraft.client.main.Main.main(Main.java:218) ~[forge-1.20.1-47.4.20_mapped_official_1.20.1-recomp.jar:?]
	at jdk.internal.reflect.NativeMethodAccessorImpl.invoke0(Native Method) ~[?:?]
	at jdk.internal.reflect.NativeMethodAccessorImpl.invoke(NativeMethodAccessorImpl.java:77) ~[?:?]
	at jdk.internal.reflect.DelegatingMethodAccessorImpl.invoke(DelegatingMethodAccessorImpl.java:43) ~[?:?]
	at java.lang.reflect.Method.invoke(Method.java:569) ~[?:?]
	at net.minecraftforge.fml.loading.targets.CommonLaunchHandler.runTarget(CommonLaunchHandler.java:111) ~[fmlloader-1.20.1-47.4.20.jar:?]
	at net.minecraftforge.fml.loading.targets.CommonLaunchHandler.clientService(CommonLaunchHandler.java:99) ~[fmlloader-1.20.1-47.4.20.jar:?]
	at net.minecraftforge.fml.loading.targets.ForgeClientUserdevLaunchHandler.devService(ForgeClientUserdevLaunchHandler.java:19) ~[fmlloader-1.20.1-47.4.20.jar:?]
	at net.minecraftforge.fml.loading.targets.CommonDevLaunchHandler.lambda$makeService$7(CommonDevLaunchHandler.java:135) ~[fmlloader-1.20.1-47.4.20.jar:?]
	at cpw.mods.modlauncher.LaunchServiceHandlerDecorator.launch(LaunchServiceHandlerDecorator.java:30) ~[modlauncher-10.0.9.jar:?]
	at cpw.mods.modlauncher.LaunchServiceHandler.launch(LaunchServiceHandler.java:53) ~[modlauncher-10.0.9.jar:?]
	at cpw.mods.modlauncher.LaunchServiceHandler.launch(LaunchServiceHandler.java:71) ~[modlauncher-10.0.9.jar:?]
	at cpw.mods.modlauncher.Launcher.run(Launcher.java:108) ~[modlauncher-10.0.9.jar:?]
	at cpw.mods.modlauncher.Launcher.main(Launcher.java:78) ~[modlauncher-10.0.9.jar:?]
	at cpw.mods.modlauncher.BootstrapLaunchConsumer.accept(BootstrapLaunchConsumer.java:26) ~[modlauncher-10.0.9.jar:?]
	at cpw.mods.modlauncher.BootstrapLaunchConsumer.accept(BootstrapLaunchConsumer.java:23) ~[modlauncher-10.0.9.jar:?]
	at cpw.mods.bootstraplauncher.BootstrapLauncher.main(BootstrapLauncher.java:141) ~[bootstraplauncher-1.1.2.jar:?]
[25May2026 10:07:50.972] [Render thread/WARN] [net.minecraft.client.renderer.texture.TextureManager/]: Failed to load texture: fracturepoint:textures/models/armor/fracturepoint_layer_2.png
java.io.FileNotFoundException: fracturepoint:textures/models/armor/fracturepoint_layer_2.png
	at net.minecraft.server.packs.resources.ResourceProvider.lambda$getResourceOrThrow$0(ResourceProvider.java:17) ~[forge-1.20.1-47.4.20_mapped_official_1.20.1-recomp.jar:?]
	at java.util.Optional.orElseThrow(Optional.java:403) ~[?:?]
	at net.minecraft.server.packs.resources.ResourceProvider.getResourceOrThrow(ResourceProvider.java:16) ~[forge-1.20.1-47.4.20_mapped_official_1.20.1-recomp.jar:?]
	at net.minecraft.client.renderer.texture.SimpleTexture$TextureImage.load(SimpleTexture.java:85) ~[forge-1.20.1-47.4.20_mapped_official_1.20.1-recomp.jar:?]
	at net.minecraft.client.renderer.texture.SimpleTexture.getTextureImage(SimpleTexture.java:59) ~[forge-1.20.1-47.4.20_mapped_official_1.20.1-recomp.jar:?]
	at net.minecraft.client.renderer.texture.SimpleTexture.load(SimpleTexture.java:29) ~[forge-1.20.1-47.4.20_mapped_official_1.20.1-recomp.jar:?]
	at net.minecraft.client.renderer.texture.TextureManager.loadTexture(TextureManager.java:96) ~[forge-1.20.1-47.4.20_mapped_official_1.20.1-recomp.jar:?]
	at net.minecraft.client.renderer.texture.TextureManager.register(TextureManager.java:66) ~[forge-1.20.1-47.4.20_mapped_official_1.20.1-recomp.jar:?]
	at net.minecraft.client.renderer.texture.TextureManager.getTexture(TextureManager.java:119) ~[forge-1.20.1-47.4.20_mapped_official_1.20.1-recomp.jar:?]
	at net.minecraft.client.renderer.RenderStateShard$TextureStateShard.lambda$new$0(RenderStateShard.java:520) ~[forge-1.20.1-47.4.20_mapped_official_1.20.1-recomp.jar:?]
	at net.minecraft.client.renderer.RenderStateShard.setupRenderState(RenderStateShard.java:254) ~[forge-1.20.1-47.4.20_mapped_official_1.20.1-recomp.jar:?]
	at com.google.common.collect.ImmutableList.forEach(ImmutableList.java:422) ~[guava-31.1-jre.jar:?]
	at net.minecraft.client.renderer.RenderType$CompositeRenderType.lambda$new$1(RenderType.java:490) ~[forge-1.20.1-47.4.20_mapped_official_1.20.1-recomp.jar:?]
	at net.minecraft.client.renderer.RenderStateShard.setupRenderState(RenderStateShard.java:254) ~[forge-1.20.1-47.4.20_mapped_official_1.20.1-recomp.jar:?]
	at net.minecraft.client.renderer.RenderType.end(RenderType.java:433) ~[forge-1.20.1-47.4.20_mapped_official_1.20.1-recomp.jar:?]
	at net.minecraft.client.renderer.MultiBufferSource$BufferSource.endBatch(MultiBufferSource.java:96) ~[forge-1.20.1-47.4.20_mapped_official_1.20.1-recomp.jar:?]
	at net.minecraft.client.renderer.MultiBufferSource$BufferSource.getBuffer(MultiBufferSource.java:46) ~[forge-1.20.1-47.4.20_mapped_official_1.20.1-recomp.jar:?]
	at net.minecraft.client.renderer.entity.ItemRenderer.getArmorFoilBuffer(ItemRenderer.java:163) ~[forge-1.20.1-47.4.20_mapped_official_1.20.1-recomp.jar:?]
	at software.bernie.geckolib.renderer.GeoArmorRenderer.renderToBuffer(GeoArmorRenderer.java:298) ~[geckolib-388172-7553267_mapped_official_1.20.1.jar:4.8.3]
	at net.minecraft.client.renderer.entity.layers.HumanoidArmorLayer.renderModel(HumanoidArmorLayer.java:110) ~[forge-1.20.1-47.4.20_mapped_official_1.20.1-recomp.jar:?]
	at net.minecraft.client.renderer.entity.layers.HumanoidArmorLayer.renderArmorPiece(HumanoidArmorLayer.java:67) ~[forge-1.20.1-47.4.20_mapped_official_1.20.1-recomp.jar:?]
	at net.minecraft.client.renderer.entity.layers.HumanoidArmorLayer.render(HumanoidArmorLayer.java:45) ~[forge-1.20.1-47.4.20_mapped_official_1.20.1-recomp.jar:?]
	at net.minecraft.client.renderer.entity.layers.HumanoidArmorLayer.render(HumanoidArmorLayer.java:29) ~[forge-1.20.1-47.4.20_mapped_official_1.20.1-recomp.jar:?]
	at net.minecraft.client.renderer.entity.LivingEntityRenderer.render(LivingEntityRenderer.java:131) ~[forge-1.20.1-47.4.20_mapped_official_1.20.1-recomp.jar:?]
	at net.minecraft.client.renderer.entity.MobRenderer.render(MobRenderer.java:42) ~[forge-1.20.1-47.4.20_mapped_official_1.20.1-recomp.jar:?]
	at com.talhanation.recruits.client.render.RecruitHumanRenderer.render(RecruitHumanRenderer.java:68) ~[recruits-523860-7906232_mapped_official_1.20.1.jar:?]
	at com.talhanation.recruits.client.render.RecruitHumanRenderer.render(RecruitHumanRenderer.java:24) ~[recruits-523860-7906232_mapped_official_1.20.1.jar:?]
	at net.minecraft.client.renderer.entity.EntityRenderDispatcher.render(EntityRenderDispatcher.java:140) ~[forge-1.20.1-47.4.20_mapped_official_1.20.1-recomp.jar:?]
	at net.minecraft.client.renderer.LevelRenderer.renderEntity(LevelRenderer.java:1440) ~[forge-1.20.1-47.4.20_mapped_official_1.20.1-recomp.jar:?]
	at net.minecraft.client.renderer.LevelRenderer.renderLevel(LevelRenderer.java:1223) ~[forge-1.20.1-47.4.20_mapped_official_1.20.1-recomp.jar:?]
	at net.minecraft.client.renderer.GameRenderer.renderLevel(GameRenderer.java:1126) ~[forge-1.20.1-47.4.20_mapped_official_1.20.1-recomp.jar:?]
	at net.minecraft.client.renderer.GameRenderer.render(GameRenderer.java:909) ~[forge-1.20.1-47.4.20_mapped_official_1.20.1-recomp.jar:?]
	at net.minecraft.client.Minecraft.runTick(Minecraft.java:1146) ~[forge-1.20.1-47.4.20_mapped_official_1.20.1-recomp.jar:?]
	at net.minecraft.client.Minecraft.run(Minecraft.java:718) ~[forge-1.20.1-47.4.20_mapped_official_1.20.1-recomp.jar:?]
	at net.minecraft.client.main.Main.main(Main.java:218) ~[forge-1.20.1-47.4.20_mapped_official_1.20.1-recomp.jar:?]
	at jdk.internal.reflect.NativeMethodAccessorImpl.invoke0(Native Method) ~[?:?]
	at jdk.internal.reflect.NativeMethodAccessorImpl.invoke(NativeMethodAccessorImpl.java:77) ~[?:?]
	at jdk.internal.reflect.DelegatingMethodAccessorImpl.invoke(DelegatingMethodAccessorImpl.java:43) ~[?:?]
	at java.lang.reflect.Method.invoke(Method.java:569) ~[?:?]
	at net.minecraftforge.fml.loading.targets.CommonLaunchHandler.runTarget(CommonLaunchHandler.java:111) ~[fmlloader-1.20.1-47.4.20.jar:?]
	at net.minecraftforge.fml.loading.targets.CommonLaunchHandler.clientService(CommonLaunchHandler.java:99) ~[fmlloader-1.20.1-47.4.20.jar:?]
	at net.minecraftforge.fml.loading.targets.ForgeClientUserdevLaunchHandler.devService(ForgeClientUserdevLaunchHandler.java:19) ~[fmlloader-1.20.1-47.4.20.jar:?]
	at net.minecraftforge.fml.loading.targets.CommonDevLaunchHandler.lambda$makeService$7(CommonDevLaunchHandler.java:135) ~[fmlloader-1.20.1-47.4.20.jar:?]
	at cpw.mods.modlauncher.LaunchServiceHandlerDecorator.launch(LaunchServiceHandlerDecorator.java:30) ~[modlauncher-10.0.9.jar:?]
	at cpw.mods.modlauncher.LaunchServiceHandler.launch(LaunchServiceHandler.java:53) ~[modlauncher-10.0.9.jar:?]
	at cpw.mods.modlauncher.LaunchServiceHandler.launch(LaunchServiceHandler.java:71) ~[modlauncher-10.0.9.jar:?]
	at cpw.mods.modlauncher.Launcher.run(Launcher.java:108) ~[modlauncher-10.0.9.jar:?]
	at cpw.mods.modlauncher.Launcher.main(Launcher.java:78) ~[modlauncher-10.0.9.jar:?]
	at cpw.mods.modlauncher.BootstrapLaunchConsumer.accept(BootstrapLaunchConsumer.java:26) ~[modlauncher-10.0.9.jar:?]
	at cpw.mods.modlauncher.BootstrapLaunchConsumer.accept(BootstrapLaunchConsumer.java:23) ~[modlauncher-10.0.9.jar:?]
	at cpw.mods.bootstraplauncher.BootstrapLauncher.main(BootstrapLauncher.java:141) ~[bootstraplauncher-1.1.2.jar:?]
[25May2026 10:08:07.081] [Render thread/INFO] [recruits/]: Dev is opening hire container for c51e8c42-db59-4a06-8f75-15917f6bf51e
[25May2026 10:08:07.081] [Render thread/INFO] [recruits/]: Recruit is CrossBowmanEntity['Crossbowman'/691, l='ClientLevel', x=-3.50, y=71.00, z=-1.50]
[25May2026 10:08:12.182] [Render thread/INFO] [recruits/]: Dev is opening hire container for c51e8c42-db59-4a06-8f75-15917f6bf51e
[25May2026 10:08:12.182] [Render thread/INFO] [recruits/]: Recruit is CrossBowmanEntity['Crossbowman'/691, l='ClientLevel', x=-3.50, y=71.00, z=-1.50]
[25May2026 10:10:11.881] [Render thread/INFO] [recruits/]: Dev is opening hire container for c51e8c42-db59-4a06-8f75-15917f6bf51e
[25May2026 10:10:11.881] [Render thread/INFO] [recruits/]: Recruit is CrossBowmanEntity['Crossbowman'/691, l='ClientLevel', x=-3.50, y=71.00, z=-1.50]
[25May2026 10:10:27.485] [Render thread/INFO] [recruits/]: Dev is opening command container for 380df991-f603-344c-a090-369bad2a924a
[25May2026 10:10:27.485] [Render thread/INFO] [recruits/]: Player is LocalPlayer['Dev'/241, l='ClientLevel', x=-1.86, y=73.16, z=-4.89]
[25May2026 10:10:37.225] [Render thread/INFO] [recruits/]: Dev is opening command container for 380df991-f603-344c-a090-369bad2a924a
[25May2026 10:10:37.225] [Render thread/INFO] [recruits/]: Player is LocalPlayer['Dev'/241, l='ClientLevel', x=-7.08, y=73.16, z=2.00]
[25May2026 10:10:37.655] [Render thread/INFO] [net.minecraft.client.gui.components.ChatComponent/]: [System] [CHAT] Infantry,  Forward!
[25May2026 10:10:44.796] [Render thread/INFO] [recruits/]: Dev is opening command container for 380df991-f603-344c-a090-369bad2a924a
[25May2026 10:10:44.796] [Render thread/INFO] [recruits/]: Player is LocalPlayer['Dev'/241, l='ClientLevel', x=-10.26, y=73.16, z=-36.45]
[25May2026 10:10:46.547] [Render thread/INFO] [net.minecraft.client.gui.components.ChatComponent/]: [System] [CHAT] Infantry,  Fire at will!
[25May2026 10:10:53.236] [Render thread/INFO] [recruits/]: Dev is opening command container for 380df991-f603-344c-a090-369bad2a924a
[25May2026 10:10:53.237] [Render thread/INFO] [recruits/]: Player is LocalPlayer['Dev'/241, l='ClientLevel', x=-14.10, y=71.00, z=-39.39]
[25May2026 10:10:54.843] [Render thread/INFO] [net.minecraft.client.gui.components.ChatComponent/]: [System] [CHAT] Infantry,  Wander freely!
[25May2026 10:11:06.337] [Render thread/INFO] [recruits/]: Dev is opening command container for 380df991-f603-344c-a090-369bad2a924a
[25May2026 10:11:06.337] [Render thread/INFO] [recruits/]: Player is LocalPlayer['Dev'/241, l='ClientLevel', x=-17.82, y=74.28, z=-43.24]
[25May2026 10:11:08.855] [Render thread/INFO] [net.minecraft.client.gui.components.ChatComponent/]: [System] [CHAT] Infantry,  Hold the Fire!
[25May2026 10:11:13.075] [Render thread/INFO] [recruits/]: Dev is opening command container for 380df991-f603-344c-a090-369bad2a924a
[25May2026 10:11:13.077] [Render thread/INFO] [recruits/]: Player is LocalPlayer['Dev'/241, l='ClientLevel', x=-17.43, y=73.53, z=-41.74]
[25May2026 10:11:13.485] [Render thread/INFO] [net.minecraft.client.gui.components.ChatComponent/]: [System] [CHAT] Infantry,  Fire at will!
[25May2026 10:11:21.071] [Server thread/DEBUG] [mixin/]: Mixing MixinAttackUtil from recruitstacz.mixins.json into com.talhanation.recruits.util.AttackUtil
[25May2026 10:11:21.071] [Server thread/DEBUG] [mixin/]: recruitstacz.mixins.json:MixinAttackUtil: Class version 61 required is higher than the class version supported by the current version of Mixin (JAVA_8 supports class version 52)
[25May2026 10:11:21.073] [Server thread/DEBUG] [mixin/]: Mixing compat.recruits.AttackUtilMixin from bettermobcombat.forge.mixins.json into com.talhanation.recruits.util.AttackUtil
[25May2026 10:11:21.073] [Server thread/DEBUG] [mixin/]: Renaming synthetic method lambda$bettermobcombat$useBetterCombatAttackCheck$2(Lcom/talhanation/recruits/entities/AbstractRecruitEntity;Lnet/minecraft/world/entity/LivingEntity;Lnet/minecraft/world/entity/Mob;Lnet/bettercombat/api/WeaponAttributes;)Z to md00b46c$lambda$bettermobcombat$useBetterCombatAttackCheck$2$0 in bettermobcombat.forge.mixins.json:compat.recruits.AttackUtilMixin
[25May2026 10:11:21.073] [Server thread/DEBUG] [mixin/]: Renaming synthetic method lambda$bettermobcombat$performBetterCombatAttack$1(Lcom/talhanation/recruits/entities/AbstractRecruitEntity;Lnet/bettercombat/api/WeaponAttributes;)V to md00b46c$lambda$bettermobcombat$performBetterCombatAttack$1$1 in bettermobcombat.forge.mixins.json:compat.recruits.AttackUtilMixin
[25May2026 10:11:21.073] [Server thread/DEBUG] [mixin/]: Renaming synthetic method lambda$pre_checkAndPerformAttack$0(Lcom/talhanation/recruits/entities/AbstractRecruitEntity;Lnet/minecraft/world/entity/LivingEntity;Lorg/spongepowered/asm/mixin/injection/callback/CallbackInfo;Lnet/minecraft/world/entity/Mob;Lnet/bettercombat/api/WeaponAttributes;)V to md00b46c$lambda$pre_checkAndPerformAttack$0$2 in bettermobcombat.forge.mixins.json:compat.recruits.AttackUtilMixin
[25May2026 10:11:31.674] [Render thread/INFO] [recruits/]: Dev is opening command container for 380df991-f603-344c-a090-369bad2a924a
[25May2026 10:11:31.675] [Render thread/INFO] [recruits/]: Player is LocalPlayer['Dev'/241, l='ClientLevel', x=-13.66, y=73.49, z=-13.38]
[25May2026 10:11:32.247] [Server thread/DEBUG] [net.minecraftforge.common.ForgeHooks/WP]: Gathering id map for writing to world save Testaad
[25May2026 10:11:32.259] [Server thread/DEBUG] [net.minecraftforge.common.ForgeHooks/WP]: ID Map collection complete Testaad
[25May2026 10:11:34.646] [Render thread/INFO] [net.minecraft.client.gui.components.ChatComponent/]: [System] [CHAT] Infantry,  Move!
[25May2026 10:11:58.113] [Server thread/INFO] [net.minecraft.client.server.IntegratedServer/]: Saving and pausing game...
[25May2026 10:11:58.120] [Server thread/INFO] [net.minecraft.server.MinecraftServer/]: Saving chunks for level 'ServerLevel[Testaad]'/minecraft:overworld
[25May2026 10:11:58.129] [Server thread/INFO] [net.minecraft.server.MinecraftServer/]: Saving chunks for level 'ServerLevel[Testaad]'/minecraft:the_end
[25May2026 10:11:58.131] [Server thread/INFO] [net.minecraft.server.MinecraftServer/]: Saving chunks for level 'ServerLevel[Testaad]'/minecraft:the_nether
[25May2026 10:11:58.134] [Server thread/DEBUG] [net.minecraftforge.common.ForgeHooks/WP]: Gathering id map for writing to world save Testaad
[25May2026 10:11:58.137] [Server thread/DEBUG] [net.minecraftforge.common.ForgeHooks/WP]: ID Map collection complete Testaad
[25May2026 10:13:34.711] [Render thread/INFO] [recruits/]: Dev is opening command container for 380df991-f603-344c-a090-369bad2a924a
[25May2026 10:13:34.711] [Render thread/INFO] [recruits/]: Player is LocalPlayer['Dev'/241, l='ClientLevel', x=-24.21, y=71.00, z=-95.24]
[25May2026 10:13:35.936] [Render thread/INFO] [net.minecraft.client.gui.components.ChatComponent/]: [System] [CHAT] Infantry,  Wander freely!
[25May2026 10:13:47.111] [Render thread/INFO] [recruits/]: Dev is opening command container for 380df991-f603-344c-a090-369bad2a924a
[25May2026 10:13:47.111] [Render thread/INFO] [recruits/]: Player is LocalPlayer['Dev'/241, l='ClientLevel', x=73.89, y=80.83, z=-201.53]
[25May2026 10:13:47.697] [Render thread/INFO] [net.minecraft.client.gui.components.ChatComponent/]: [System] [CHAT] Infantry,  Move!
[25May2026 10:13:57.586] [Render thread/INFO] [recruits/]: Dev is opening command container for 380df991-f603-344c-a090-369bad2a924a
[25May2026 10:13:57.586] [Render thread/INFO] [recruits/]: Player is LocalPlayer['Dev'/241, l='ClientLevel', x=-17.93, y=80.83, z=-111.65]
[25May2026 10:13:58.293] [Render thread/INFO] [net.minecraft.client.gui.components.ChatComponent/]: [System] [CHAT] Infantry,  Move!
[25May2026 10:14:06.272] [Render thread/INFO] [net.minecraft.advancements.AdvancementList/]: Loaded 33 advancements
[25May2026 10:14:06.318] [Server thread/INFO] [net.minecraft.world.entity.LivingEntity/]: Named entity CrossBowmanEntity['Crossbowman'/2701, l='ServerLevel[Testaad]', x=-9.44, y=36.00, z=-60.15] died: Crossbowman fell from a high place
[25May2026 10:14:06.321] [Render thread/INFO] [net.minecraft.client.gui.components.ChatComponent/]: [System] [CHAT] Crossbowman fell from a high place
[25May2026 10:14:36.942] [Render thread/INFO] [recruits/]: Dev is opening command container for 380df991-f603-344c-a090-369bad2a924a
[25May2026 10:14:36.942] [Render thread/INFO] [recruits/]: Player is LocalPlayer['Dev'/241, l='ClientLevel', x=111.96, y=78.01, z=-231.68]
[25May2026 10:14:38.309] [Render thread/INFO] [net.minecraft.client.gui.components.ChatComponent/]: [System] [CHAT] Infantry,  Attack!
[25May2026 10:15:24.986] [Render thread/INFO] [recruits/]: Dev is opening command container for 380df991-f603-344c-a090-369bad2a924a
[25May2026 10:15:24.986] [Render thread/INFO] [recruits/]: Player is LocalPlayer['Dev'/241, l='ClientLevel', x=90.17, y=69.00, z=-216.53]
[25May2026 10:15:26.229] [Render thread/INFO] [net.minecraft.client.gui.components.ChatComponent/]: [System] [CHAT] Infantry,  Wander freely!
[25May2026 10:16:19.756] [Render thread/INFO] [recruits/]: Dev is opening hire container for 3c498e0e-46b0-4c25-b9bb-1037f60faef6
[25May2026 10:16:19.756] [Render thread/INFO] [recruits/]: Recruit is CrossBowmanEntity['Crossbowman'/8586, l='ClientLevel', x=253.50, y=71.00, z=-281.50]
[25May2026 10:16:35.545] [Render thread/INFO] [recruits/]: Dev is opening command container for 380df991-f603-344c-a090-369bad2a924a
[25May2026 10:16:35.545] [Render thread/INFO] [recruits/]: Player is LocalPlayer['Dev'/241, l='ClientLevel', x=260.88, y=71.00, z=-281.24]
[25May2026 10:16:48.253] [Server thread/INFO] [net.minecraft.server.MinecraftServer/]: [Dev: Gamerule doDaylightCycle is now set to: false]
[25May2026 10:16:48.261] [Render thread/INFO] [net.minecraft.client.gui.components.ChatComponent/]: [System] [CHAT] Gamerule doDaylightCycle is now set to: false
[25May2026 10:16:52.387] [Render thread/INFO] [recruits/]: Dev is opening command container for 380df991-f603-344c-a090-369bad2a924a
[25May2026 10:16:52.388] [Render thread/INFO] [recruits/]: Player is LocalPlayer['Dev'/241, l='ClientLevel', x=260.03, y=71.00, z=-281.47]
[25May2026 10:16:53.168] [Render thread/INFO] [net.minecraft.client.gui.components.ChatComponent/]: [System] [CHAT] Infantry,  Face this direction!
[25May2026 10:17:03.808] [Render thread/INFO] [recruits/]: Dev is opening command container for 380df991-f603-344c-a090-369bad2a924a
[25May2026 10:17:03.808] [Render thread/INFO] [recruits/]: Player is LocalPlayer['Dev'/241, l='ClientLevel', x=234.98, y=74.24, z=-278.40]
[25May2026 10:17:08.515] [Render thread/INFO] [net.minecraft.client.gui.components.ChatComponent/]: [System] [CHAT] Infantry,  Move!
[25May2026 10:17:24.326] [Render thread/INFO] [recruits/]: Dev is opening command container for 380df991-f603-344c-a090-369bad2a924a
[25May2026 10:17:24.326] [Render thread/INFO] [recruits/]: Player is LocalPlayer['Dev'/241, l='ClientLevel', x=239.63, y=74.24, z=-280.99]
[25May2026 10:17:27.437] [Render thread/INFO] [recruits/]: Dev is opening command container for 380df991-f603-344c-a090-369bad2a924a
[25May2026 10:17:27.437] [Render thread/INFO] [recruits/]: Player is LocalPlayer['Dev'/241, l='ClientLevel', x=241.14, y=74.24, z=-282.58]
[25May2026 10:17:27.911] [Render thread/INFO] [net.minecraft.client.gui.components.ChatComponent/]: [System] [CHAT] Infantry,  Move!
[25May2026 10:17:36.282] [Render thread/INFO] [recruits/]: Dev is opening command container for 380df991-f603-344c-a090-369bad2a924a
[25May2026 10:17:36.282] [Render thread/INFO] [recruits/]: Player is LocalPlayer['Dev'/241, l='ClientLevel', x=252.96, y=74.24, z=-281.38]
[25May2026 10:17:41.910] [Render thread/INFO] [net.minecraft.client.gui.components.ChatComponent/]: [System] [CHAT] Infantry,  Move!
[25May2026 10:17:45.547] [Server thread/DEBUG] [net.minecraftforge.common.ForgeHooks/WP]: Gathering id map for writing to world save Testaad
[25May2026 10:17:45.550] [Server thread/DEBUG] [net.minecraftforge.common.ForgeHooks/WP]: ID Map collection complete Testaad
[25May2026 10:17:51.191] [Render thread/INFO] [recruits/]: Dev is opening command container for 380df991-f603-344c-a090-369bad2a924a
[25May2026 10:17:51.191] [Render thread/INFO] [recruits/]: Player is LocalPlayer['Dev'/241, l='ClientLevel', x=261.80, y=74.24, z=-279.78]
[25May2026 10:17:53.197] [Render thread/INFO] [net.minecraft.client.gui.components.ChatComponent/]: [System] [CHAT] Infantry,  Face this direction!
[25May2026 10:18:02.695] [Render thread/INFO] [net.minecraft.client.gui.components.ChatComponent/]: [System] [CHAT] Saved screenshot as 2026-05-25_10.18.02.png
[25May2026 10:18:27.764] [Server thread/INFO] [net.minecraft.client.server.IntegratedServer/]: Saving and pausing game...
[25May2026 10:18:27.770] [Server thread/INFO] [net.minecraft.server.MinecraftServer/]: Saving chunks for level 'ServerLevel[Testaad]'/minecraft:overworld
[25May2026 10:18:27.782] [Server thread/INFO] [net.minecraft.server.MinecraftServer/]: Saving chunks for level 'ServerLevel[Testaad]'/minecraft:the_end
[25May2026 10:18:27.782] [Server thread/INFO] [net.minecraft.server.MinecraftServer/]: Saving chunks for level 'ServerLevel[Testaad]'/minecraft:the_nether
[25May2026 10:18:27.783] [Server thread/DEBUG] [net.minecraftforge.common.ForgeHooks/WP]: Gathering id map for writing to world save Testaad
[25May2026 10:18:27.787] [Server thread/DEBUG] [net.minecraftforge.common.ForgeHooks/WP]: ID Map collection complete Testaad
[25May2026 10:18:28.224] [Server thread/INFO] [net.minecraft.server.network.ServerGamePacketListenerImpl/]: Dev lost connection: Disconnected
[25May2026 10:18:28.224] [Server thread/INFO] [net.minecraft.server.MinecraftServer/]: Dev left the game
[25May2026 10:18:28.233] [Server thread/INFO] [net.minecraft.server.network.ServerGamePacketListenerImpl/]: Stopping singleplayer server as player logged out
[25May2026 10:18:28.263] [Server thread/INFO] [net.minecraft.server.MinecraftServer/]: Stopping server
[25May2026 10:18:28.263] [Server thread/INFO] [net.minecraft.server.MinecraftServer/]: Saving players
[25May2026 10:18:28.264] [Server thread/INFO] [net.minecraft.server.MinecraftServer/]: Saving worlds
[25May2026 10:18:28.777] [Server thread/INFO] [net.minecraft.server.MinecraftServer/]: Saving chunks for level 'ServerLevel[Testaad]'/minecraft:overworld
[25May2026 10:18:29.510] [Server thread/INFO] [net.minecraft.server.MinecraftServer/]: Saving chunks for level 'ServerLevel[Testaad]'/minecraft:the_end
[25May2026 10:18:29.512] [Server thread/INFO] [net.minecraft.server.MinecraftServer/]: Saving chunks for level 'ServerLevel[Testaad]'/minecraft:the_nether
[25May2026 10:18:29.513] [Server thread/DEBUG] [net.minecraftforge.common.ForgeHooks/WP]: Gathering id map for writing to world save Testaad
[25May2026 10:18:29.515] [Server thread/DEBUG] [net.minecraftforge.common.ForgeHooks/WP]: ID Map collection complete Testaad
[25May2026 10:18:29.525] [Server thread/INFO] [net.minecraft.server.MinecraftServer/]: ThreadedAnvilChunkStorage (Testaad): All chunks are saved
[25May2026 10:18:29.525] [Server thread/INFO] [net.minecraft.server.MinecraftServer/]: ThreadedAnvilChunkStorage (DIM1): All chunks are saved
[25May2026 10:18:29.525] [Server thread/INFO] [net.minecraft.server.MinecraftServer/]: ThreadedAnvilChunkStorage (DIM-1): All chunks are saved
[25May2026 10:18:29.525] [Server thread/INFO] [net.minecraft.server.MinecraftServer/]: ThreadedAnvilChunkStorage: All dimensions are saved
[25May2026 10:18:29.543] [Server thread/DEBUG] [net.minecraftforge.registries.GameData/REGISTRIES]: Reverting to FROZEN data state.
[25May2026 10:18:29.543] [Server thread/DEBUG] [net.minecraftforge.registries.ForgeRegistry/REGISTRIES]: Registry minecraft:block Sync: ACTIVE -> FROZEN
[25May2026 10:18:29.546] [Server thread/DEBUG] [net.minecraftforge.registries.ForgeRegistry/REGISTRIES]: Registry minecraft:fluid Sync: ACTIVE -> FROZEN
[25May2026 10:18:29.546] [Server thread/DEBUG] [net.minecraftforge.registries.ForgeRegistry/REGISTRIES]: Registry minecraft:item Sync: ACTIVE -> FROZEN
[25May2026 10:18:29.550] [Server thread/DEBUG] [net.minecraftforge.registries.ForgeRegistry/REGISTRIES]: Registry minecraft:mob_effect Sync: ACTIVE -> FROZEN
[25May2026 10:18:29.551] [Server thread/DEBUG] [net.minecraftforge.registries.ForgeRegistry/REGISTRIES]: Registry minecraft:sound_event Sync: ACTIVE -> FROZEN
[25May2026 10:18:29.553] [Server thread/DEBUG] [net.minecraftforge.registries.ForgeRegistry/REGISTRIES]: Registry minecraft:potion Sync: ACTIVE -> FROZEN
[25May2026 10:18:29.554] [Server thread/DEBUG] [net.minecraftforge.registries.ForgeRegistry/REGISTRIES]: Registry minecraft:enchantment Sync: ACTIVE -> FROZEN
[25May2026 10:18:29.554] [Server thread/DEBUG] [net.minecraftforge.registries.ForgeRegistry/REGISTRIES]: Registry minecraft:entity_type Sync: ACTIVE -> FROZEN
[25May2026 10:18:29.554] [Server thread/DEBUG] [net.minecraftforge.registries.ForgeRegistry/REGISTRIES]: Registry minecraft:block_entity_type Sync: ACTIVE -> FROZEN
[25May2026 10:18:29.554] [Server thread/DEBUG] [net.minecraftforge.registries.ForgeRegistry/REGISTRIES]: Registry minecraft:particle_type Sync: ACTIVE -> FROZEN
[25May2026 10:18:29.554] [Server thread/DEBUG] [net.minecraftforge.registries.ForgeRegistry/REGISTRIES]: Registry minecraft:menu Sync: ACTIVE -> FROZEN
[25May2026 10:18:29.554] [Server thread/DEBUG] [net.minecraftforge.registries.ForgeRegistry/REGISTRIES]: Registry minecraft:painting_variant Sync: ACTIVE -> FROZEN
[25May2026 10:18:29.554] [Server thread/DEBUG] [net.minecraftforge.registries.ForgeRegistry/REGISTRIES]: Registry minecraft:recipe_type Sync: ACTIVE -> FROZEN
[25May2026 10:18:29.554] [Server thread/DEBUG] [net.minecraftforge.registries.ForgeRegistry/REGISTRIES]: Registry minecraft:recipe_serializer Sync: ACTIVE -> FROZEN
[25May2026 10:18:29.554] [Server thread/DEBUG] [net.minecraftforge.registries.ForgeRegistry/REGISTRIES]: Registry minecraft:attribute Sync: ACTIVE -> FROZEN
[25May2026 10:18:29.554] [Server thread/DEBUG] [net.minecraftforge.registries.ForgeRegistry/REGISTRIES]: Registry minecraft:stat_type Sync: ACTIVE -> FROZEN
[25May2026 10:18:29.554] [Server thread/DEBUG] [net.minecraftforge.registries.ForgeRegistry/REGISTRIES]: Registry minecraft:command_argument_type Sync: ACTIVE -> FROZEN
[25May2026 10:18:29.554] [Server thread/DEBUG] [net.minecraftforge.registries.ForgeRegistry/REGISTRIES]: Registry minecraft:villager_profession Sync: ACTIVE -> FROZEN
[25May2026 10:18:29.554] [Server thread/DEBUG] [net.minecraftforge.registries.ForgeRegistry/REGISTRIES]: Registry minecraft:point_of_interest_type Sync: ACTIVE -> FROZEN
[25May2026 10:18:29.555] [Server thread/DEBUG] [net.minecraftforge.registries.ForgeRegistry/REGISTRIES]: Registry minecraft:memory_module_type Sync: ACTIVE -> FROZEN
[25May2026 10:18:29.555] [Server thread/DEBUG] [net.minecraftforge.registries.ForgeRegistry/REGISTRIES]: Registry minecraft:sensor_type Sync: ACTIVE -> FROZEN
[25May2026 10:18:29.555] [Server thread/DEBUG] [net.minecraftforge.registries.ForgeRegistry/REGISTRIES]: Registry minecraft:schedule Sync: ACTIVE -> FROZEN
[25May2026 10:18:29.555] [Server thread/DEBUG] [net.minecraftforge.registries.ForgeRegistry/REGISTRIES]: Registry minecraft:activity Sync: ACTIVE -> FROZEN
[25May2026 10:18:29.555] [Server thread/DEBUG] [net.minecraftforge.registries.ForgeRegistry/REGISTRIES]: Registry minecraft:worldgen/carver Sync: ACTIVE -> FROZEN
[25May2026 10:18:29.555] [Server thread/DEBUG] [net.minecraftforge.registries.ForgeRegistry/REGISTRIES]: Registry minecraft:worldgen/feature Sync: ACTIVE -> FROZEN
[25May2026 10:18:29.555] [Server thread/DEBUG] [net.minecraftforge.registries.ForgeRegistry/REGISTRIES]: Registry minecraft:chunk_status Sync: ACTIVE -> FROZEN
[25May2026 10:18:29.556] [Server thread/DEBUG] [net.minecraftforge.registries.ForgeRegistry/REGISTRIES]: Registry minecraft:worldgen/block_state_provider_type Sync: ACTIVE -> FROZEN
[25May2026 10:18:29.556] [Server thread/DEBUG] [net.minecraftforge.registries.ForgeRegistry/REGISTRIES]: Registry minecraft:worldgen/foliage_placer_type Sync: ACTIVE -> FROZEN
[25May2026 10:18:29.556] [Server thread/DEBUG] [net.minecraftforge.registries.ForgeRegistry/REGISTRIES]: Registry minecraft:worldgen/tree_decorator_type Sync: ACTIVE -> FROZEN
[25May2026 10:18:29.556] [Server thread/DEBUG] [net.minecraftforge.registries.ForgeRegistry/REGISTRIES]: Registry minecraft:worldgen/biome Sync: ACTIVE -> FROZEN
[25May2026 10:18:29.556] [Server thread/DEBUG] [net.minecraftforge.registries.ForgeRegistry/REGISTRIES]: Registry forge:entity_data_serializers Sync: ACTIVE -> FROZEN
[25May2026 10:18:29.556] [Server thread/DEBUG] [net.minecraftforge.registries.ForgeRegistry/REGISTRIES]: Registry forge:global_loot_modifier_serializers Sync: ACTIVE -> FROZEN
[25May2026 10:18:29.556] [Server thread/DEBUG] [net.minecraftforge.registries.ForgeRegistry/REGISTRIES]: Registry forge:biome_modifier_serializers Sync: ACTIVE -> FROZEN
[25May2026 10:18:29.556] [Server thread/DEBUG] [net.minecraftforge.registries.ForgeRegistry/REGISTRIES]: Registry forge:fluid_type Sync: ACTIVE -> FROZEN
[25May2026 10:18:29.557] [Server thread/DEBUG] [net.minecraftforge.registries.ForgeRegistry/REGISTRIES]: Registry forge:structure_modifier_serializers Sync: ACTIVE -> FROZEN
[25May2026 10:18:29.557] [Server thread/DEBUG] [net.minecraftforge.registries.ForgeRegistry/REGISTRIES]: Registry forge:holder_set_type Sync: ACTIVE -> FROZEN
[25May2026 10:18:29.557] [Server thread/DEBUG] [net.minecraftforge.registries.ForgeRegistry/REGISTRIES]: Registry forge:display_contexts Sync: ACTIVE -> FROZEN
[25May2026 10:18:29.792] [Server thread/DEBUG] [net.minecraftforge.registries.ObjectHolderRegistry/REGISTRIES]: Applying holder lookups
[25May2026 10:18:29.794] [Server thread/DEBUG] [net.minecraftforge.registries.ObjectHolderRegistry/REGISTRIES]: Holder lookups applied
[25May2026 10:18:29.794] [Server thread/DEBUG] [net.minecraftforge.registries.GameData/REGISTRIES]: FROZEN state restored.
[25May2026 10:18:29.794] [Server thread/DEBUG] [net.minecraftforge.fml.config.ConfigTracker/CONFIG]: Unloading configs type SERVER
[25May2026 10:18:30.362] [Render thread/INFO] [net.minecraft.client.Minecraft/]: Stopping!
